\BOOKMARK [0][-]{chapter*.1}{\376\377\000P\000r\000e\000f\000a\000c\000e}{}% 1
\BOOKMARK [-1][-]{part.1}{\376\377\000I\000\040\000F\000o\000u\000n\000d\000a\000t\000i\000o\000n\000s\000\040\000\046\000\040\000M\000i\000n\000d\000s\000e\000t}{}% 2
\BOOKMARK [0][-]{chapter.1}{\376\377\000W\000h\000a\000t\000\040\000i\000s\000\040\000C\000o\000n\000t\000r\000o\000l\000?}{part.1}% 3
\BOOKMARK [1][-]{section.1.1}{\376\377\000H\000i\000s\000t\000o\000r\000i\000c\000a\000l\000\040\000M\000o\000t\000i\000v\000a\000t\000i\000o\000n\000:\000\040\000T\000h\000e\000\040\000B\000i\000r\000t\000h\000\040\000o\000f\000\040\000A\000u\000t\000o\000m\000a\000t\000i\000c\000\040\000C\000o\000n\000t\000r\000o\000l}{chapter.1}% 4
\BOOKMARK [2][-]{subsection.1.1.1}{\376\377\000T\000h\000e\000\040\000K\000t\000e\000s\000i\000b\000i\000o\000s\000\040\000W\000a\000t\000e\000r\000\040\000C\000l\000o\000c\000k\000\040\000\050\000c\000.\000\040\0002\0007\0000\000\040\000B\000C\000\051}{section.1.1}% 5
\BOOKMARK [2][-]{subsection.1.1.2}{\376\377\000C\000o\000r\000n\000e\000l\000i\000s\000\040\000D\000r\000e\000b\000b\000e\000l\000'\000s\000\040\000T\000h\000e\000r\000m\000o\000s\000t\000a\000t\000\040\000\050\000c\000.\000\040\0001\0006\0002\0000\000\051}{section.1.1}% 6
\BOOKMARK [2][-]{subsection.1.1.3}{\376\377\000J\000a\000m\000e\000s\000\040\000W\000a\000t\000t\000'\000s\000\040\000C\000e\000n\000t\000r\000i\000f\000u\000g\000a\000l\000\040\000G\000o\000v\000e\000r\000n\000o\000r\000\040\000\050\0001\0007\0008\0008\000\051}{section.1.1}% 7
\BOOKMARK [1][-]{section.1.2}{\376\377\000M\000o\000d\000e\000r\000n\000\040\000A\000p\000p\000l\000i\000c\000a\000t\000i\000o\000n\000s\000:\000\040\000O\000p\000e\000n\000-\000L\000o\000o\000p\000\040\000v\000s\000.\000\040\000C\000l\000o\000s\000e\000d\000-\000L\000o\000o\000p\000\040\000S\000y\000s\000t\000e\000m\000s}{chapter.1}% 8
\BOOKMARK [2][-]{subsection.1.2.1}{\376\377\000O\000p\000e\000n\000-\000L\000o\000o\000p\000\040\000C\000o\000n\000t\000r\000o\000l\000\040\000S\000y\000s\000t\000e\000m\000s}{section.1.2}% 9
\BOOKMARK [2][-]{subsection.1.2.2}{\376\377\000C\000l\000o\000s\000e\000d\000-\000L\000o\000o\000p\000\040\000C\000o\000n\000t\000r\000o\000l\000\040\000S\000y\000s\000t\000e\000m\000s}{section.1.2}% 10
\BOOKMARK [1][-]{section.1.3}{\376\377\000M\000a\000t\000h\000e\000m\000a\000t\000i\000c\000a\000l\000\040\000F\000o\000u\000n\000d\000a\000t\000i\000o\000n\000s}{chapter.1}% 11
\BOOKMARK [2][-]{subsection.1.3.1}{\376\377\000S\000y\000s\000t\000e\000m\000\040\000D\000e\000f\000i\000n\000i\000t\000i\000o\000n\000s\000\040\000a\000n\000d\000\040\000N\000o\000t\000a\000t\000i\000o\000n}{section.1.3}% 12
\BOOKMARK [2][-]{subsection.1.3.2}{\376\377\000B\000l\000o\000c\000k\000\040\000D\000i\000a\000g\000r\000a\000m\000\040\000R\000e\000p\000r\000e\000s\000e\000n\000t\000a\000t\000i\000o\000n}{section.1.3}% 13
\BOOKMARK [2][-]{subsection.1.3.3}{\376\377\000O\000p\000e\000n\000-\000L\000o\000o\000p\000\040\000C\000o\000n\000t\000r\000o\000l\000\040\000A\000n\000a\000l\000y\000s\000i\000s}{section.1.3}% 14
\BOOKMARK [2][-]{subsection.1.3.4}{\376\377\000C\000l\000o\000s\000e\000d\000-\000L\000o\000o\000p\000\040\000C\000o\000n\000t\000r\000o\000l\000\040\000A\000n\000a\000l\000y\000s\000i\000s}{section.1.3}% 15
\BOOKMARK [2][-]{subsection.1.3.5}{\376\377\000W\000h\000y\000\040\000F\000e\000e\000d\000b\000a\000c\000k\000\040\000R\000e\000d\000u\000c\000e\000s\000\040\000S\000e\000n\000s\000i\000t\000i\000v\000i\000t\000y}{section.1.3}% 16
\BOOKMARK [2][-]{subsection.1.3.6}{\376\377\000S\000t\000e\000a\000d\000y\000-\000S\000t\000a\000t\000e\000\040\000E\000r\000r\000o\000r\000\040\000A\000n\000a\000l\000y\000s\000i\000s}{section.1.3}% 17
\BOOKMARK [1][-]{section.1.4}{\376\377\000P\000r\000a\000c\000t\000i\000c\000a\000l\000\040\000L\000a\000b\000o\000r\000a\000t\000o\000r\000y\000:\000\040\000D\000C\000\040\000M\000o\000t\000o\000r\000\040\000P\000o\000s\000i\000t\000i\000o\000n\000\040\000C\000o\000n\000t\000r\000o\000l}{chapter.1}% 18
\BOOKMARK [2][-]{subsection.1.4.1}{\376\377\000L\000e\000a\000r\000n\000i\000n\000g\000\040\000O\000b\000j\000e\000c\000t\000i\000v\000e\000s}{section.1.4}% 19
\BOOKMARK [2][-]{subsection.1.4.2}{\376\377\000R\000e\000q\000u\000i\000r\000e\000d\000\040\000C\000o\000m\000p\000o\000n\000e\000n\000t\000s}{section.1.4}% 20
\BOOKMARK [2][-]{subsection.1.4.3}{\376\377\000W\000i\000r\000i\000n\000g\000\040\000C\000o\000n\000f\000i\000g\000u\000r\000a\000t\000i\000o\000n}{section.1.4}% 21
\BOOKMARK [2][-]{subsection.1.4.4}{\376\377\000S\000o\000f\000t\000w\000a\000r\000e\000\040\000I\000m\000p\000l\000e\000m\000e\000n\000t\000a\000t\000i\000o\000n}{section.1.4}% 22
\BOOKMARK [2][-]{subsection.1.4.5}{\376\377\000E\000x\000p\000e\000r\000i\000m\000e\000n\000t\000a\000l\000\040\000P\000r\000o\000c\000e\000d\000u\000r\000e}{section.1.4}% 23
\BOOKMARK [2][-]{subsection.1.4.6}{\376\377\000D\000a\000t\000a\000\040\000C\000o\000l\000l\000e\000c\000t\000i\000o\000n\000\040\000a\000n\000d\000\040\000A\000n\000a\000l\000y\000s\000i\000s}{section.1.4}% 24
\BOOKMARK [1][-]{section.1.5}{\376\377\000W\000o\000r\000k\000e\000d\000\040\000E\000x\000a\000m\000p\000l\000e\000s}{chapter.1}% 25
\BOOKMARK [1][-]{section.1.6}{\376\377\000F\000i\000g\000u\000r\000e\000s\000\040\000f\000o\000r\000\040\000T\000i\000k\000Z\000\040\000I\000m\000p\000l\000e\000m\000e\000n\000t\000a\000t\000i\000o\000n}{chapter.1}% 26
\BOOKMARK [2][-]{subsection.1.6.1}{\376\377\000F\000i\000g\000u\000r\000e\000:\000\040\000W\000a\000t\000t\000\040\000C\000e\000n\000t\000r\000i\000f\000u\000g\000a\000l\000\040\000G\000o\000v\000e\000r\000n\000o\000r}{section.1.6}% 27
\BOOKMARK [2][-]{subsection.1.6.2}{\376\377\000F\000i\000g\000u\000r\000e\000:\000\040\000L\000a\000b\000o\000r\000a\000t\000o\000r\000y\000\040\000S\000e\000t\000u\000p}{section.1.6}% 28
\BOOKMARK [1][-]{section.1.7}{\376\377\000C\000h\000a\000p\000t\000e\000r\000\040\000S\000u\000m\000m\000a\000r\000y}{chapter.1}% 29
\BOOKMARK [1][-]{section.1.8}{\376\377\000E\000x\000e\000r\000c\000i\000s\000e\000s}{chapter.1}% 30
\BOOKMARK [0][-]{chapter.2}{\376\377\000M\000o\000d\000e\000l\000i\000n\000g\000\040\000P\000h\000y\000s\000i\000c\000a\000l\000\040\000S\000y\000s\000t\000e\000m\000s}{part.1}% 31
\BOOKMARK [1][-]{section.2.1}{\376\377\000H\000i\000s\000t\000o\000r\000i\000c\000a\000l\000\040\000M\000o\000t\000i\000v\000a\000t\000i\000o\000n\000:\000\040\000T\000h\000e\000\040\000N\000e\000e\000d\000\040\000t\000o\000\040\000P\000r\000e\000d\000i\000c\000t\000\040\000B\000e\000f\000o\000r\000e\000\040\000B\000u\000i\000l\000d\000i\000n\000g}{chapter.2}% 32
\BOOKMARK [2][-]{subsection.2.1.1}{\376\377\000N\000e\000w\000t\000o\000n\000'\000s\000\040\000L\000a\000w\000s\000\040\000o\000f\000\040\000M\000o\000t\000i\000o\000n\000\040\000\050\0001\0006\0008\0007\000\051\000:\000\040\000T\000h\000e\000\040\000B\000i\000r\000t\000h\000\040\000o\000f\000\040\000M\000a\000t\000h\000e\000m\000a\000t\000i\000c\000a\000l\000\040\000P\000h\000y\000s\000i\000c\000s}{section.2.1}% 33
\BOOKMARK [2][-]{subsection.2.1.2}{\376\377\000K\000i\000r\000c\000h\000h\000o\000f\000f\000'\000s\000\040\000C\000i\000r\000c\000u\000i\000t\000\040\000L\000a\000w\000s\000\040\000\050\0001\0008\0004\0005\000\051\000:\000\040\000E\000x\000t\000e\000n\000d\000i\000n\000g\000\040\000M\000o\000d\000e\000l\000s\000\040\000t\000o\000\040\000E\000l\000e\000c\000t\000r\000i\000c\000i\000t\000y}{section.2.1}% 34
\BOOKMARK [2][-]{subsection.2.1.3}{\376\377\000L\000o\000r\000d\000\040\000K\000e\000l\000v\000i\000n\000'\000s\000\040\000M\000e\000c\000h\000a\000n\000i\000c\000a\000l\000\040\000A\000n\000a\000l\000o\000g\000\040\000C\000o\000m\000p\000u\000t\000e\000r\000s\000\040\000\050\0001\0008\0007\0000\000s\000\051}{section.2.1}% 35
\BOOKMARK [2][-]{subsection.2.1.4}{\376\377\000H\000e\000a\000v\000i\000s\000i\000d\000e\000'\000s\000\040\000O\000p\000e\000r\000a\000t\000i\000o\000n\000a\000l\000\040\000C\000a\000l\000c\000u\000l\000u\000s\000\040\000\050\0001\0008\0008\0000\000s\000-\0001\0008\0009\0000\000s\000\051}{section.2.1}% 36
\BOOKMARK [2][-]{subsection.2.1.5}{\376\377\000T\000h\000e\000\040\000C\000o\000s\000t\000\040\000o\000f\000\040\000N\000o\000t\000\040\000M\000o\000d\000e\000l\000i\000n\000g\000:\000\040\000E\000n\000g\000i\000n\000e\000e\000r\000i\000n\000g\000\040\000D\000i\000s\000a\000s\000t\000e\000r\000s}{section.2.1}% 37
\BOOKMARK [2][-]{subsection.2.1.6}{\376\377\000T\000h\000e\000\040\000E\000v\000o\000l\000u\000t\000i\000o\000n\000\040\000t\000o\000\040\000D\000i\000g\000i\000t\000a\000l\000\040\000S\000i\000m\000u\000l\000a\000t\000i\000o\000n}{section.2.1}% 38
\BOOKMARK [1][-]{section.2.2}{\376\377\000M\000o\000d\000e\000r\000n\000\040\000A\000p\000p\000l\000i\000c\000a\000t\000i\000o\000n\000s\000\040\000o\000f\000\040\000P\000h\000y\000s\000i\000c\000a\000l\000\040\000S\000y\000s\000t\000e\000m\000\040\000M\000o\000d\000e\000l\000s}{chapter.2}% 39
\BOOKMARK [2][-]{subsection.2.2.1}{\376\377\000D\000i\000g\000i\000t\000a\000l\000\040\000T\000w\000i\000n\000s\000\040\000i\000n\000\040\000M\000a\000n\000u\000f\000a\000c\000t\000u\000r\000i\000n\000g}{section.2.2}% 40
\BOOKMARK [2][-]{subsection.2.2.2}{\376\377\000V\000e\000h\000i\000c\000l\000e\000\040\000D\000y\000n\000a\000m\000i\000c\000s\000\040\000S\000i\000m\000u\000l\000a\000t\000i\000o\000n}{section.2.2}% 41
\BOOKMARK [2][-]{subsection.2.2.3}{\376\377\000H\000V\000A\000C\000\040\000S\000y\000s\000t\000e\000m\000\040\000M\000o\000d\000e\000l\000i\000n\000g}{section.2.2}% 42
\BOOKMARK [2][-]{subsection.2.2.4}{\376\377\000P\000h\000a\000r\000m\000a\000c\000o\000k\000i\000n\000e\000t\000i\000c\000s\000:\000\040\000M\000o\000d\000e\000l\000i\000n\000g\000\040\000D\000r\000u\000g\000\040\000D\000y\000n\000a\000m\000i\000c\000s\000\040\000i\000n\000\040\000t\000h\000e\000\040\000B\000o\000d\000y}{section.2.2}% 43
\BOOKMARK [1][-]{section.2.3}{\376\377\000M\000a\000t\000h\000e\000m\000a\000t\000i\000c\000a\000l\000\040\000F\000o\000u\000n\000d\000a\000t\000i\000o\000n\000:\000\040\000D\000e\000r\000i\000v\000i\000n\000g\000\040\000D\000i\000f\000f\000e\000r\000e\000n\000t\000i\000a\000l\000\040\000E\000q\000u\000a\000t\000i\000o\000n\000s\000\040\000f\000r\000o\000m\000\040\000P\000h\000y\000s\000i\000c\000s}{chapter.2}% 44
\BOOKMARK [2][-]{subsection.2.3.1}{\376\377\000N\000e\000w\000t\000o\000n\000'\000s\000\040\000S\000e\000c\000o\000n\000d\000\040\000L\000a\000w\000:\000\040\000T\000h\000e\000\040\000F\000o\000u\000n\000d\000a\000t\000i\000o\000n\000\040\000o\000f\000\040\000M\000e\000c\000h\000a\000n\000i\000c\000a\000l\000\040\000S\000y\000s\000t\000e\000m\000s}{section.2.3}% 45
\BOOKMARK [2][-]{subsection.2.3.2}{\376\377\000E\000l\000e\000c\000t\000r\000i\000c\000a\000l\000\040\000S\000y\000s\000t\000e\000m\000s\000:\000\040\000R\000L\000C\000\040\000C\000i\000r\000c\000u\000i\000t\000s\000\040\000f\000r\000o\000m\000\040\000K\000i\000r\000c\000h\000h\000o\000f\000f\000'\000s\000\040\000L\000a\000w\000s}{section.2.3}% 46
\BOOKMARK [2][-]{subsection.2.3.3}{\376\377\000T\000h\000e\000r\000m\000a\000l\000\040\000S\000y\000s\000t\000e\000m\000s\000:\000\040\000H\000e\000a\000t\000\040\000F\000l\000o\000w\000\040\000a\000n\000d\000\040\000R\000C\000\040\000A\000n\000a\000l\000o\000g\000s}{section.2.3}% 47
\BOOKMARK [2][-]{subsection.2.3.4}{\376\377\000R\000o\000t\000a\000t\000i\000o\000n\000a\000l\000\040\000S\000y\000s\000t\000e\000m\000s}{section.2.3}% 48
\BOOKMARK [2][-]{subsection.2.3.5}{\376\377\000L\000a\000g\000r\000a\000n\000g\000i\000a\000n\000\040\000M\000e\000c\000h\000a\000n\000i\000c\000s\000:\000\040\000A\000n\000\040\000E\000n\000e\000r\000g\000y\000-\000B\000a\000s\000e\000d\000\040\000A\000l\000t\000e\000r\000n\000a\000t\000i\000v\000e}{section.2.3}% 49
\BOOKMARK [2][-]{subsection.2.3.6}{\376\377\000S\000y\000s\000t\000e\000m\000\040\000O\000r\000d\000e\000r\000\040\000a\000n\000d\000\040\000S\000t\000a\000t\000e\000\040\000V\000a\000r\000i\000a\000b\000l\000e\000s}{section.2.3}% 50
\BOOKMARK [1][-]{section.2.4}{\376\377\000P\000r\000a\000c\000t\000i\000c\000a\000l\000\040\000E\000x\000p\000e\000r\000i\000m\000e\000n\000t\000:\000\040\000B\000u\000i\000l\000d\000i\000n\000g\000\040\000a\000n\000d\000\040\000C\000h\000a\000r\000a\000c\000t\000e\000r\000i\000z\000i\000n\000g\000\040\000a\000\040\000M\000a\000s\000s\000-\000S\000p\000r\000i\000n\000g\000-\000D\000a\000m\000p\000e\000r\000\040\000S\000y\000s\000t\000e\000m}{chapter.2}% 51
\BOOKMARK [2][-]{subsection.2.4.1}{\376\377\000A\000p\000p\000a\000r\000a\000t\000u\000s\000\040\000D\000e\000s\000i\000g\000n\000\040\000a\000n\000d\000\040\000C\000o\000n\000s\000t\000r\000u\000c\000t\000i\000o\000n}{section.2.4}% 52
\BOOKMARK [2][-]{subsection.2.4.2}{\376\377\000M\000e\000a\000s\000u\000r\000e\000m\000e\000n\000t\000\040\000P\000r\000o\000c\000e\000d\000u\000r\000e}{section.2.4}% 53
\BOOKMARK [2][-]{subsection.2.4.3}{\376\377\000D\000a\000t\000a\000\040\000A\000n\000a\000l\000y\000s\000i\000s\000\040\000a\000n\000d\000\040\000P\000a\000r\000a\000m\000e\000t\000e\000r\000\040\000E\000x\000t\000r\000a\000c\000t\000i\000o\000n}{section.2.4}% 54
\BOOKMARK [2][-]{subsection.2.4.4}{\376\377\000C\000o\000m\000p\000a\000r\000i\000n\000g\000\040\000T\000h\000e\000o\000r\000y\000\040\000a\000n\000d\000\040\000E\000x\000p\000e\000r\000i\000m\000e\000n\000t}{section.2.4}% 55
\BOOKMARK [2][-]{subsection.2.4.5}{\376\377\000S\000o\000u\000r\000c\000e\000s\000\040\000o\000f\000\040\000E\000r\000r\000o\000r\000\040\000a\000n\000d\000\040\000I\000m\000p\000r\000o\000v\000e\000m\000e\000n\000t\000s}{section.2.4}% 56
\BOOKMARK [1][-]{section.2.5}{\376\377\000W\000o\000r\000k\000e\000d\000\040\000E\000x\000a\000m\000p\000l\000e\000s}{chapter.2}% 57
\BOOKMARK [2][-]{subsection.2.5.1}{\376\377\000E\000x\000a\000m\000p\000l\000e\000\040\0001\000:\000\040\000S\000i\000m\000p\000l\000e\000\040\000P\000e\000n\000d\000u\000l\000u\000m}{section.2.5}% 58
\BOOKMARK [2][-]{subsection.2.5.2}{\376\377\000E\000x\000a\000m\000p\000l\000e\000\040\0002\000:\000\040\000D\000C\000\040\000M\000o\000t\000o\000r\000\040\000M\000o\000d\000e\000l}{section.2.5}% 59
\BOOKMARK [2][-]{subsection.2.5.3}{\376\377\000E\000x\000a\000m\000p\000l\000e\000\040\0003\000:\000\040\000F\000i\000n\000d\000i\000n\000g\000\040\000N\000a\000t\000u\000r\000a\000l\000\040\000F\000r\000e\000q\000u\000e\000n\000c\000y\000\040\000a\000n\000d\000\040\000D\000a\000m\000p\000i\000n\000g\000\040\000R\000a\000t\000i\000o}{section.2.5}% 60
\BOOKMARK [2][-]{subsection.2.5.4}{\376\377\000E\000x\000a\000m\000p\000l\000e\000\040\0004\000:\000\040\000F\000l\000u\000i\000d\000\040\000T\000a\000n\000k\000\040\000L\000e\000v\000e\000l\000\040\000C\000o\000n\000t\000r\000o\000l}{section.2.5}% 61
\BOOKMARK [2][-]{subsection.2.5.5}{\376\377\000E\000x\000a\000m\000p\000l\000e\000\040\0005\000:\000\040\000C\000o\000u\000p\000l\000e\000d\000\040\000M\000a\000s\000s\000-\000S\000p\000r\000i\000n\000g\000\040\000S\000y\000s\000t\000e\000m}{section.2.5}% 62
\BOOKMARK [1][-]{section.2.6}{\376\377\000C\000h\000a\000p\000t\000e\000r\000\040\000S\000u\000m\000m\000a\000r\000y}{chapter.2}% 63
\BOOKMARK [1][-]{section.2.7}{\376\377\000E\000x\000e\000r\000c\000i\000s\000e\000s}{chapter.2}% 64
\BOOKMARK [1][-]{section.2.8}{\376\377\000F\000u\000r\000t\000h\000e\000r\000\040\000R\000e\000a\000d\000i\000n\000g}{chapter.2}% 65
\BOOKMARK [0][-]{chapter.3}{\376\377\000T\000r\000a\000n\000s\000f\000e\000r\000\040\000F\000u\000n\000c\000t\000i\000o\000n\000s\000\040\000a\000n\000d\000\040\000B\000l\000o\000c\000k\000\040\000D\000i\000a\000g\000r\000a\000m\000s}{part.1}% 66
\BOOKMARK [1][-]{section.3.1}{\376\377\000H\000i\000s\000t\000o\000r\000i\000c\000a\000l\000\040\000M\000o\000t\000i\000v\000a\000t\000i\000o\000n\000:\000\040\000F\000r\000o\000m\000\040\000T\000e\000l\000e\000g\000r\000a\000p\000h\000\040\000C\000a\000b\000l\000e\000s\000\040\000t\000o\000\040\000M\000o\000d\000e\000r\000n\000\040\000C\000o\000n\000t\000r\000o\000l}{chapter.3}% 67
\BOOKMARK [2][-]{subsection.3.1.1}{\376\377\000T\000h\000e\000\040\000T\000r\000a\000n\000s\000a\000t\000l\000a\000n\000t\000i\000c\000\040\000C\000a\000b\000l\000e\000\040\000P\000r\000o\000b\000l\000e\000m}{section.3.1}% 68
\BOOKMARK [2][-]{subsection.3.1.2}{\376\377\000O\000l\000i\000v\000e\000r\000\040\000H\000e\000a\000v\000i\000s\000i\000d\000e\000\040\000a\000n\000d\000\040\000O\000p\000e\000r\000a\000t\000i\000o\000n\000a\000l\000\040\000C\000a\000l\000c\000u\000l\000u\000s}{section.3.1}% 69
\BOOKMARK [2][-]{subsection.3.1.3}{\376\377\000T\000h\000e\000\040\000E\000a\000r\000l\000i\000e\000r\000\040\000M\000a\000t\000h\000e\000m\000a\000t\000i\000c\000a\000l\000\040\000F\000o\000u\000n\000d\000a\000t\000i\000o\000n\000s}{section.3.1}% 70
\BOOKMARK [2][-]{subsection.3.1.4}{\376\377\000T\000h\000e\000\040\000T\000e\000l\000e\000p\000h\000o\000n\000e\000\040\000E\000r\000a\000:\000\040\000S\000y\000s\000t\000e\000m\000a\000t\000i\000z\000i\000n\000g\000\040\000T\000r\000a\000n\000s\000f\000e\000r\000\040\000F\000u\000n\000c\000t\000i\000o\000n\000s}{section.3.1}% 71
\BOOKMARK [2][-]{subsection.3.1.5}{\376\377\000T\000h\000e\000\040\000P\000o\000w\000e\000r\000\040\000o\000f\000\040\000A\000b\000s\000t\000r\000a\000c\000t\000i\000o\000n}{section.3.1}% 72
\BOOKMARK [1][-]{section.3.2}{\376\377\000M\000o\000d\000e\000r\000n\000\040\000A\000p\000p\000l\000i\000c\000a\000t\000i\000o\000n\000s}{chapter.3}% 73
\BOOKMARK [2][-]{subsection.3.2.1}{\376\377\000A\000u\000d\000i\000o\000\040\000P\000r\000o\000c\000e\000s\000s\000i\000n\000g\000\040\000a\000n\000d\000\040\000E\000q\000u\000a\000l\000i\000z\000a\000t\000i\000o\000n}{section.3.2}% 74
\BOOKMARK [2][-]{subsection.3.2.2}{\376\377\000C\000o\000m\000m\000u\000n\000i\000c\000a\000t\000i\000o\000n\000\040\000S\000y\000s\000t\000e\000m\000s}{section.3.2}% 75
\BOOKMARK [2][-]{subsection.3.2.3}{\376\377\000M\000e\000c\000h\000a\000n\000i\000c\000a\000l\000\040\000V\000i\000b\000r\000a\000t\000i\000o\000n\000\040\000A\000n\000a\000l\000y\000s\000i\000s}{section.3.2}% 76
\BOOKMARK [2][-]{subsection.3.2.4}{\376\377\000C\000o\000n\000t\000r\000o\000l\000\040\000S\000y\000s\000t\000e\000m\000\040\000D\000e\000s\000i\000g\000n\000\040\000S\000o\000f\000t\000w\000a\000r\000e}{section.3.2}% 77
\BOOKMARK [1][-]{section.3.3}{\376\377\000M\000a\000t\000h\000e\000m\000a\000t\000i\000c\000a\000l\000\040\000F\000o\000u\000n\000d\000a\000t\000i\000o\000n}{chapter.3}% 78
\BOOKMARK [2][-]{subsection.3.3.1}{\376\377\000T\000h\000e\000\040\000L\000a\000p\000l\000a\000c\000e\000\040\000T\000r\000a\000n\000s\000f\000o\000r\000m}{section.3.3}% 79
\BOOKMARK [2][-]{subsection.3.3.2}{\376\377\000K\000e\000y\000\040\000L\000a\000p\000l\000a\000c\000e\000\040\000T\000r\000a\000n\000s\000f\000o\000r\000m\000\040\000P\000a\000i\000r\000s}{section.3.3}% 80
\BOOKMARK [2][-]{subsection.3.3.3}{\376\377\000E\000s\000s\000e\000n\000t\000i\000a\000l\000\040\000T\000r\000a\000n\000s\000f\000o\000r\000m\000\040\000P\000r\000o\000p\000e\000r\000t\000i\000e\000s}{section.3.3}% 81
\BOOKMARK [2][-]{subsection.3.3.4}{\376\377\000T\000h\000e\000\040\000T\000r\000a\000n\000s\000f\000e\000r\000\040\000F\000u\000n\000c\000t\000i\000o\000n}{section.3.3}% 82
\BOOKMARK [2][-]{subsection.3.3.5}{\376\377\000D\000e\000r\000i\000v\000a\000t\000i\000o\000n\000:\000\040\000M\000a\000s\000s\000-\000S\000p\000r\000i\000n\000g\000-\000D\000a\000m\000p\000e\000r\000\040\000S\000y\000s\000t\000e\000m}{section.3.3}% 83
\BOOKMARK [2][-]{subsection.3.3.6}{\376\377\000P\000o\000l\000e\000s\000\040\000a\000n\000d\000\040\000Z\000e\000r\000o\000s}{section.3.3}% 84
\BOOKMARK [2][-]{subsection.3.3.7}{\376\377\000B\000l\000o\000c\000k\000\040\000D\000i\000a\000g\000r\000a\000m\000\040\000A\000l\000g\000e\000b\000r\000a}{section.3.3}% 85
\BOOKMARK [2][-]{subsection.3.3.8}{\376\377\000M\000a\000s\000o\000n\000'\000s\000\040\000G\000a\000i\000n\000\040\000F\000o\000r\000m\000u\000l\000a\000\040\000\050\000S\000i\000m\000p\000l\000i\000f\000i\000e\000d\000\051}{section.3.3}% 86
\BOOKMARK [1][-]{section.3.4}{\376\377\000P\000r\000a\000c\000t\000i\000c\000a\000l\000\040\000E\000x\000p\000e\000r\000i\000m\000e\000n\000t\000:\000\040\000R\000C\000\040\000L\000o\000w\000-\000P\000a\000s\000s\000\040\000F\000i\000l\000t\000e\000r}{chapter.3}% 87
\BOOKMARK [2][-]{subsection.3.4.1}{\376\377\000T\000h\000e\000o\000r\000y\000\040\000a\000n\000d\000\040\000T\000r\000a\000n\000s\000f\000e\000r\000\040\000F\000u\000n\000c\000t\000i\000o\000n\000\040\000D\000e\000r\000i\000v\000a\000t\000i\000o\000n}{section.3.4}% 88
\BOOKMARK [2][-]{subsection.3.4.2}{\376\377\000H\000a\000r\000d\000w\000a\000r\000e\000\040\000I\000m\000p\000l\000e\000m\000e\000n\000t\000a\000t\000i\000o\000n}{section.3.4}% 89
\BOOKMARK [2][-]{subsection.3.4.3}{\376\377\000E\000x\000p\000e\000c\000t\000e\000d\000\040\000R\000e\000s\000u\000l\000t\000s\000\040\000a\000n\000d\000\040\000A\000n\000a\000l\000y\000s\000i\000s}{section.3.4}% 90
\BOOKMARK [2][-]{subsection.3.4.4}{\376\377\000A\000l\000t\000e\000r\000n\000a\000t\000i\000v\000e\000:\000\040\000C\000o\000m\000p\000u\000t\000a\000t\000i\000o\000n\000a\000l\000\040\000S\000i\000m\000u\000l\000a\000t\000i\000o\000n}{section.3.4}% 91
\BOOKMARK [1][-]{section.3.5}{\376\377\000E\000x\000a\000m\000p\000l\000e\000\040\000P\000r\000o\000b\000l\000e\000m\000s}{chapter.3}% 92
\BOOKMARK [1][-]{section.3.6}{\376\377\000S\000u\000m\000m\000a\000r\000y}{chapter.3}% 93
\BOOKMARK [1][-]{section.3.7}{\376\377\000E\000x\000e\000r\000c\000i\000s\000e\000s}{chapter.3}% 94
\BOOKMARK [1][-]{section*.85}{\376\377\000C\000h\000a\000p\000t\000e\000r\000\040\000O\000v\000e\000r\000v\000i\000e\000w}{chapter.3}% 95
\BOOKMARK [1][-]{section.3.8}{\376\377\000H\000i\000s\000t\000o\000r\000i\000c\000a\000l\000\040\000D\000e\000v\000e\000l\000o\000p\000m\000e\000n\000t\000\040\000a\000n\000d\000\040\000M\000o\000t\000i\000v\000a\000t\000i\000o\000n}{chapter.3}% 96
\BOOKMARK [2][-]{subsection.3.8.1}{\376\377\000T\000h\000e\000\040\000L\000i\000m\000i\000t\000a\000t\000i\000o\000n\000s\000\040\000o\000f\000\040\000C\000l\000a\000s\000s\000i\000c\000a\000l\000\040\000C\000o\000n\000t\000r\000o\000l}{section.3.8}% 97
\BOOKMARK [2][-]{subsection.3.8.2}{\376\377\000R\000u\000d\000o\000l\000f\000\040\000K\000a\000l\000m\000a\000n\000\040\000a\000n\000d\000\040\000t\000h\000e\000\040\000S\000t\000a\000t\000e\000-\000S\000p\000a\000c\000e\000\040\000R\000e\000v\000o\000l\000u\000t\000i\000o\000n}{section.3.8}% 98
\BOOKMARK [2][-]{subsection.3.8.3}{\376\377\000T\000h\000e\000\040\000S\000p\000a\000c\000e\000\040\000R\000a\000c\000e\000\040\000I\000m\000p\000e\000r\000a\000t\000i\000v\000e}{section.3.8}% 99
\BOOKMARK [2][-]{subsection.3.8.4}{\376\377\000P\000a\000r\000a\000l\000l\000e\000l\000\040\000S\000o\000v\000i\000e\000t\000\040\000D\000e\000v\000e\000l\000o\000p\000m\000e\000n\000t\000s}{section.3.8}% 100
\BOOKMARK [2][-]{subsection.3.8.5}{\376\377\000C\000o\000n\000n\000e\000c\000t\000i\000o\000n\000s\000\040\000t\000o\000\040\000C\000l\000a\000s\000s\000i\000c\000a\000l\000\040\000P\000h\000y\000s\000i\000c\000s}{section.3.8}% 101
\BOOKMARK [1][-]{section.3.9}{\376\377\000M\000o\000d\000e\000r\000n\000\040\000A\000p\000p\000l\000i\000c\000a\000t\000i\000o\000n\000s}{chapter.3}% 102
\BOOKMARK [2][-]{subsection.3.9.1}{\376\377\000A\000e\000r\000o\000s\000p\000a\000c\000e\000\040\000G\000u\000i\000d\000a\000n\000c\000e\000\040\000a\000n\000d\000\040\000N\000a\000v\000i\000g\000a\000t\000i\000o\000n}{section.3.9}% 103
\BOOKMARK [2][-]{subsection.3.9.2}{\376\377\000R\000o\000b\000o\000t\000i\000c\000\040\000M\000a\000n\000i\000p\000u\000l\000a\000t\000i\000o\000n}{section.3.9}% 104
\BOOKMARK [2][-]{subsection.3.9.3}{\376\377\000E\000c\000o\000n\000o\000m\000i\000c\000\040\000a\000n\000d\000\040\000F\000i\000n\000a\000n\000c\000i\000a\000l\000\040\000M\000o\000d\000e\000l\000i\000n\000g}{section.3.9}% 105
\BOOKMARK [2][-]{subsection.3.9.4}{\376\377\000P\000o\000w\000e\000r\000\040\000G\000r\000i\000d\000\040\000S\000t\000a\000t\000e\000\040\000E\000s\000t\000i\000m\000a\000t\000i\000o\000n}{section.3.9}% 106
\BOOKMARK [1][-]{section.3.10}{\376\377\000M\000a\000t\000h\000e\000m\000a\000t\000i\000c\000a\000l\000\040\000F\000o\000u\000n\000d\000a\000t\000i\000o\000n}{chapter.3}% 107
\BOOKMARK [2][-]{subsection.3.10.1}{\376\377\000S\000t\000a\000t\000e\000\040\000V\000a\000r\000i\000a\000b\000l\000e\000\040\000D\000e\000f\000i\000n\000i\000t\000i\000o\000n}{section.3.10}% 108
\BOOKMARK [2][-]{subsection.3.10.2}{\376\377\000S\000t\000a\000n\000d\000a\000r\000d\000\040\000S\000t\000a\000t\000e\000-\000S\000p\000a\000c\000e\000\040\000F\000o\000r\000m}{section.3.10}% 109
\BOOKMARK [2][-]{subsection.3.10.3}{\376\377\000C\000o\000n\000v\000e\000r\000t\000i\000n\000g\000\040\000D\000i\000f\000f\000e\000r\000e\000n\000t\000i\000a\000l\000\040\000E\000q\000u\000a\000t\000i\000o\000n\000s\000\040\000t\000o\000\040\000S\000t\000a\000t\000e\000-\000S\000p\000a\000c\000e\000\040\000F\000o\000r\000m}{section.3.10}% 110
\BOOKMARK [2][-]{subsection.3.10.4}{\376\377\000E\000x\000a\000m\000p\000l\000e\000:\000\040\000M\000a\000s\000s\000-\000S\000p\000r\000i\000n\000g\000-\000D\000a\000m\000p\000e\000r\000\040\000S\000y\000s\000t\000e\000m}{section.3.10}% 111
\BOOKMARK [2][-]{subsection.3.10.5}{\376\377\000T\000r\000a\000n\000s\000f\000e\000r\000\040\000F\000u\000n\000c\000t\000i\000o\000n\000\040\000t\000o\000\040\000S\000t\000a\000t\000e\000-\000S\000p\000a\000c\000e\000\040\000C\000o\000n\000v\000e\000r\000s\000i\000o\000n}{section.3.10}% 112
\BOOKMARK [2][-]{subsection.3.10.6}{\376\377\000E\000i\000g\000e\000n\000v\000a\000l\000u\000e\000s\000\040\000a\000n\000d\000\040\000S\000y\000s\000t\000e\000m\000\040\000P\000o\000l\000e\000s}{section.3.10}% 113
\BOOKMARK [2][-]{subsection.3.10.7}{\376\377\000S\000t\000a\000t\000e\000\040\000T\000r\000a\000n\000s\000i\000t\000i\000o\000n\000\040\000M\000a\000t\000r\000i\000x}{section.3.10}% 114
\BOOKMARK [2][-]{subsection.3.10.8}{\376\377\000C\000o\000m\000p\000l\000e\000t\000e\000\040\000S\000o\000l\000u\000t\000i\000o\000n\000\040\000w\000i\000t\000h\000\040\000F\000o\000r\000c\000i\000n\000g}{section.3.10}% 115
\BOOKMARK [1][-]{section.3.11}{\376\377\000L\000a\000b\000o\000r\000a\000t\000o\000r\000y\000\040\000E\000x\000p\000e\000r\000i\000m\000e\000n\000t\000:\000\040\000T\000w\000o\000-\000M\000a\000s\000s\000\040\000S\000y\000s\000t\000e\000m}{chapter.3}% 116
\BOOKMARK [2][-]{subsection.3.11.1}{\376\377\000O\000b\000j\000e\000c\000t\000i\000v\000e}{section.3.11}% 117
\BOOKMARK [2][-]{subsection.3.11.2}{\376\377\000A\000p\000p\000a\000r\000a\000t\000u\000s}{section.3.11}% 118
\BOOKMARK [2][-]{subsection.3.11.3}{\376\377\000S\000y\000s\000t\000e\000m\000\040\000M\000o\000d\000e\000l\000i\000n\000g}{section.3.11}% 119
\BOOKMARK [2][-]{subsection.3.11.4}{\376\377\000T\000r\000a\000n\000s\000f\000e\000r\000\040\000F\000u\000n\000c\000t\000i\000o\000n\000\040\000C\000o\000m\000p\000a\000r\000i\000s\000o\000n}{section.3.11}% 120
\BOOKMARK [2][-]{subsection.3.11.5}{\376\377\000E\000x\000p\000e\000r\000i\000m\000e\000n\000t\000a\000l\000\040\000P\000r\000o\000c\000e\000d\000u\000r\000e}{section.3.11}% 121
\BOOKMARK [2][-]{subsection.3.11.6}{\376\377\000E\000x\000p\000e\000c\000t\000e\000d\000\040\000R\000e\000s\000u\000l\000t\000s}{section.3.11}% 122
\BOOKMARK [2][-]{subsection.3.11.7}{\376\377\000D\000i\000s\000c\000u\000s\000s\000i\000o\000n\000\040\000Q\000u\000e\000s\000t\000i\000o\000n\000s}{section.3.11}% 123
\BOOKMARK [1][-]{section.3.12}{\376\377\000W\000o\000r\000k\000e\000d\000\040\000E\000x\000a\000m\000p\000l\000e\000s}{chapter.3}% 124
\BOOKMARK [2][-]{subsection.3.12.1}{\376\377\000E\000x\000a\000m\000p\000l\000e\000\040\0001\000:\000\040\000C\000o\000n\000v\000e\000r\000t\000i\000n\000g\000\040\000a\000n\000\040\000O\000D\000E\000\040\000t\000o\000\040\000S\000t\000a\000t\000e\000-\000S\000p\000a\000c\000e\000\040\000F\000o\000r\000m}{section.3.12}% 125
\BOOKMARK [2][-]{subsection.3.12.2}{\376\377\000E\000x\000a\000m\000p\000l\000e\000\040\0002\000:\000\040\000S\000t\000a\000t\000e\000-\000S\000p\000a\000c\000e\000\040\000t\000o\000\040\000T\000r\000a\000n\000s\000f\000e\000r\000\040\000F\000u\000n\000c\000t\000i\000o\000n}{section.3.12}% 126
\BOOKMARK [2][-]{subsection.3.12.3}{\376\377\000E\000x\000a\000m\000p\000l\000e\000\040\0003\000:\000\040\000E\000i\000g\000e\000n\000v\000a\000l\000u\000e\000\040\000A\000n\000a\000l\000y\000s\000i\000s\000\040\000a\000n\000d\000\040\000S\000t\000a\000b\000i\000l\000i\000t\000y}{section.3.12}% 127
\BOOKMARK [2][-]{subsection.3.12.4}{\376\377\000E\000x\000a\000m\000p\000l\000e\000\040\0004\000:\000\040\000D\000C\000\040\000M\000o\000t\000o\000r\000\040\000S\000t\000a\000t\000e\000-\000S\000p\000a\000c\000e\000\040\000M\000o\000d\000e\000l}{section.3.12}% 128
\BOOKMARK [2][-]{subsection.3.12.5}{\376\377\000E\000x\000a\000m\000p\000l\000e\000\040\0005\000:\000\040\000D\000i\000f\000f\000e\000r\000e\000n\000t\000\040\000S\000t\000a\000t\000e\000\040\000V\000a\000r\000i\000a\000b\000l\000e\000\040\000C\000h\000o\000i\000c\000e\000s}{section.3.12}% 129
\BOOKMARK [1][-]{section.3.13}{\376\377\000C\000h\000a\000p\000t\000e\000r\000\040\000S\000u\000m\000m\000a\000r\000y}{chapter.3}% 130
\BOOKMARK [1][-]{section.3.14}{\376\377\000E\000x\000e\000r\000c\000i\000s\000e\000s}{chapter.3}% 131
\BOOKMARK [1][-]{section*.95}{\376\377\000F\000u\000r\000t\000h\000e\000r\000\040\000R\000e\000a\000d\000i\000n\000g}{chapter.3}% 132
\BOOKMARK [-1][-]{part.2}{\376\377\000I\000I\000\040\000S\000y\000s\000t\000e\000m\000\040\000B\000e\000h\000a\000v\000i\000o\000r}{}% 133
\BOOKMARK [0][-]{chapter.5}{\376\377\000F\000i\000r\000s\000t\000\040\000a\000n\000d\000\040\000S\000e\000c\000o\000n\000d\000\040\000O\000r\000d\000e\000r\000\040\000S\000y\000s\000t\000e\000m\000s}{part.2}% 134
\BOOKMARK [1][-]{section.5.1}{\376\377\000H\000i\000s\000t\000o\000r\000i\000c\000a\000l\000\040\000M\000o\000t\000i\000v\000a\000t\000i\000o\000n\000:\000\040\000T\000h\000e\000\040\000Q\000u\000e\000s\000t\000\040\000t\000o\000\040\000U\000n\000d\000e\000r\000s\000t\000a\000n\000d\000\040\000O\000s\000c\000i\000l\000l\000a\000t\000i\000o\000n}{chapter.5}% 135
\BOOKMARK [2][-]{subsection.5.1.1}{\376\377\000L\000o\000r\000d\000\040\000R\000a\000y\000l\000e\000i\000g\000h\000\040\000a\000n\000d\000\040\000t\000h\000e\000\040\000T\000h\000e\000o\000r\000y\000\040\000o\000f\000\040\000S\000o\000u\000n\000d\000\040\000\050\0001\0008\0007\0007\000\051}{section.5.1}% 136
\BOOKMARK [2][-]{subsection.5.1.2}{\376\377\000S\000e\000i\000s\000m\000o\000g\000r\000a\000p\000h\000\040\000D\000e\000v\000e\000l\000o\000p\000m\000e\000n\000t\000\040\000a\000n\000d\000\040\000t\000h\000e\000\040\000N\000e\000e\000d\000\040\000f\000o\000r\000\040\000I\000n\000s\000t\000r\000u\000m\000e\000n\000t\000\040\000T\000h\000e\000o\000r\000y\000\040\000\050\0001\0008\0008\0000\000s\000\051}{section.5.1}% 137
\BOOKMARK [2][-]{subsection.5.1.3}{\376\377\000A\000u\000t\000o\000m\000o\000t\000i\000v\000e\000\040\000S\000u\000s\000p\000e\000n\000s\000i\000o\000n\000\040\000D\000e\000s\000i\000g\000n\000\040\000\050\0001\0009\0002\0000\000s\040\023\0001\0009\0003\0000\000s\000\051}{section.5.1}% 138
\BOOKMARK [2][-]{subsection.5.1.4}{\376\377\000A\000i\000r\000c\000r\000a\000f\000t\000\040\000F\000l\000u\000t\000t\000e\000r\000\040\000A\000n\000a\000l\000y\000s\000i\000s\000:\000\040\000W\000h\000e\000n\000\040\000R\000e\000s\000o\000n\000a\000n\000c\000e\000\040\000K\000i\000l\000l\000s\000\040\000\050\0001\0009\0003\0000\000s\000\051}{section.5.1}% 139
\BOOKMARK [2][-]{subsection.5.1.5}{\376\377\000W\000h\000y\000\040\000T\000h\000e\000s\000e\000\040\000C\000a\000n\000o\000n\000i\000c\000a\000l\000\040\000F\000o\000r\000m\000s\000?}{section.5.1}% 140
\BOOKMARK [1][-]{section.5.2}{\376\377\000M\000o\000d\000e\000r\000n\000\040\000A\000p\000p\000l\000i\000c\000a\000t\000i\000o\000n\000s}{chapter.5}% 141
\BOOKMARK [2][-]{subsection.5.2.1}{\376\377\000A\000u\000d\000i\000o\000\040\000S\000p\000e\000a\000k\000e\000r\000\040\000D\000e\000s\000i\000g\000n\000\040\000a\000n\000d\000\040\000R\000o\000o\000m\000\040\000A\000c\000o\000u\000s\000t\000i\000c\000s}{section.5.2}% 142
\BOOKMARK [2][-]{subsection.5.2.2}{\376\377\000B\000u\000i\000l\000d\000i\000n\000g\000\040\000E\000a\000r\000t\000h\000q\000u\000a\000k\000e\000\040\000R\000e\000s\000p\000o\000n\000s\000e}{section.5.2}% 143
\BOOKMARK [2][-]{subsection.5.2.3}{\376\377\000D\000r\000u\000g\000\040\000A\000b\000s\000o\000r\000p\000t\000i\000o\000n\000\040\000K\000i\000n\000e\000t\000i\000c\000s}{section.5.2}% 144
\BOOKMARK [2][-]{subsection.5.2.4}{\376\377\000E\000l\000e\000c\000t\000r\000i\000c\000\040\000V\000e\000h\000i\000c\000l\000e\000\040\000B\000a\000t\000t\000e\000r\000y\000\040\000T\000h\000e\000r\000m\000a\000l\000\040\000M\000a\000n\000a\000g\000e\000m\000e\000n\000t}{section.5.2}% 145
\BOOKMARK [1][-]{section.5.3}{\376\377\000M\000a\000t\000h\000e\000m\000a\000t\000i\000c\000a\000l\000\040\000F\000o\000u\000n\000d\000a\000t\000i\000o\000n}{chapter.5}% 146
\BOOKMARK [2][-]{subsection.5.3.1}{\376\377\000F\000i\000r\000s\000t\000-\000O\000r\000d\000e\000r\000\040\000S\000y\000s\000t\000e\000m\000s}{section.5.3}% 147
\BOOKMARK [2][-]{subsection.5.3.2}{\376\377\000S\000e\000c\000o\000n\000d\000-\000O\000r\000d\000e\000r\000\040\000S\000y\000s\000t\000e\000m\000s}{section.5.3}% 148
\BOOKMARK [2][-]{subsection.5.3.3}{\376\377\000P\000o\000l\000e\000\040\000L\000o\000c\000a\000t\000i\000o\000n\000s\000\040\000a\000n\000d\000\040\000R\000e\000s\000p\000o\000n\000s\000e\000\040\000C\000h\000a\000r\000a\000c\000t\000e\000r\000i\000s\000t\000i\000c\000s}{section.5.3}% 149
\BOOKMARK [1][-]{section.5.4}{\376\377\000L\000a\000b\000o\000r\000a\000t\000o\000r\000y\000\040\000E\000x\000p\000e\000r\000i\000m\000e\000n\000t\000:\000\040\000V\000a\000r\000i\000a\000b\000l\000e\000\040\000D\000a\000m\000p\000i\000n\000g\000\040\000M\000a\000s\000s\000-\000S\000p\000r\000i\000n\000g\000\040\000S\000y\000s\000t\000e\000m}{chapter.5}% 150
\BOOKMARK [2][-]{subsection.5.4.1}{\376\377\000A\000p\000p\000a\000r\000a\000t\000u\000s\000\040\000D\000e\000s\000i\000g\000n\000\040\000a\000n\000d\000\040\000C\000o\000n\000s\000t\000r\000u\000c\000t\000i\000o\000n}{section.5.4}% 151
\BOOKMARK [2][-]{subsection.5.4.2}{\376\377\000E\000x\000p\000e\000r\000i\000m\000e\000n\000t\000a\000l\000\040\000P\000r\000o\000c\000e\000d\000u\000r\000e}{section.5.4}% 152
\BOOKMARK [2][-]{subsection.5.4.3}{\376\377\000D\000a\000t\000a\000\040\000A\000n\000a\000l\000y\000s\000i\000s\000\040\000a\000n\000d\000\040\000P\000a\000r\000a\000m\000e\000t\000e\000r\000\040\000E\000x\000t\000r\000a\000c\000t\000i\000o\000n}{section.5.4}% 153
\BOOKMARK [2][-]{subsection.5.4.4}{\376\377\000D\000i\000s\000c\000u\000s\000s\000i\000o\000n\000\040\000Q\000u\000e\000s\000t\000i\000o\000n\000s}{section.5.4}% 154
\BOOKMARK [1][-]{section.5.5}{\376\377\000W\000o\000r\000k\000e\000d\000\040\000E\000x\000a\000m\000p\000l\000e\000s}{chapter.5}% 155
\BOOKMARK [1][-]{section.5.6}{\376\377\000S\000u\000m\000m\000a\000r\000y\000\040\000a\000n\000d\000\040\000K\000e\000y\000\040\000F\000o\000r\000m\000u\000l\000a\000s}{chapter.5}% 156
\BOOKMARK [1][-]{section.5.7}{\376\377\000E\000x\000e\000r\000c\000i\000s\000e\000s}{chapter.5}% 157
\BOOKMARK [1][-]{section.5.8}{\376\377\000F\000u\000r\000t\000h\000e\000r\000\040\000R\000e\000a\000d\000i\000n\000g}{chapter.5}% 158
\BOOKMARK [0][-]{chapter.6}{\376\377\000S\000t\000a\000b\000i\000l\000i\000t\000y\000:\000\040\000W\000h\000e\000n\000\040\000S\000y\000s\000t\000e\000m\000s\000\040\000B\000l\000o\000w\000\040\000U\000p}{part.2}% 159
\BOOKMARK [1][-]{section.6.1}{\376\377\000H\000i\000s\000t\000o\000r\000i\000c\000a\000l\000\040\000M\000o\000t\000i\000v\000a\000t\000i\000o\000n\000:\000\040\000T\000h\000e\000\040\000Q\000u\000e\000s\000t\000\040\000f\000o\000r\000\040\000S\000t\000a\000b\000l\000e\000\040\000M\000a\000c\000h\000i\000n\000e\000s}{chapter.6}% 160
\BOOKMARK [2][-]{subsection.6.1.1}{\376\377\000J\000a\000m\000e\000s\000\040\000W\000a\000t\000t\000\040\000a\000n\000d\000\040\000t\000h\000e\000\040\000G\000o\000v\000e\000r\000n\000o\000r\000\040\000P\000r\000o\000b\000l\000e\000m}{section.6.1}% 161
\BOOKMARK [2][-]{subsection.6.1.2}{\376\377\000M\000a\000x\000w\000e\000l\000l\000'\000s\000\040\000`\000`\000O\000n\000\040\000G\000o\000v\000e\000r\000n\000o\000r\000s\000'\000'\000\040\000\050\0001\0008\0006\0008\000\051}{section.6.1}% 162
\BOOKMARK [2][-]{subsection.6.1.3}{\376\377\000R\000o\000u\000t\000h\000'\000s\000\040\000C\000r\000i\000t\000e\000r\000i\000o\000n\000\040\000\050\0001\0008\0007\0007\000\051}{section.6.1}% 163
\BOOKMARK [2][-]{subsection.6.1.4}{\376\377\000H\000u\000r\000w\000i\000t\000z\000'\000s\000\040\000I\000n\000d\000e\000p\000e\000n\000d\000e\000n\000t\000\040\000D\000i\000s\000c\000o\000v\000e\000r\000y\000\040\000\050\0001\0008\0009\0005\000\051}{section.6.1}% 164
\BOOKMARK [2][-]{subsection.6.1.5}{\376\377\000D\000r\000a\000m\000a\000t\000i\000c\000\040\000F\000a\000i\000l\000u\000r\000e\000s\000:\000\040\000L\000e\000s\000s\000o\000n\000s\000\040\000i\000n\000\040\000I\000n\000s\000t\000a\000b\000i\000l\000i\000t\000y}{section.6.1}% 165
\BOOKMARK [1][-]{section.6.2}{\376\377\000M\000o\000d\000e\000r\000n\000\040\000A\000p\000p\000l\000i\000c\000a\000t\000i\000o\000n\000s\000\040\000o\000f\000\040\000S\000t\000a\000b\000i\000l\000i\000t\000y\000\040\000T\000h\000e\000o\000r\000y}{chapter.6}% 166
\BOOKMARK [2][-]{subsection.6.2.1}{\376\377\000P\000o\000w\000e\000r\000\040\000G\000r\000i\000d\000\040\000S\000t\000a\000b\000i\000l\000i\000t\000y}{section.6.2}% 167
\BOOKMARK [2][-]{subsection.6.2.2}{\376\377\000F\000l\000i\000g\000h\000t\000\040\000C\000o\000n\000t\000r\000o\000l\000:\000\040\000I\000n\000t\000e\000n\000t\000i\000o\000n\000a\000l\000l\000y\000\040\000U\000n\000s\000t\000a\000b\000l\000e\000\040\000A\000i\000r\000c\000r\000a\000f\000t}{section.6.2}% 168
\BOOKMARK [2][-]{subsection.6.2.3}{\376\377\000A\000u\000d\000i\000o\000\040\000F\000e\000e\000d\000b\000a\000c\000k}{section.6.2}% 169
\BOOKMARK [2][-]{subsection.6.2.4}{\376\377\000E\000c\000o\000n\000o\000m\000i\000c\000\040\000a\000n\000d\000\040\000F\000i\000n\000a\000n\000c\000i\000a\000l\000\040\000S\000t\000a\000b\000i\000l\000i\000t\000y}{section.6.2}% 170
\BOOKMARK [1][-]{section.6.3}{\376\377\000M\000a\000t\000h\000e\000m\000a\000t\000i\000c\000a\000l\000\040\000F\000o\000u\000n\000d\000a\000t\000i\000o\000n\000\040\000o\000f\000\040\000S\000t\000a\000b\000i\000l\000i\000t\000y}{chapter.6}% 171
\BOOKMARK [2][-]{subsection.6.3.1}{\376\377\000B\000I\000B\000O\000\040\000S\000t\000a\000b\000i\000l\000i\000t\000y\000:\000\040\000D\000e\000f\000i\000n\000i\000t\000i\000o\000n}{section.6.3}% 172
\BOOKMARK [2][-]{subsection.6.3.2}{\376\377\000I\000m\000p\000u\000l\000s\000e\000\040\000R\000e\000s\000p\000o\000n\000s\000e\000\040\000a\000n\000d\000\040\000S\000t\000a\000b\000i\000l\000i\000t\000y}{section.6.3}% 173
\BOOKMARK [2][-]{subsection.6.3.3}{\376\377\000P\000o\000l\000e\000\040\000L\000o\000c\000a\000t\000i\000o\000n\000\040\000C\000r\000i\000t\000e\000r\000i\000o\000n}{section.6.3}% 174
\BOOKMARK [2][-]{subsection.6.3.4}{\376\377\000M\000a\000r\000g\000i\000n\000a\000l\000\040\000S\000t\000a\000b\000i\000l\000i\000t\000y}{section.6.3}% 175
\BOOKMARK [2][-]{subsection.6.3.5}{\376\377\000C\000l\000o\000s\000e\000d\000-\000L\000o\000o\000p\000\040\000S\000t\000a\000b\000i\000l\000i\000t\000y}{section.6.3}% 176
\BOOKMARK [1][-]{section.6.4}{\376\377\000T\000h\000e\000\040\000R\000o\000u\000t\000h\000-\000H\000u\000r\000w\000i\000t\000z\000\040\000S\000t\000a\000b\000i\000l\000i\000t\000y\000\040\000C\000r\000i\000t\000e\000r\000i\000o\000n}{chapter.6}% 177
\BOOKMARK [2][-]{subsection.6.4.1}{\376\377\000T\000h\000e\000\040\000R\000o\000u\000t\000h\000\040\000A\000r\000r\000a\000y}{section.6.4}% 178
\BOOKMARK [2][-]{subsection.6.4.2}{\376\377\000S\000p\000e\000c\000i\000a\000l\000\040\000C\000a\000s\000e\000s}{section.6.4}% 179
\BOOKMARK [1][-]{section.6.5}{\376\377\000P\000r\000a\000c\000t\000i\000c\000a\000l\000\040\000E\000x\000p\000e\000r\000i\000m\000e\000n\000t\000:\000\040\000D\000e\000m\000o\000n\000s\000t\000r\000a\000t\000i\000n\000g\000\040\000S\000t\000a\000b\000i\000l\000i\000t\000y\000\040\000a\000n\000d\000\040\000I\000n\000s\000t\000a\000b\000i\000l\000i\000t\000y}{chapter.6}% 180
\BOOKMARK [2][-]{subsection.6.5.1}{\376\377\000C\000i\000r\000c\000u\000i\000t\000\040\000D\000e\000s\000c\000r\000i\000p\000t\000i\000o\000n}{section.6.5}% 181
\BOOKMARK [2][-]{subsection.6.5.2}{\376\377\000A\000l\000t\000e\000r\000n\000a\000t\000i\000v\000e\000:\000\040\000A\000r\000d\000u\000i\000n\000o\000-\000B\000a\000s\000e\000d\000\040\000M\000o\000t\000o\000r\000\040\000C\000o\000n\000t\000r\000o\000l\000\040\000E\000x\000p\000e\000r\000i\000m\000e\000n\000t}{section.6.5}% 182
\BOOKMARK [2][-]{subsection.6.5.3}{\376\377\000E\000x\000p\000e\000r\000i\000m\000e\000n\000t\000a\000l\000\040\000P\000r\000o\000c\000e\000d\000u\000r\000e}{section.6.5}% 183
\BOOKMARK [1][-]{section.6.6}{\376\377\000W\000o\000r\000k\000e\000d\000\040\000E\000x\000a\000m\000p\000l\000e\000s}{chapter.6}% 184
\BOOKMARK [1][-]{section.6.7}{\376\377\000S\000u\000m\000m\000a\000r\000y}{chapter.6}% 185
\BOOKMARK [1][-]{section.6.8}{\376\377\000E\000x\000e\000r\000c\000i\000s\000e\000s}{chapter.6}% 186
\BOOKMARK [0][-]{chapter.7}{\376\377\000T\000r\000a\000n\000s\000i\000e\000n\000t\000\040\000v\000s\000\040\000S\000t\000e\000a\000d\000y\000-\000S\000t\000a\000t\000e\000\040\000R\000e\000s\000p\000o\000n\000s\000e}{part.2}% 187
\BOOKMARK [1][-]{section.7.1}{\376\377\000H\000i\000s\000t\000o\000r\000i\000c\000a\000l\000\040\000D\000e\000v\000e\000l\000o\000p\000m\000e\000n\000t\000:\000\040\000T\000h\000e\000\040\000Q\000u\000e\000s\000t\000\040\000f\000o\000r\000\040\000P\000e\000r\000f\000o\000r\000m\000a\000n\000c\000e\000\040\000S\000p\000e\000c\000i\000f\000i\000c\000a\000t\000i\000o\000n\000s}{chapter.7}% 188
\BOOKMARK [2][-]{subsection.7.1.1}{\376\377\000I\000n\000d\000u\000s\000t\000r\000i\000a\000l\000\040\000P\000r\000o\000c\000e\000s\000s\000\040\000C\000o\000n\000t\000r\000o\000l\000:\000\040\000T\000h\000e\000\040\000F\000o\000u\000n\000d\000a\000t\000i\000o\000n\000\040\000\050\0001\0009\0002\0000\000s\040\023\0001\0009\0004\0000\000s\000\051}{section.7.1}% 189
\BOOKMARK [2][-]{subsection.7.1.2}{\376\377\000S\000e\000r\000v\000o\000m\000e\000c\000h\000a\000n\000i\000s\000m\000s\000\040\000a\000n\000d\000\040\000W\000o\000r\000l\000d\000\040\000W\000a\000r\000\040\000I\000I\000:\000\040\000S\000p\000e\000e\000d\000\040\000B\000e\000c\000o\000m\000e\000s\000\040\000C\000r\000i\000t\000i\000c\000a\000l}{section.7.1}% 190
\BOOKMARK [2][-]{subsection.7.1.3}{\376\377\000Z\000i\000e\000g\000l\000e\000r\000\040\000a\000n\000d\000\040\000N\000i\000c\000h\000o\000l\000s\000:\000\040\000T\000h\000e\000\040\000F\000i\000r\000s\000t\000\040\000S\000y\000s\000t\000e\000m\000a\000t\000i\000c\000\040\000T\000u\000n\000i\000n\000g\000\040\000R\000u\000l\000e\000s\000\040\000\050\0001\0009\0004\0002\000\051}{section.7.1}% 191
\BOOKMARK [2][-]{subsection.7.1.4}{\376\377\000T\000e\000l\000e\000p\000h\000o\000n\000e\000\040\000S\000w\000i\000t\000c\000h\000i\000n\000g\000:\000\040\000P\000r\000e\000c\000i\000s\000i\000o\000n\000\040\000T\000i\000m\000i\000n\000g\000\040\000R\000e\000q\000u\000i\000r\000e\000m\000e\000n\000t\000s\000\040\000\050\0001\0009\0005\0000\000s\000\051}{section.7.1}% 192
\BOOKMARK [2][-]{subsection.7.1.5}{\376\377\000T\000h\000e\000\040\000F\000u\000n\000d\000a\000m\000e\000n\000t\000a\000l\000\040\000T\000r\000a\000d\000e\000o\000f\000f\000:\000\040\000S\000p\000e\000e\000d\000\040\000v\000s\000.\000\040\000A\000c\000c\000u\000r\000a\000c\000y}{section.7.1}% 193
\BOOKMARK [1][-]{section.7.2}{\376\377\000M\000o\000d\000e\000r\000n\000\040\000A\000p\000p\000l\000i\000c\000a\000t\000i\000o\000n\000s\000:\000\040\000W\000h\000e\000r\000e\000\040\000P\000e\000r\000f\000o\000r\000m\000a\000n\000c\000e\000\040\000S\000p\000e\000c\000i\000f\000i\000c\000a\000t\000i\000o\000n\000s\000\040\000M\000a\000t\000t\000e\000r}{chapter.7}% 194
\BOOKMARK [2][-]{subsection.7.2.1}{\376\377\000H\000a\000r\000d\000\040\000D\000i\000s\000k\000\040\000D\000r\000i\000v\000e\000\040\000H\000e\000a\000d\000\040\000P\000o\000s\000i\000t\000i\000o\000n\000i\000n\000g}{section.7.2}% 195
\BOOKMARK [2][-]{subsection.7.2.2}{\376\377\000C\000N\000C\000\040\000M\000a\000c\000h\000i\000n\000i\000n\000g\000:\000\040\000A\000c\000c\000u\000r\000a\000c\000y\000\040\000v\000s\000.\000\040\000T\000h\000r\000o\000u\000g\000h\000p\000u\000t}{section.7.2}% 196
\BOOKMARK [2][-]{subsection.7.2.3}{\376\377\000I\000n\000s\000u\000l\000i\000n\000\040\000P\000u\000m\000p\000s\000:\000\040\000O\000v\000e\000r\000s\000h\000o\000o\000t\000\040\000i\000s\000\040\000D\000a\000n\000g\000e\000r\000o\000u\000s}{section.7.2}% 197
\BOOKMARK [2][-]{subsection.7.2.4}{\376\377\000A\000u\000t\000o\000n\000o\000m\000o\000u\000s\000\040\000V\000e\000h\000i\000c\000l\000e\000\040\000L\000a\000n\000e\000\040\000K\000e\000e\000p\000i\000n\000g}{section.7.2}% 198
\BOOKMARK [1][-]{section.7.3}{\376\377\000M\000a\000t\000h\000e\000m\000a\000t\000i\000c\000a\000l\000\040\000F\000o\000u\000n\000d\000a\000t\000i\000o\000n\000:\000\040\000T\000r\000a\000n\000s\000i\000e\000n\000t\000\040\000R\000e\000s\000p\000o\000n\000s\000e\000\040\000S\000p\000e\000c\000i\000f\000i\000c\000a\000t\000i\000o\000n\000s}{chapter.7}% 199
\BOOKMARK [2][-]{subsection.7.3.1}{\376\377\000T\000h\000e\000\040\000S\000t\000a\000n\000d\000a\000r\000d\000\040\000S\000e\000c\000o\000n\000d\000-\000O\000r\000d\000e\000r\000\040\000S\000y\000s\000t\000e\000m}{section.7.3}% 200
\BOOKMARK [2][-]{subsection.7.3.2}{\376\377\000U\000n\000i\000t\000\040\000S\000t\000e\000p\000\040\000R\000e\000s\000p\000o\000n\000s\000e\000\040\000D\000e\000r\000i\000v\000a\000t\000i\000o\000n}{section.7.3}% 201
\BOOKMARK [2][-]{subsection.7.3.3}{\376\377\000R\000i\000s\000e\000\040\000T\000i\000m\000e}{section.7.3}% 202
\BOOKMARK [2][-]{subsection.7.3.4}{\376\377\000P\000e\000a\000k\000\040\000T\000i\000m\000e}{section.7.3}% 203
\BOOKMARK [2][-]{subsection.7.3.5}{\376\377\000P\000e\000r\000c\000e\000n\000t\000\040\000O\000v\000e\000r\000s\000h\000o\000o\000t}{section.7.3}% 204
\BOOKMARK [2][-]{subsection.7.3.6}{\376\377\000S\000e\000t\000t\000l\000i\000n\000g\000\040\000T\000i\000m\000e}{section.7.3}% 205
\BOOKMARK [2][-]{subsection.7.3.7}{\376\377\000S\000u\000m\000m\000a\000r\000y\000:\000\040\000T\000r\000a\000n\000s\000i\000e\000n\000t\000\040\000S\000p\000e\000c\000i\000f\000i\000c\000a\000t\000i\000o\000n\000s}{section.7.3}% 206
\BOOKMARK [1][-]{section.7.4}{\376\377\000M\000a\000t\000h\000e\000m\000a\000t\000i\000c\000a\000l\000\040\000F\000o\000u\000n\000d\000a\000t\000i\000o\000n\000:\000\040\000S\000t\000e\000a\000d\000y\000-\000S\000t\000a\000t\000e\000\040\000E\000r\000r\000o\000r\000\040\000A\000n\000a\000l\000y\000s\000i\000s}{chapter.7}% 207
\BOOKMARK [2][-]{subsection.7.4.1}{\376\377\000T\000h\000e\000\040\000F\000i\000n\000a\000l\000\040\000V\000a\000l\000u\000e\000\040\000T\000h\000e\000o\000r\000e\000m}{section.7.4}% 208
\BOOKMARK [2][-]{subsection.7.4.2}{\376\377\000U\000n\000i\000t\000y\000\040\000F\000e\000e\000d\000b\000a\000c\000k\000\040\000C\000o\000n\000f\000i\000g\000u\000r\000a\000t\000i\000o\000n}{section.7.4}% 209
\BOOKMARK [2][-]{subsection.7.4.3}{\376\377\000S\000y\000s\000t\000e\000m\000\040\000T\000y\000p\000e\000\040\000a\000n\000d\000\040\000E\000r\000r\000o\000r\000\040\000C\000o\000n\000s\000t\000a\000n\000t\000s}{section.7.4}% 210
\BOOKMARK [2][-]{subsection.7.4.4}{\376\377\000S\000t\000e\000a\000d\000y\000-\000S\000t\000a\000t\000e\000\040\000E\000r\000r\000o\000r\000\040\000f\000o\000r\000\040\000S\000t\000a\000n\000d\000a\000r\000d\000\040\000I\000n\000p\000u\000t\000s}{section.7.4}% 211
\BOOKMARK [2][-]{subsection.7.4.5}{\376\377\000S\000t\000e\000a\000d\000y\000-\000S\000t\000a\000t\000e\000\040\000E\000r\000r\000o\000r\000\040\000S\000u\000m\000m\000a\000r\000y\000\040\000b\000y\000\040\000S\000y\000s\000t\000e\000m\000\040\000T\000y\000p\000e}{section.7.4}% 212
\BOOKMARK [2][-]{subsection.7.4.6}{\376\377\000P\000h\000y\000s\000i\000c\000a\000l\000\040\000I\000n\000t\000e\000r\000p\000r\000e\000t\000a\000t\000i\000o\000n}{section.7.4}% 213
\BOOKMARK [2][-]{subsection.7.4.7}{\376\377\000T\000h\000e\000\040\000S\000p\000e\000e\000d\000-\000A\000c\000c\000u\000r\000a\000c\000y\000\040\000T\000r\000a\000d\000e\000o\000f\000f\000\040\000R\000e\000v\000i\000s\000i\000t\000e\000d}{section.7.4}% 214
\BOOKMARK [1][-]{section.7.5}{\376\377\000D\000e\000s\000i\000g\000n\000\040\000i\000n\000\040\000t\000h\000e\000\040\000s\000-\000P\000l\000a\000n\000e\000:\000\040\000M\000e\000e\000t\000i\000n\000g\000\040\000M\000u\000l\000t\000i\000p\000l\000e\000\040\000S\000p\000e\000c\000i\000f\000i\000c\000a\000t\000i\000o\000n\000s}{chapter.7}% 215
\BOOKMARK [2][-]{subsection.7.5.1}{\376\377\000s\000-\000P\000l\000a\000n\000e\000\040\000D\000e\000s\000i\000g\000n\000\040\000R\000e\000g\000i\000o\000n\000s}{section.7.5}% 216
\BOOKMARK [2][-]{subsection.7.5.2}{\376\377\000N\000a\000t\000u\000r\000a\000l\000\040\000F\000r\000e\000q\000u\000e\000n\000c\000y\000\040\000C\000o\000n\000s\000t\000r\000a\000i\000n\000t\000s}{section.7.5}% 217
\BOOKMARK [1][-]{section.7.6}{\376\377\000P\000r\000a\000c\000t\000i\000c\000a\000l\000\040\000E\000x\000p\000e\000r\000i\000m\000e\000n\000t\000:\000\040\000M\000o\000t\000o\000r\000\040\000P\000o\000s\000i\000t\000i\000o\000n\000\040\000C\000o\000n\000t\000r\000o\000l\000\040\000S\000y\000s\000t\000e\000m}{chapter.7}% 218
\BOOKMARK [2][-]{subsection.7.6.1}{\376\377\000E\000x\000p\000e\000r\000i\000m\000e\000n\000t\000a\000l\000\040\000S\000e\000t\000u\000p}{section.7.6}% 219
\BOOKMARK [2][-]{subsection.7.6.2}{\376\377\000C\000o\000n\000t\000r\000o\000l\000l\000e\000r\000\040\000I\000m\000p\000l\000e\000m\000e\000n\000t\000a\000t\000i\000o\000n}{section.7.6}% 220
\BOOKMARK [2][-]{subsection.7.6.3}{\376\377\000E\000x\000p\000e\000r\000i\000m\000e\000n\000t\000a\000l\000\040\000P\000r\000o\000c\000e\000d\000u\000r\000e}{section.7.6}% 221
\BOOKMARK [2][-]{subsection.7.6.4}{\376\377\000D\000a\000t\000a\000\040\000A\000n\000a\000l\000y\000s\000i\000s}{section.7.6}% 222
\BOOKMARK [2][-]{subsection.7.6.5}{\376\377\000D\000i\000s\000c\000u\000s\000s\000i\000o\000n\000\040\000Q\000u\000e\000s\000t\000i\000o\000n\000s}{section.7.6}% 223
\BOOKMARK [1][-]{section.7.7}{\376\377\000W\000o\000r\000k\000e\000d\000\040\000E\000x\000a\000m\000p\000l\000e\000s}{chapter.7}% 224
\BOOKMARK [1][-]{section.7.8}{\376\377\000D\000i\000a\000g\000r\000a\000m\000s\000\040\000a\000n\000d\000\040\000V\000i\000s\000u\000a\000l\000\040\000R\000e\000f\000e\000r\000e\000n\000c\000e}{chapter.7}% 225
\BOOKMARK [1][-]{section.7.9}{\376\377\000S\000u\000m\000m\000a\000r\000y}{chapter.7}% 226
\BOOKMARK [1][-]{section.7.10}{\376\377\000E\000x\000e\000r\000c\000i\000s\000e\000s}{chapter.7}% 227
\BOOKMARK [0][-]{chapter.8}{\376\377\000L\000i\000n\000e\000a\000r\000i\000z\000a\000t\000i\000o\000n}{part.2}% 228
\BOOKMARK [1][-]{section.8.1}{\376\377\000H\000i\000s\000t\000o\000r\000i\000c\000a\000l\000\040\000M\000o\000t\000i\000v\000a\000t\000i\000o\000n\000:\000\040\000F\000r\000o\000m\000\040\000N\000e\000w\000t\000o\000n\000\040\000t\000o\000\040\000M\000o\000d\000e\000r\000n\000\040\000C\000o\000n\000t\000r\000o\000l}{chapter.8}% 229
\BOOKMARK [2][-]{subsection.8.1.1}{\376\377\000N\000e\000w\000t\000o\000n\000\040\000a\000n\000d\000\040\000t\000h\000e\000\040\000B\000i\000r\000t\000h\000\040\000o\000f\000\040\000L\000o\000c\000a\000l\000\040\000A\000p\000p\000r\000o\000x\000i\000m\000a\000t\000i\000o\000n\000\040\000\050\0001\0006\0008\0007\000\051}{section.8.1}% 230
\BOOKMARK [2][-]{subsection.8.1.2}{\376\377\000S\000m\000a\000l\000l\000\040\000O\000s\000c\000i\000l\000l\000a\000t\000i\000o\000n\000\040\000T\000h\000e\000o\000r\000y\000\040\000i\000n\000\040\000P\000h\000y\000s\000i\000c\000s}{section.8.1}% 231
\BOOKMARK [2][-]{subsection.8.1.3}{\376\377\000P\000o\000i\000n\000c\000a\000r\000\351\000\040\000a\000n\000d\000\040\000t\000h\000e\000\040\000Q\000u\000a\000l\000i\000t\000a\000t\000i\000v\000e\000\040\000T\000h\000e\000o\000r\000y\000\040\000\050\0001\0008\0008\0000\000s\000\051}{section.8.1}% 232
\BOOKMARK [2][-]{subsection.8.1.4}{\376\377\000A\000i\000r\000c\000r\000a\000f\000t\000\040\000S\000t\000a\000b\000i\000l\000i\000t\000y\000\040\000A\000n\000a\000l\000y\000s\000i\000s\000\040\000\050\0001\0009\0000\0000\000s\000\051}{section.8.1}% 233
\BOOKMARK [2][-]{subsection.8.1.5}{\376\377\000W\000h\000y\000\040\000L\000i\000n\000e\000a\000r\000i\000z\000e\000?\000\040\000T\000h\000e\000\040\000P\000r\000a\000c\000t\000i\000c\000a\000l\000\040\000A\000r\000g\000u\000m\000e\000n\000t}{section.8.1}% 234
\BOOKMARK [1][-]{section.8.2}{\376\377\000M\000o\000d\000e\000r\000n\000\040\000A\000p\000p\000l\000i\000c\000a\000t\000i\000o\000n\000s\000\040\000o\000f\000\040\000L\000i\000n\000e\000a\000r\000i\000z\000a\000t\000i\000o\000n}{chapter.8}% 235
\BOOKMARK [2][-]{subsection.8.2.1}{\376\377\000A\000i\000r\000c\000r\000a\000f\000t\000\040\000A\000u\000t\000o\000p\000i\000l\000o\000t\000\040\000D\000e\000s\000i\000g\000n}{section.8.2}% 236
\BOOKMARK [2][-]{subsection.8.2.2}{\376\377\000C\000h\000e\000m\000i\000c\000a\000l\000\040\000P\000r\000o\000c\000e\000s\000s\000\040\000C\000o\000n\000t\000r\000o\000l}{section.8.2}% 237
\BOOKMARK [2][-]{subsection.8.2.3}{\376\377\000P\000o\000w\000e\000r\000\040\000E\000l\000e\000c\000t\000r\000o\000n\000i\000c\000s\000:\000\040\000S\000m\000a\000l\000l\000-\000S\000i\000g\000n\000a\000l\000\040\000A\000n\000a\000l\000y\000s\000i\000s}{section.8.2}% 238
\BOOKMARK [2][-]{subsection.8.2.4}{\376\377\000R\000o\000b\000o\000t\000\040\000A\000r\000m\000\040\000C\000o\000n\000t\000r\000o\000l\000:\000\040\000J\000a\000c\000o\000b\000i\000a\000n\000\040\000L\000i\000n\000e\000a\000r\000i\000z\000a\000t\000i\000o\000n}{section.8.2}% 239
\BOOKMARK [1][-]{section.8.3}{\376\377\000M\000a\000t\000h\000e\000m\000a\000t\000i\000c\000a\000l\000\040\000F\000o\000u\000n\000d\000a\000t\000i\000o\000n}{chapter.8}% 240
\BOOKMARK [2][-]{subsection.8.3.1}{\376\377\000T\000a\000y\000l\000o\000r\000\040\000S\000e\000r\000i\000e\000s\000\040\000R\000e\000v\000i\000e\000w}{section.8.3}% 241
\BOOKMARK [2][-]{subsection.8.3.2}{\376\377\000T\000h\000e\000\040\000L\000i\000n\000e\000a\000r\000i\000z\000a\000t\000i\000o\000n\000\040\000P\000r\000o\000c\000e\000d\000u\000r\000e}{section.8.3}% 242
\BOOKMARK [2][-]{subsection.8.3.3}{\376\377\000E\000x\000a\000m\000p\000l\000e\000:\000\040\000T\000h\000e\000\040\000S\000i\000m\000p\000l\000e\000\040\000P\000e\000n\000d\000u\000l\000u\000m}{section.8.3}% 243
\BOOKMARK [2][-]{subsection.8.3.4}{\376\377\000M\000u\000l\000t\000i\000p\000l\000e\000\040\000V\000a\000r\000i\000a\000b\000l\000e\000s\000:\000\040\000J\000a\000c\000o\000b\000i\000a\000n\000\040\000M\000a\000t\000r\000i\000x\000\040\000C\000o\000n\000s\000t\000r\000u\000c\000t\000i\000o\000n}{section.8.3}% 244
\BOOKMARK [2][-]{subsection.8.3.5}{\376\377\000V\000a\000l\000i\000d\000i\000t\000y\000:\000\040\000W\000h\000e\000n\000\040\000I\000s\000\040\000L\000i\000n\000e\000a\000r\000i\000z\000a\000t\000i\000o\000n\000\040\000`\000`\000G\000o\000o\000d\000\040\000E\000n\000o\000u\000g\000h\000'\000'\000?}{section.8.3}% 245
\BOOKMARK [1][-]{section.8.4}{\376\377\000P\000r\000a\000c\000t\000i\000c\000a\000l\000\040\000E\000x\000p\000e\000r\000i\000m\000e\000n\000t\000:\000\040\000P\000e\000n\000d\000u\000l\000u\000m\000\040\000L\000i\000n\000e\000a\000r\000i\000z\000a\000t\000i\000o\000n}{chapter.8}% 246
\BOOKMARK [2][-]{subsection.8.4.1}{\376\377\000A\000p\000p\000a\000r\000a\000t\000u\000s\000\040\000D\000e\000s\000i\000g\000n\000\040\000a\000n\000d\000\040\000C\000o\000n\000s\000t\000r\000u\000c\000t\000i\000o\000n}{section.8.4}% 247
\BOOKMARK [2][-]{subsection.8.4.2}{\376\377\000E\000x\000p\000e\000r\000i\000m\000e\000n\000t\000a\000l\000\040\000P\000r\000o\000c\000e\000d\000u\000r\000e}{section.8.4}% 248
\BOOKMARK [2][-]{subsection.8.4.3}{\376\377\000D\000a\000t\000a\000\040\000A\000n\000a\000l\000y\000s\000i\000s\000\040\000a\000n\000d\000\040\000E\000x\000p\000e\000c\000t\000e\000d\000\040\000R\000e\000s\000u\000l\000t\000s}{section.8.4}% 249
\BOOKMARK [2][-]{subsection.8.4.4}{\376\377\000D\000i\000s\000c\000u\000s\000s\000i\000o\000n\000\040\000Q\000u\000e\000s\000t\000i\000o\000n\000s}{section.8.4}% 250
\BOOKMARK [1][-]{section.8.5}{\376\377\000W\000o\000r\000k\000e\000d\000\040\000E\000x\000a\000m\000p\000l\000e\000s}{chapter.8}% 251
\BOOKMARK [2][-]{subsection.8.5.1}{\376\377\000E\000x\000a\000m\000p\000l\000e\000\040\0003\000:\000\040\000F\000i\000n\000d\000i\000n\000g\000\040\000E\000q\000u\000i\000l\000i\000b\000r\000i\000u\000m\000\040\000P\000o\000i\000n\000t\000s}{section.8.5}% 252
\BOOKMARK [2][-]{subsection.8.5.2}{\376\377\000E\000x\000a\000m\000p\000l\000e\000\040\0004\000:\000\040\000L\000i\000n\000e\000a\000r\000i\000z\000a\000t\000i\000o\000n\000\040\000A\000r\000o\000u\000n\000d\000\040\000N\000o\000n\000-\000Z\000e\000r\000o\000\040\000E\000q\000u\000i\000l\000i\000b\000r\000i\000u\000m}{section.8.5}% 253
\BOOKMARK [2][-]{subsection.8.5.3}{\376\377\000E\000x\000a\000m\000p\000l\000e\000\040\0005\000:\000\040\000L\000i\000n\000e\000a\000r\000\040\000v\000s\000.\000\040\000N\000o\000n\000l\000i\000n\000e\000a\000r\000\040\000S\000i\000m\000u\000l\000a\000t\000i\000o\000n}{section.8.5}% 254
\BOOKMARK [1][-]{section.8.6}{\376\377\000O\000p\000e\000r\000a\000t\000i\000n\000g\000\040\000P\000o\000i\000n\000t\000\040\000C\000o\000n\000c\000e\000p\000t}{chapter.8}% 255
\BOOKMARK [1][-]{section.8.7}{\376\377\000S\000u\000m\000m\000a\000r\000y}{chapter.8}% 256
\BOOKMARK [1][-]{section.8.8}{\376\377\000E\000x\000e\000r\000c\000i\000s\000e\000s}{chapter.8}% 257
\BOOKMARK [1][-]{section.8.9}{\376\377\000F\000u\000r\000t\000h\000e\000r\000\040\000R\000e\000a\000d\000i\000n\000g}{chapter.8}% 258
\BOOKMARK [-1][-]{part.3}{\376\377\000I\000I\000I\000\040\000C\000l\000a\000s\000s\000i\000c\000a\000l\000\040\000C\000o\000n\000t\000r\000o\000l\000\040\000D\000e\000s\000i\000g\000n}{}% 259
\BOOKMARK [0][-]{chapter.9}{\376\377\000F\000e\000e\000d\000b\000a\000c\000k\000\040\000a\000n\000d\000\040\000S\000e\000n\000s\000i\000t\000i\000v\000i\000t\000y}{part.3}% 260
\BOOKMARK [1][-]{section.9.1}{\376\377\000H\000i\000s\000t\000o\000r\000i\000c\000a\000l\000\040\000M\000o\000t\000i\000v\000a\000t\000i\000o\000n\000:\000\040\000T\000h\000e\000\040\000B\000i\000r\000t\000h\000\040\000o\000f\000\040\000N\000e\000g\000a\000t\000i\000v\000e\000\040\000F\000e\000e\000d\000b\000a\000c\000k}{chapter.9}% 261
\BOOKMARK [2][-]{subsection.9.1.1}{\376\377\000T\000h\000e\000\040\000T\000e\000l\000e\000p\000h\000o\000n\000e\000\040\000A\000m\000p\000l\000i\000f\000i\000e\000r\000\040\000P\000r\000o\000b\000l\000e\000m}{section.9.1}% 262
\BOOKMARK [1][-]{section.12.6}{\376\377\000R\000o\000o\000t\000\040\000L\000o\000c\000u\000s\000\040\000D\000i\000a\000g\000r\000a\000m\000s\000:\000\040\000A\000\040\000V\000i\000s\000u\000a\000l\000\040\000R\000e\000f\000e\000r\000e\000n\000c\000e}{chapter.12}% 380
\BOOKMARK [1][-]{section.12.7}{\376\377\000S\000u\000m\000m\000a\000r\000y}{chapter.12}% 381
\BOOKMARK [1][-]{section.12.8}{\376\377\000E\000x\000e\000r\000c\000i\000s\000e\000s}{chapter.12}% 382
\BOOKMARK [0][-]{chapter.13}{\376\377\000F\000r\000e\000q\000u\000e\000n\000c\000y\000\040\000R\000e\000s\000p\000o\000n\000s\000e\000\040\000a\000n\000d\000\040\000B\000o\000d\000e\000\040\000P\000l\000o\000t\000s}{part.3}% 383
\BOOKMARK [1][-]{section.13.1}{\376\377\000H\000i\000s\000t\000o\000r\000i\000c\000a\000l\000\040\000D\000e\000v\000e\000l\000o\000p\000m\000e\000n\000t\000\040\000a\000n\000d\000\040\000M\000o\000t\000i\000v\000a\000t\000i\000o\000n}{chapter.13}% 384
\BOOKMARK [2][-]{subsection.13.1.1}{\376\377\000T\000h\000e\000\040\000B\000e\000l\000l\000\040\000L\000a\000b\000s\000\040\000C\000h\000a\000l\000l\000e\000n\000g\000e}{section.13.1}% 385
\BOOKMARK [2][-]{subsection.13.1.2}{\376\377\000H\000e\000n\000d\000r\000i\000k\000\040\000B\000o\000d\000e\000\040\000a\000n\000d\000\040\000t\000h\000e\000\040\000L\000o\000g\000a\000r\000i\000t\000h\000m\000i\000c\000\040\000R\000e\000v\000o\000l\000u\000t\000i\000o\000n}{section.13.1}% 386
\BOOKMARK [2][-]{subsection.13.1.3}{\376\377\000H\000a\000r\000r\000y\000\040\000N\000y\000q\000u\000i\000s\000t\000\040\000a\000n\000d\000\040\000t\000h\000e\000\040\000S\000t\000a\000b\000i\000l\000i\000t\000y\000\040\000C\000r\000i\000t\000e\000r\000i\000o\000n}{section.13.1}% 387
\BOOKMARK [2][-]{subsection.13.1.4}{\376\377\000T\000h\000e\000\040\000F\000u\000n\000d\000a\000m\000e\000n\000t\000a\000l\000\040\000I\000n\000s\000i\000g\000h\000t\000:\000\040\000S\000i\000n\000u\000s\000o\000i\000d\000s\000\040\000a\000s\000\040\000E\000i\000g\000e\000n\000f\000u\000n\000c\000t\000i\000o\000n\000s}{section.13.1}% 388
\BOOKMARK [1][-]{section.13.2}{\376\377\000M\000o\000d\000e\000r\000n\000\040\000A\000p\000p\000l\000i\000c\000a\000t\000i\000o\000n\000s}{chapter.13}% 389
\BOOKMARK [2][-]{subsection.13.2.1}{\376\377\000A\000u\000d\000i\000o\000\040\000S\000y\000s\000t\000e\000m\000\040\000D\000e\000s\000i\000g\000n}{section.13.2}% 390
\BOOKMARK [2][-]{subsection.13.2.2}{\376\377\000F\000i\000l\000t\000e\000r\000\040\000D\000e\000s\000i\000g\000n}{section.13.2}% 391
\BOOKMARK [2][-]{subsection.13.2.3}{\376\377\000C\000o\000n\000t\000r\000o\000l\000\040\000L\000o\000o\000p\000\040\000B\000a\000n\000d\000w\000i\000d\000t\000h\000\040\000S\000p\000e\000c\000i\000f\000i\000c\000a\000t\000i\000o\000n}{section.13.2}% 392
\BOOKMARK [2][-]{subsection.13.2.4}{\376\377\000E\000l\000e\000c\000t\000r\000o\000m\000a\000g\000n\000e\000t\000i\000c\000\040\000C\000o\000m\000p\000a\000t\000i\000b\000i\000l\000i\000t\000y\000\040\000\050\000E\000M\000C\000\051}{section.13.2}% 393
\BOOKMARK [1][-]{section.13.3}{\376\377\000M\000a\000t\000h\000e\000m\000a\000t\000i\000c\000a\000l\000\040\000F\000o\000u\000n\000d\000a\000t\000i\000o\000n}{chapter.13}% 394
\BOOKMARK [2][-]{subsection.13.3.1}{\376\377\000F\000r\000e\000q\000u\000e\000n\000c\000y\000\040\000R\000e\000s\000p\000o\000n\000s\000e\000\040\000F\000u\000n\000c\000t\000i\000o\000n}{section.13.3}% 395
\BOOKMARK [2][-]{subsection.13.3.2}{\376\377\000B\000o\000d\000e\000\040\000P\000l\000o\000t\000\040\000C\000o\000n\000s\000t\000r\000u\000c\000t\000i\000o\000n}{section.13.3}% 396
\BOOKMARK [2][-]{subsection.13.3.3}{\376\377\000F\000i\000r\000s\000t\000-\000O\000r\000d\000e\000r\000\040\000S\000y\000s\000t\000e\000m\000:\000\040\000G\000\050\000s\000\051\000\040\000=\000\040\0001\000s\000\040\000+\000\040\0001}{section.13.3}% 397
\BOOKMARK [2][-]{subsection.13.3.4}{\376\377\000S\000e\000c\000o\000n\000d\000-\000O\000r\000d\000e\000r\000\040\000S\000y\000s\000t\000e\000m}{section.13.3}% 398
\BOOKMARK [2][-]{subsection.13.3.5}{\376\377\000C\000o\000m\000b\000i\000n\000i\000n\000g\000\040\000E\000l\000e\000m\000e\000n\000t\000s\000:\000\040\000P\000o\000l\000e\000s\000\040\000a\000n\000d\000\040\000Z\000e\000r\000o\000s}{section.13.3}% 399
\BOOKMARK [2][-]{subsection.13.3.6}{\376\377\000S\000t\000a\000b\000i\000l\000i\000t\000y\000\040\000M\000a\000r\000g\000i\000n\000s}{section.13.3}% 400
\BOOKMARK [1][-]{section.13.4}{\376\377\000L\000a\000b\000o\000r\000a\000t\000o\000r\000y\000\040\000E\000x\000p\000e\000r\000i\000m\000e\000n\000t\000:\000\040\000F\000r\000e\000q\000u\000e\000n\000c\000y\000\040\000R\000e\000s\000p\000o\000n\000s\000e\000\040\000M\000e\000a\000s\000u\000r\000e\000m\000e\000n\000t}{chapter.13}% 401
\BOOKMARK [2][-]{subsection.13.4.1}{\376\377\000T\000h\000e\000o\000r\000e\000t\000i\000c\000a\000l\000\040\000B\000a\000c\000k\000g\000r\000o\000u\000n\000d}{section.13.4}% 402
\BOOKMARK [2][-]{subsection.13.4.2}{\376\377\000C\000i\000r\000c\000u\000i\000t\000\040\000C\000o\000n\000s\000t\000r\000u\000c\000t\000i\000o\000n}{section.13.4}% 403
\BOOKMARK [2][-]{subsection.13.4.3}{\376\377\000A\000r\000d\000u\000i\000n\000o\000\040\000C\000o\000d\000e\000\040\000f\000o\000r\000\040\000S\000i\000n\000e\000\040\000W\000a\000v\000e\000\040\000G\000e\000n\000e\000r\000a\000t\000i\000o\000n}{section.13.4}% 404
\BOOKMARK [2][-]{subsection.13.4.4}{\376\377\000D\000a\000t\000a\000\040\000C\000o\000l\000l\000e\000c\000t\000i\000o\000n\000\040\000a\000n\000d\000\040\000A\000n\000a\000l\000y\000s\000i\000s}{section.13.4}% 405
\BOOKMARK [2][-]{subsection.13.4.5}{\376\377\000P\000l\000o\000t\000t\000i\000n\000g\000\040\000t\000h\000e\000\040\000B\000o\000d\000e\000\040\000D\000i\000a\000g\000r\000a\000m}{section.13.4}% 406
\BOOKMARK [2][-]{subsection.13.4.6}{\376\377\000A\000l\000t\000e\000r\000n\000a\000t\000i\000v\000e\000\040\000E\000x\000p\000e\000r\000i\000m\000e\000n\000t\000:\000\040\000M\000o\000t\000o\000r\000\040\000T\000r\000a\000n\000s\000f\000e\000r\000\040\000F\000u\000n\000c\000t\000i\000o\000n}{section.13.4}% 407
\BOOKMARK [1][-]{section.13.5}{\376\377\000W\000o\000r\000k\000e\000d\000\040\000E\000x\000a\000m\000p\000l\000e\000s}{chapter.13}% 408
\BOOKMARK [1][-]{section.13.6}{\376\377\000S\000u\000m\000m\000a\000r\000y}{chapter.13}% 409
\BOOKMARK [1][-]{section.13.7}{\376\377\000E\000x\000e\000r\000c\000i\000s\000e\000s}{chapter.13}% 410
\BOOKMARK [0][-]{chapter.14}{\376\377\000L\000e\000a\000d\000-\000L\000a\000g\000\040\000C\000o\000m\000p\000e\000n\000s\000a\000t\000i\000o\000n}{part.3}% 411
\BOOKMARK [1][-]{section*.266}{\376\377\000C\000h\000a\000p\000t\000e\000r\000\040\000O\000v\000e\000r\000v\000i\000e\000w}{chapter.14}% 412
\BOOKMARK [1][-]{section.14.1}{\376\377\000H\000i\000s\000t\000o\000r\000i\000c\000a\000l\000\040\000M\000o\000t\000i\000v\000a\000t\000i\000o\000n\000:\000\040\000F\000r\000o\000m\000\040\000A\000n\000t\000i\000-\000A\000i\000r\000c\000r\000a\000f\000t\000\040\000G\000u\000n\000s\000\040\000t\000o\000\040\000M\000o\000d\000e\000r\000n\000\040\000S\000e\000r\000v\000o\000s}{chapter.14}% 413
\BOOKMARK [2][-]{subsection.14.1.1}{\376\377\000T\000h\000e\000\040\000F\000i\000r\000e\000\040\000C\000o\000n\000t\000r\000o\000l\000\040\000P\000r\000o\000b\000l\000e\000m\000\040\000o\000f\000\040\000W\000o\000r\000l\000d\000\040\000W\000a\000r\000\040\000I\000I}{section.14.1}% 414
\BOOKMARK [2][-]{subsection.14.1.2}{\376\377\000T\000h\000e\000\040\000L\000i\000m\000i\000t\000a\000t\000i\000o\000n\000\040\000o\000f\000\040\000P\000u\000r\000e\000\040\000P\000I\000D\000\040\000C\000o\000n\000t\000r\000o\000l}{section.14.1}% 415
\BOOKMARK [2][-]{subsection.14.1.3}{\376\377\000B\000o\000d\000e\000'\000s\000\040\000R\000e\000v\000o\000l\000u\000t\000i\000o\000n\000a\000r\000y\000\040\000C\000o\000n\000t\000r\000i\000b\000u\000t\000i\000o\000n}{section.14.1}% 416
\BOOKMARK [2][-]{subsection.14.1.4}{\376\377\000L\000e\000a\000d\000\040\000C\000o\000m\000p\000e\000n\000s\000a\000t\000i\000o\000n\000:\000\040\000F\000i\000l\000t\000e\000r\000e\000d\000\040\000D\000e\000r\000i\000v\000a\000t\000i\000v\000e\000\040\000A\000c\000t\000i\000o\000n}{section.14.1}% 417
\BOOKMARK [2][-]{subsection.14.1.5}{\376\377\000L\000a\000g\000\040\000C\000o\000m\000p\000e\000n\000s\000a\000t\000i\000o\000n\000:\000\040\000S\000t\000a\000b\000l\000e\000\040\000I\000n\000t\000e\000g\000r\000a\000l\000\040\000A\000c\000t\000i\000o\000n}{section.14.1}% 418
\BOOKMARK [2][-]{subsection.14.1.6}{\376\377\000L\000e\000a\000d\000-\000L\000a\000g\000:\000\040\000T\000h\000e\000\040\000B\000e\000s\000t\000\040\000o\000f\000\040\000B\000o\000t\000h\000\040\000W\000o\000r\000l\000d\000s}{section.14.1}% 419
\BOOKMARK [1][-]{section.14.2}{\376\377\000M\000o\000d\000e\000r\000n\000\040\000A\000p\000p\000l\000i\000c\000a\000t\000i\000o\000n\000s}{chapter.14}% 420
\BOOKMARK [2][-]{subsection.14.2.1}{\376\377\000H\000a\000r\000d\000\040\000D\000i\000s\000k\000\040\000D\000r\000i\000v\000e\000\040\000S\000e\000r\000v\000o\000\040\000S\000y\000s\000t\000e\000m\000s}{section.14.2}% 421
\BOOKMARK [2][-]{subsection.14.2.2}{\376\377\000A\000n\000t\000e\000n\000n\000a\000\040\000T\000r\000a\000c\000k\000i\000n\000g\000\040\000S\000y\000s\000t\000e\000m\000s}{section.14.2}% 422
\BOOKMARK [2][-]{subsection.14.2.3}{\376\377\000P\000o\000w\000e\000r\000\040\000S\000y\000s\000t\000e\000m\000\040\000S\000t\000a\000b\000i\000l\000i\000z\000e\000r\000s}{section.14.2}% 423
\BOOKMARK [2][-]{subsection.14.2.4}{\376\377\000P\000r\000e\000c\000i\000s\000i\000o\000n\000\040\000M\000o\000t\000i\000o\000n\000\040\000C\000o\000n\000t\000r\000o\000l}{section.14.2}% 424
\BOOKMARK [1][-]{section.14.3}{\376\377\000M\000a\000t\000h\000e\000m\000a\000t\000i\000c\000a\000l\000\040\000F\000o\000u\000n\000d\000a\000t\000i\000o\000n}{chapter.14}% 425
\BOOKMARK [2][-]{subsection.14.3.1}{\376\377\000T\000h\000e\000\040\000G\000e\000n\000e\000r\000a\000l\000\040\000F\000i\000r\000s\000t\000-\000O\000r\000d\000e\000r\000\040\000C\000o\000m\000p\000e\000n\000s\000a\000t\000o\000r}{section.14.3}% 426
\BOOKMARK [2][-]{subsection.14.3.2}{\376\377\000L\000e\000a\000d\000\040\000C\000o\000m\000p\000e\000n\000s\000a\000t\000o\000r\000\040\000A\000n\000a\000l\000y\000s\000i\000s}{section.14.3}% 427
\BOOKMARK [2][-]{subsection.14.3.3}{\376\377\000L\000a\000g\000\040\000C\000o\000m\000p\000e\000n\000s\000a\000t\000o\000r\000\040\000A\000n\000a\000l\000y\000s\000i\000s}{section.14.3}% 428
\BOOKMARK [2][-]{subsection.14.3.4}{\376\377\000L\000e\000a\000d\000-\000L\000a\000g\000\040\000C\000o\000m\000p\000e\000n\000s\000a\000t\000o\000r}{section.14.3}% 429
\BOOKMARK [2][-]{subsection.14.3.5}{\376\377\000R\000o\000o\000t\000\040\000L\000o\000c\000u\000s\000\040\000I\000n\000t\000e\000r\000p\000r\000e\000t\000a\000t\000i\000o\000n}{section.14.3}% 430
\BOOKMARK [1][-]{section.14.4}{\376\377\000P\000r\000a\000c\000t\000i\000c\000a\000l\000\040\000E\000x\000p\000e\000r\000i\000m\000e\000n\000t\000:\000\040\000M\000o\000t\000o\000r\000\040\000P\000o\000s\000i\000t\000i\000o\000n\000\040\000C\000o\000n\000t\000r\000o\000l\000\040\000w\000i\000t\000h\000\040\000L\000e\000a\000d\000\040\000C\000o\000m\000p\000e\000n\000s\000a\000t\000i\000o\000n}{chapter.14}% 431
\BOOKMARK [2][-]{subsection.14.4.1}{\376\377\000O\000b\000j\000e\000c\000t\000i\000v\000e}{section.14.4}% 432
\BOOKMARK [2][-]{subsection.14.4.2}{\376\377\000R\000e\000q\000u\000i\000r\000e\000d\000\040\000E\000q\000u\000i\000p\000m\000e\000n\000t}{section.14.4}% 433
\BOOKMARK [2][-]{subsection.14.4.3}{\376\377\000S\000y\000s\000t\000e\000m\000\040\000M\000o\000d\000e\000l}{section.14.4}% 434
\BOOKMARK [2][-]{subsection.14.4.4}{\376\377\000E\000x\000p\000e\000r\000i\000m\000e\000n\000t\000\040\000P\000r\000o\000c\000e\000d\000u\000r\000e}{section.14.4}% 435
\BOOKMARK [2][-]{subsection.14.4.5}{\376\377\000E\000x\000p\000e\000c\000t\000e\000d\000\040\000R\000e\000s\000u\000l\000t\000s}{section.14.4}% 436
\BOOKMARK [2][-]{subsection.14.4.6}{\376\377\000V\000e\000r\000i\000f\000y\000i\000n\000g\000\040\000P\000h\000a\000s\000e\000\040\000M\000a\000r\000g\000i\000n\000\040\000I\000m\000p\000r\000o\000v\000e\000m\000e\000n\000t}{section.14.4}% 437
\BOOKMARK [1][-]{section.14.5}{\376\377\000E\000x\000a\000m\000p\000l\000e\000\040\000P\000r\000o\000b\000l\000e\000m\000s}{chapter.14}% 438
\BOOKMARK [2][-]{subsection.14.5.1}{\376\377\000E\000x\000a\000m\000p\000l\000e\000\040\0001\0004\000.\0003\000:\000\040\000M\000a\000x\000i\000m\000u\000m\000\040\000P\000h\000a\000s\000e\000\040\000L\000e\000a\000d\000\040\000C\000a\000l\000c\000u\000l\000a\000t\000i\000o\000n}{section.14.5}% 439
\BOOKMARK [2][-]{subsection.14.5.2}{\376\377\000E\000x\000a\000m\000p\000l\000e\000\040\0001\0004\000.\0004\000:\000\040\000L\000e\000a\000d\000-\000L\000a\000g\000\040\000D\000e\000s\000i\000g\000n\000\040\000f\000o\000r\000\040\000C\000o\000m\000b\000i\000n\000e\000d\000\040\000S\000p\000e\000c\000i\000f\000i\000c\000a\000t\000i\000o\000n\000s}{section.14.5}% 440
\BOOKMARK [2][-]{subsection.14.5.3}{\376\377\000E\000x\000a\000m\000p\000l\000e\000\040\0001\0004\000.\0005\000:\000\040\000D\000i\000g\000i\000t\000a\000l\000\040\000I\000m\000p\000l\000e\000m\000e\000n\000t\000a\000t\000i\000o\000n\000\040\000o\000f\000\040\000L\000e\000a\000d\000\040\000C\000o\000m\000p\000e\000n\000s\000a\000t\000o\000r}{section.14.5}% 441
\BOOKMARK [2][-]{subsection.14.5.4}{\376\377\000E\000x\000a\000m\000p\000l\000e\000\040\0001\0004\000.\0006\000:\000\040\000P\000h\000a\000s\000e\000\040\000M\000a\000r\000g\000i\000n\000\040\000f\000r\000o\000m\000\040\000B\000o\000d\000e\000\040\000P\000l\000o\000t}{section.14.5}% 442
\BOOKMARK [1][-]{section.14.6}{\376\377\000C\000h\000a\000p\000t\000e\000r\000\040\000S\000u\000m\000m\000a\000r\000y}{chapter.14}% 443
\BOOKMARK [1][-]{section.14.7}{\376\377\000E\000x\000e\000r\000c\000i\000s\000e\000s}{chapter.14}% 444
\BOOKMARK [1][-]{section*.288}{\376\377\000F\000u\000r\000t\000h\000e\000r\000\040\000R\000e\000a\000d\000i\000n\000g}{chapter.14}% 445
\BOOKMARK [-1][-]{part.4}{\376\377\000I\000V\000\040\000S\000t\000a\000t\000e\000-\000S\000p\000a\000c\000e\000\040\000C\000o\000n\000t\000r\000o\000l}{}% 446
\BOOKMARK [0][-]{chapter.15}{\376\377\000C\000o\000n\000t\000r\000o\000l\000l\000a\000b\000i\000l\000i\000t\000y\000\040\000a\000n\000d\000\040\000S\000t\000a\000t\000e\000\040\000F\000e\000e\000d\000b\000a\000c\000k}{part.4}% 447
\BOOKMARK [1][-]{section.15.1}{\376\377\000H\000i\000s\000t\000o\000r\000i\000c\000a\000l\000\040\000M\000o\000t\000i\000v\000a\000t\000i\000o\000n\000:\000\040\000T\000h\000e\000\040\000B\000i\000r\000t\000h\000\040\000o\000f\000\040\000S\000t\000a\000t\000e\000-\000S\000p\000a\000c\000e\000\040\000C\000o\000n\000t\000r\000o\000l}{chapter.15}% 448
\BOOKMARK [2][-]{subsection.15.1.1}{\376\377\000T\000h\000e\000\040\000C\000l\000a\000s\000s\000i\000c\000a\000l\000\040\000C\000o\000n\000t\000r\000o\000l\000\040\000D\000i\000l\000e\000m\000m\000a}{section.15.1}% 449
\BOOKMARK [2][-]{subsection.15.1.2}{\376\377\000K\000a\000l\000m\000a\000n\000'\000s\000\040\000R\000e\000v\000o\000l\000u\000t\000i\000o\000n\000a\000r\000y\000\040\000F\000r\000a\000m\000e\000w\000o\000r\000k}{section.15.1}% 450
\BOOKMARK [2][-]{subsection.15.1.3}{\376\377\000T\000h\000e\000\040\000S\000p\000a\000c\000e\000\040\000R\000a\000c\000e\000\040\000C\000o\000n\000t\000e\000x\000t}{section.15.1}% 451
\BOOKMARK [2][-]{subsection.15.1.4}{\376\377\000T\000h\000e\000\040\000C\000o\000n\000t\000r\000o\000l\000l\000a\000b\000i\000l\000i\000t\000y\000\040\000Q\000u\000e\000s\000t\000i\000o\000n}{section.15.1}% 452
\BOOKMARK [2][-]{subsection.15.1.5}{\376\377\000F\000r\000o\000m\000\040\000T\000h\000e\000o\000r\000y\000\040\000t\000o\000\040\000P\000r\000a\000c\000t\000i\000c\000e\000:\000\040\000A\000c\000k\000e\000r\000m\000a\000n\000n\000'\000s\000\040\000C\000o\000n\000t\000r\000i\000b\000u\000t\000i\000o\000n}{section.15.1}% 453
\BOOKMARK [2][-]{subsection.15.1.6}{\376\377\000T\000h\000e\000\040\000M\000o\000d\000e\000r\000n\000\040\000L\000e\000g\000a\000c\000y}{section.15.1}% 454
\BOOKMARK [1][-]{section.15.2}{\376\377\000M\000o\000d\000e\000r\000n\000\040\000A\000p\000p\000l\000i\000c\000a\000t\000i\000o\000n\000s}{chapter.15}% 455
\BOOKMARK [2][-]{subsection.15.2.1}{\376\377\000S\000p\000a\000c\000e\000c\000r\000a\000f\000t\000\040\000A\000t\000t\000i\000t\000u\000d\000e\000\040\000C\000o\000n\000t\000r\000o\000l}{section.15.2}% 456
\BOOKMARK [2][-]{subsection.15.2.2}{\376\377\000M\000u\000l\000t\000i\000-\000A\000x\000i\000s\000\040\000R\000o\000b\000o\000t\000\040\000C\000o\000n\000t\000r\000o\000l}{section.15.2}% 457
\BOOKMARK [2][-]{subsection.15.2.3}{\376\377\000A\000c\000t\000i\000v\000e\000\040\000S\000u\000s\000p\000e\000n\000s\000i\000o\000n\000\040\000S\000y\000s\000t\000e\000m\000s}{section.15.2}% 458
\BOOKMARK [2][-]{subsection.15.2.4}{\376\377\000P\000r\000o\000c\000e\000s\000s\000\040\000C\000o\000n\000t\000r\000o\000l}{section.15.2}% 459
\BOOKMARK [1][-]{section.15.3}{\376\377\000M\000a\000t\000h\000e\000m\000a\000t\000i\000c\000a\000l\000\040\000F\000o\000u\000n\000d\000a\000t\000i\000o\000n}{chapter.15}% 460
\BOOKMARK [2][-]{subsection.15.3.1}{\376\377\000D\000e\000f\000i\000n\000i\000t\000i\000o\000n\000\040\000o\000f\000\040\000C\000o\000n\000t\000r\000o\000l\000l\000a\000b\000i\000l\000i\000t\000y}{section.15.3}% 461
\BOOKMARK [2][-]{subsection.15.3.2}{\376\377\000T\000h\000e\000\040\000C\000o\000n\000t\000r\000o\000l\000l\000a\000b\000i\000l\000i\000t\000y\000\040\000M\000a\000t\000r\000i\000x}{section.15.3}% 462
\BOOKMARK [2][-]{subsection.15.3.3}{\376\377\000T\000h\000e\000\040\000C\000o\000n\000t\000r\000o\000l\000l\000a\000b\000i\000l\000i\000t\000y\000\040\000R\000a\000n\000k\000\040\000C\000o\000n\000d\000i\000t\000i\000o\000n}{section.15.3}% 463
\BOOKMARK [2][-]{subsection.15.3.4}{\376\377\000T\000h\000e\000\040\000C\000o\000n\000t\000r\000o\000l\000l\000a\000b\000i\000l\000i\000t\000y\000\040\000G\000r\000a\000m\000i\000a\000n}{section.15.3}% 464
\BOOKMARK [2][-]{subsection.15.3.5}{\376\377\000S\000t\000a\000t\000e\000\040\000F\000e\000e\000d\000b\000a\000c\000k\000\040\000C\000o\000n\000t\000r\000o\000l}{section.15.3}% 465
\BOOKMARK [2][-]{subsection.15.3.6}{\376\377\000P\000o\000l\000e\000\040\000P\000l\000a\000c\000e\000m\000e\000n\000t\000\040\000T\000h\000e\000o\000r\000e\000m}{section.15.3}% 466
\BOOKMARK [2][-]{subsection.15.3.7}{\376\377\000A\000c\000k\000e\000r\000m\000a\000n\000n\000'\000s\000\040\000F\000o\000r\000m\000u\000l\000a}{section.15.3}% 467
\BOOKMARK [2][-]{subsection.15.3.8}{\376\377\000B\000a\000s\000s\000-\000G\000u\000r\000a\000\040\000F\000o\000r\000m\000u\000l\000a}{section.15.3}% 468
\BOOKMARK [2][-]{subsection.15.3.9}{\376\377\000P\000r\000a\000c\000t\000i\000c\000a\000l\000\040\000C\000o\000n\000s\000i\000d\000e\000r\000a\000t\000i\000o\000n\000s}{section.15.3}% 469
\BOOKMARK [1][-]{section.15.4}{\376\377\000P\000r\000a\000c\000t\000i\000c\000a\000l\000\040\000E\000x\000p\000e\000r\000i\000m\000e\000n\000t\000:\000\040\000I\000n\000v\000e\000r\000t\000e\000d\000\040\000P\000e\000n\000d\000u\000l\000u\000m\000\040\000S\000t\000a\000t\000e\000\040\000F\000e\000e\000d\000b\000a\000c\000k\000\040\000C\000o\000n\000t\000r\000o\000l}{chapter.15}% 470
\BOOKMARK [2][-]{subsection.15.4.1}{\376\377\000S\000y\000s\000t\000e\000m\000\040\000D\000e\000s\000c\000r\000i\000p\000t\000i\000o\000n}{section.15.4}% 471
\BOOKMARK [2][-]{subsection.15.4.2}{\376\377\000H\000a\000r\000d\000w\000a\000r\000e\000\040\000I\000m\000p\000l\000e\000m\000e\000n\000t\000a\000t\000i\000o\000n}{section.15.4}% 472
\BOOKMARK [2][-]{subsection.15.4.3}{\376\377\000C\000o\000n\000t\000r\000o\000l\000l\000e\000r\000\040\000I\000m\000p\000l\000e\000m\000e\000n\000t\000a\000t\000i\000o\000n}{section.15.4}% 473
\BOOKMARK [2][-]{subsection.15.4.4}{\376\377\000E\000x\000p\000e\000r\000i\000m\000e\000n\000t\000a\000l\000\040\000R\000e\000s\000u\000l\000t\000s}{section.15.4}% 474
\BOOKMARK [2][-]{subsection.15.4.5}{\376\377\000E\000x\000t\000e\000n\000s\000i\000o\000n\000s\000\040\000a\000n\000d\000\040\000V\000a\000r\000i\000a\000t\000i\000o\000n\000s}{section.15.4}% 475
\BOOKMARK [1][-]{section.15.5}{\376\377\000E\000x\000a\000m\000p\000l\000e\000\040\000P\000r\000o\000b\000l\000e\000m\000s}{chapter.15}% 476
\BOOKMARK [1][-]{section.15.6}{\376\377\000S\000u\000m\000m\000a\000r\000y}{chapter.15}% 477
\BOOKMARK [1][-]{section.15.7}{\376\377\000E\000x\000e\000r\000c\000i\000s\000e\000s}{chapter.15}% 478
\BOOKMARK [0][-]{chapter.16}{\376\377\000O\000b\000s\000e\000r\000v\000a\000b\000i\000l\000i\000t\000y\000\040\000a\000n\000d\000\040\000O\000b\000s\000e\000r\000v\000e\000r\000s}{part.4}% 479
\BOOKMARK [1][-]{section.16.1}{\376\377\000H\000i\000s\000t\000o\000r\000i\000c\000a\000l\000\040\000M\000o\000t\000i\000v\000a\000t\000i\000o\000n\000:\000\040\000T\000h\000e\000\040\000H\000i\000d\000d\000e\000n\000\040\000S\000t\000a\000t\000e\000\040\000P\000r\000o\000b\000l\000e\000m}{chapter.16}% 480
\BOOKMARK [2][-]{subsection.16.1.1}{\376\377\000T\000h\000e\000\040\000F\000u\000n\000d\000a\000m\000e\000n\000t\000a\000l\000\040\000C\000h\000a\000l\000l\000e\000n\000g\000e\000\040\000o\000f\000\040\000S\000t\000a\000t\000e\000\040\000E\000s\000t\000i\000m\000a\000t\000i\000o\000n}{section.16.1}% 481
\BOOKMARK [2][-]{subsection.16.1.2}{\376\377\000K\000a\000l\000m\000a\000n\000'\000s\000\040\000D\000u\000a\000l\000\040\000D\000i\000s\000c\000o\000v\000e\000r\000y\000\040\000\050\0001\0009\0006\0000\000\051}{section.16.1}% 482
\BOOKMARK [2][-]{subsection.16.1.3}{\376\377\000L\000u\000e\000n\000b\000e\000r\000g\000e\000r\000'\000s\000\040\000O\000b\000s\000e\000r\000v\000e\000r\000\040\000\050\0001\0009\0006\0004\000\051}{section.16.1}% 483
\BOOKMARK [2][-]{subsection.16.1.4}{\376\377\000A\000e\000r\000o\000s\000p\000a\000c\000e\000\040\000A\000p\000p\000l\000i\000c\000a\000t\000i\000o\000n\000s\000:\000\040\000A\000p\000o\000l\000l\000o\000\040\000N\000a\000v\000i\000g\000a\000t\000i\000o\000n}{section.16.1}% 484
\BOOKMARK [2][-]{subsection.16.1.5}{\376\377\000S\000u\000b\000m\000a\000r\000i\000n\000e\000\040\000T\000a\000r\000g\000e\000t\000\040\000M\000o\000t\000i\000o\000n\000\040\000A\000n\000a\000l\000y\000s\000i\000s}{section.16.1}% 485
\BOOKMARK [2][-]{subsection.16.1.6}{\376\377\000T\000h\000e\000\040\000K\000e\000y\000\040\000I\000n\000s\000i\000g\000h\000t}{section.16.1}% 486
\BOOKMARK [1][-]{section.16.2}{\376\377\000M\000o\000d\000e\000r\000n\000\040\000A\000p\000p\000l\000i\000c\000a\000t\000i\000o\000n\000s}{chapter.16}% 487
\BOOKMARK [2][-]{subsection.16.2.1}{\376\377\000G\000P\000S\000\040\000R\000e\000c\000e\000i\000v\000e\000r\000s}{section.16.2}% 488
\BOOKMARK [2][-]{subsection.16.2.2}{\376\377\000M\000o\000t\000o\000r\000\040\000C\000o\000n\000t\000r\000o\000l\000:\000\040\000V\000e\000l\000o\000c\000i\000t\000y\000\040\000E\000s\000t\000i\000m\000a\000t\000i\000o\000n\000\040\000f\000r\000o\000m\000\040\000P\000o\000s\000i\000t\000i\000o\000n}{section.16.2}% 489
\BOOKMARK [2][-]{subsection.16.2.3}{\376\377\000B\000a\000t\000t\000e\000r\000y\000\040\000S\000t\000a\000t\000e\000-\000o\000f\000-\000C\000h\000a\000r\000g\000e\000\040\000E\000s\000t\000i\000m\000a\000t\000i\000o\000n}{section.16.2}% 490
\BOOKMARK [2][-]{subsection.16.2.4}{\376\377\000S\000o\000f\000t\000\040\000S\000e\000n\000s\000o\000r\000s\000\040\000i\000n\000\040\000C\000h\000e\000m\000i\000c\000a\000l\000\040\000P\000r\000o\000c\000e\000s\000s\000e\000s}{section.16.2}% 491
\BOOKMARK [1][-]{section.16.3}{\376\377\000M\000a\000t\000h\000e\000m\000a\000t\000i\000c\000a\000l\000\040\000F\000o\000u\000n\000d\000a\000t\000i\000o\000n}{chapter.16}% 492
\BOOKMARK [2][-]{subsection.16.3.1}{\376\377\000S\000y\000s\000t\000e\000m\000\040\000D\000e\000s\000c\000r\000i\000p\000t\000i\000o\000n}{section.16.3}% 493
\BOOKMARK [2][-]{subsection.16.3.2}{\376\377\000D\000e\000f\000i\000n\000i\000t\000i\000o\000n\000\040\000o\000f\000\040\000O\000b\000s\000e\000r\000v\000a\000b\000i\000l\000i\000t\000y}{section.16.3}% 494
\BOOKMARK [2][-]{subsection.16.3.3}{\376\377\000T\000h\000e\000\040\000O\000b\000s\000e\000r\000v\000a\000b\000i\000l\000i\000t\000y\000\040\000M\000a\000t\000r\000i\000x}{section.16.3}% 495
\BOOKMARK [2][-]{subsection.16.3.4}{\376\377\000D\000u\000a\000l\000i\000t\000y\000\040\000B\000e\000t\000w\000e\000e\000n\000\040\000C\000o\000n\000t\000r\000o\000l\000l\000a\000b\000i\000l\000i\000t\000y\000\040\000a\000n\000d\000\040\000O\000b\000s\000e\000r\000v\000a\000b\000i\000l\000i\000t\000y}{section.16.3}% 496
\BOOKMARK [2][-]{subsection.16.3.5}{\376\377\000T\000h\000e\000\040\000L\000u\000e\000n\000b\000e\000r\000g\000e\000r\000\040\000O\000b\000s\000e\000r\000v\000e\000r}{section.16.3}% 497
\BOOKMARK [2][-]{subsection.16.3.6}{\376\377\000O\000b\000s\000e\000r\000v\000e\000r\000\040\000D\000e\000s\000i\000g\000n\000\040\000b\000y\000\040\000P\000o\000l\000e\000\040\000P\000l\000a\000c\000e\000m\000e\000n\000t}{section.16.3}% 498
\BOOKMARK [2][-]{subsection.16.3.7}{\376\377\000T\000h\000e\000\040\000S\000e\000p\000a\000r\000a\000t\000i\000o\000n\000\040\000P\000r\000i\000n\000c\000i\000p\000l\000e}{section.16.3}% 499
\BOOKMARK [2][-]{subsection.16.3.8}{\376\377\000O\000b\000s\000e\000r\000v\000e\000r\000-\000B\000a\000s\000e\000d\000\040\000C\000o\000n\000t\000r\000o\000l\000\040\000I\000m\000p\000l\000e\000m\000e\000n\000t\000a\000t\000i\000o\000n}{section.16.3}% 500
\BOOKMARK [2][-]{subsection.16.3.9}{\376\377\000T\000r\000a\000n\000s\000f\000e\000r\000\040\000F\000u\000n\000c\000t\000i\000o\000n\000\040\000I\000n\000t\000e\000r\000p\000r\000e\000t\000a\000t\000i\000o\000n}{section.16.3}% 501
\BOOKMARK [1][-]{section.16.4}{\376\377\000P\000r\000a\000c\000t\000i\000c\000a\000l\000\040\000E\000x\000p\000e\000r\000i\000m\000e\000n\000t\000:\000\040\000M\000o\000t\000o\000r\000\040\000V\000e\000l\000o\000c\000i\000t\000y\000\040\000O\000b\000s\000e\000r\000v\000e\000r}{chapter.16}% 502
\BOOKMARK [2][-]{subsection.16.4.1}{\376\377\000O\000b\000j\000e\000c\000t\000i\000v\000e}{section.16.4}% 503
\BOOKMARK [2][-]{subsection.16.4.2}{\376\377\000R\000e\000q\000u\000i\000r\000e\000d\000\040\000E\000q\000u\000i\000p\000m\000e\000n\000t}{section.16.4}% 504
\BOOKMARK [2][-]{subsection.16.4.3}{\376\377\000M\000o\000t\000o\000r\000\040\000M\000o\000d\000e\000l}{section.16.4}% 505
\BOOKMARK [2][-]{subsection.16.4.4}{\376\377\000O\000b\000s\000e\000r\000v\000a\000b\000i\000l\000i\000t\000y\000\040\000A\000n\000a\000l\000y\000s\000i\000s}{section.16.4}% 506
\BOOKMARK [2][-]{subsection.16.4.5}{\376\377\000O\000b\000s\000e\000r\000v\000e\000r\000\040\000D\000e\000s\000i\000g\000n}{section.16.4}% 507
\BOOKMARK [2][-]{subsection.16.4.6}{\376\377\000M\000i\000c\000r\000o\000c\000o\000n\000t\000r\000o\000l\000l\000e\000r\000\040\000I\000m\000p\000l\000e\000m\000e\000n\000t\000a\000t\000i\000o\000n}{section.16.4}% 508
\BOOKMARK [2][-]{subsection.16.4.7}{\376\377\000E\000x\000p\000e\000r\000i\000m\000e\000n\000t\000a\000l\000\040\000P\000r\000o\000c\000e\000d\000u\000r\000e}{section.16.4}% 509
\BOOKMARK [2][-]{subsection.16.4.8}{\376\377\000E\000x\000p\000e\000c\000t\000e\000d\000\040\000R\000e\000s\000u\000l\000t\000s}{section.16.4}% 510
\BOOKMARK [1][-]{section.16.5}{\376\377\000B\000l\000o\000c\000k\000\040\000D\000i\000a\000g\000r\000a\000m\000s}{chapter.16}% 511
\BOOKMARK [2][-]{subsection.16.5.1}{\376\377\000B\000a\000s\000i\000c\000\040\000O\000b\000s\000e\000r\000v\000e\000r\000\040\000S\000t\000r\000u\000c\000t\000u\000r\000e}{section.16.5}% 512
\BOOKMARK [2][-]{subsection.16.5.2}{\376\377\000O\000b\000s\000e\000r\000v\000e\000r\000-\000B\000a\000s\000e\000d\000\040\000C\000o\000n\000t\000r\000o\000l\000\040\000S\000y\000s\000t\000e\000m}{section.16.5}% 513
\BOOKMARK [2][-]{subsection.16.5.3}{\376\377\000S\000t\000a\000t\000e\000\040\000E\000s\000t\000i\000m\000a\000t\000i\000o\000n\000\040\000E\000r\000r\000o\000r\000\040\000C\000o\000n\000v\000e\000r\000g\000e\000n\000c\000e}{section.16.5}% 514
\BOOKMARK [1][-]{section.16.6}{\376\377\000W\000o\000r\000k\000e\000d\000\040\000E\000x\000a\000m\000p\000l\000e\000s}{chapter.16}% 515
\BOOKMARK [2][-]{subsection.16.6.1}{\376\377\000E\000x\000a\000m\000p\000l\000e\000\040\0003\000:\000\040\000D\000u\000a\000l\000i\000t\000y\000\040\000B\000e\000t\000w\000e\000e\000n\000\040\000C\000o\000n\000t\000r\000o\000l\000l\000a\000b\000i\000l\000i\000t\000y\000\040\000a\000n\000d\000\040\000O\000b\000s\000e\000r\000v\000a\000b\000i\000l\000i\000t\000y}{section.16.6}% 516
\BOOKMARK [2][-]{subsection.16.6.2}{\376\377\000E\000x\000a\000m\000p\000l\000e\000\040\0004\000:\000\040\000O\000b\000s\000e\000r\000v\000e\000r\000-\000B\000a\000s\000e\000d\000\040\000C\000o\000n\000t\000r\000o\000l\000l\000e\000r\000\040\000D\000e\000s\000i\000g\000n}{section.16.6}% 517
\BOOKMARK [2][-]{subsection.16.6.3}{\376\377\000E\000x\000a\000m\000p\000l\000e\000\040\0005\000:\000\040\000O\000b\000s\000e\000r\000v\000e\000r\000\040\000C\000o\000n\000v\000e\000r\000g\000e\000n\000c\000e\000\040\000R\000a\000t\000e\000\040\000A\000n\000a\000l\000y\000s\000i\000s}{section.16.6}% 518
\BOOKMARK [2][-]{subsection.16.6.4}{\376\377\000E\000x\000a\000m\000p\000l\000e\000\040\0006\000:\000\040\000U\000n\000o\000b\000s\000e\000r\000v\000a\000b\000l\000e\000\040\000S\000y\000s\000t\000e\000m\000\040\000A\000n\000a\000l\000y\000s\000i\000s}{section.16.6}% 519
\BOOKMARK [1][-]{section.16.7}{\376\377\000S\000u\000m\000m\000a\000r\000y}{chapter.16}% 520
\BOOKMARK [2][-]{subsection.16.7.1}{\376\377\000K\000e\000y\000\040\000C\000o\000n\000c\000e\000p\000t\000s}{section.16.7}% 521
\BOOKMARK [2][-]{subsection.16.7.2}{\376\377\000D\000e\000s\000i\000g\000n\000\040\000P\000r\000o\000c\000e\000d\000u\000r\000e}{section.16.7}% 522
\BOOKMARK [2][-]{subsection.16.7.3}{\376\377\000L\000o\000o\000k\000i\000n\000g\000\040\000A\000h\000e\000a\000d}{section.16.7}% 523
\BOOKMARK [1][-]{section.16.8}{\376\377\000E\000x\000e\000r\000c\000i\000s\000e\000s}{chapter.16}% 524
\BOOKMARK [0][-]{chapter.17}{\376\377\000L\000Q\000R\000:\000\040\000O\000p\000t\000i\000m\000a\000l\000\040\000S\000t\000a\000t\000e\000\040\000F\000e\000e\000d\000b\000a\000c\000k}{part.4}% 525
\BOOKMARK [1][-]{section.17.1}{\376\377\000H\000i\000s\000t\000o\000r\000i\000c\000a\000l\000\040\000M\000o\000t\000i\000v\000a\000t\000i\000o\000n\000:\000\040\000T\000h\000e\000\040\000Q\000u\000e\000s\000t\000\040\000f\000o\000r\000\040\000O\000p\000t\000i\000m\000a\000l\000\040\000C\000o\000n\000t\000r\000o\000l}{chapter.17}% 526
\BOOKMARK [2][-]{subsection.17.1.1}{\376\377\000T\000h\000e\000\040\000F\000u\000n\000d\000a\000m\000e\000n\000t\000a\000l\000\040\000D\000i\000l\000e\000m\000m\000a\000:\000\040\000W\000h\000e\000r\000e\000\040\000t\000o\000\040\000P\000l\000a\000c\000e\000\040\000t\000h\000e\000\040\000P\000o\000l\000e\000s\000?}{section.17.1}% 527
\BOOKMARK [2][-]{subsection.17.1.2}{\376\377\000R\000u\000d\000o\000l\000f\000\040\000K\000a\000l\000m\000a\000n\000\040\000a\000n\000d\000\040\000t\000h\000e\000\040\000B\000i\000r\000t\000h\000\040\000o\000f\000\040\000O\000p\000t\000i\000m\000a\000l\000\040\000C\000o\000n\000t\000r\000o\000l\000\040\000T\000h\000e\000o\000r\000y}{section.17.1}% 528
\BOOKMARK [2][-]{subsection.17.1.3}{\376\377\000P\000a\000r\000a\000l\000l\000e\000l\000\040\000D\000e\000v\000e\000l\000o\000p\000m\000e\000n\000t\000s\000:\000\040\000P\000o\000n\000t\000r\000y\000a\000g\000i\000n\000\040\000a\000n\000d\000\040\000B\000e\000l\000l\000m\000a\000n}{section.17.1}% 529
\BOOKMARK [2][-]{subsection.17.1.4}{\376\377\000F\000r\000o\000m\000\040\000T\000h\000e\000o\000r\000y\000\040\000t\000o\000\040\000t\000h\000e\000\040\000M\000o\000o\000n\000:\000\040\000L\000Q\000R\000\040\000i\000n\000\040\000t\000h\000e\000\040\000A\000p\000o\000l\000l\000o\000\040\000P\000r\000o\000g\000r\000a\000m}{section.17.1}% 530
\BOOKMARK [2][-]{subsection.17.1.5}{\376\377\000W\000h\000y\000\040\000L\000Q\000R\000\040\000M\000a\000t\000t\000e\000r\000s\000\040\000T\000o\000d\000a\000y}{section.17.1}% 531
\BOOKMARK [1][-]{section.17.2}{\376\377\000M\000o\000d\000e\000r\000n\000\040\000A\000p\000p\000l\000i\000c\000a\000t\000i\000o\000n\000s\000\040\000o\000f\000\040\000L\000Q\000R}{chapter.17}% 532
\BOOKMARK [2][-]{subsection.17.2.1}{\376\377\000A\000u\000t\000o\000n\000o\000m\000o\000u\000s\000\040\000V\000e\000h\000i\000c\000l\000e\000\040\000T\000r\000a\000j\000e\000c\000t\000o\000r\000y\000\040\000P\000l\000a\000n\000n\000i\000n\000g}{section.17.2}% 533
\BOOKMARK [2][-]{subsection.17.2.2}{\376\377\000Q\000u\000a\000d\000r\000o\000t\000o\000r\000\040\000A\000t\000t\000i\000t\000u\000d\000e\000\040\000C\000o\000n\000t\000r\000o\000l}{section.17.2}% 534
\BOOKMARK [2][-]{subsection.17.2.3}{\376\377\000E\000c\000o\000n\000o\000m\000i\000c\000\040\000P\000o\000l\000i\000c\000y\000\040\000O\000p\000t\000i\000m\000i\000z\000a\000t\000i\000o\000n}{section.17.2}% 535
\BOOKMARK [2][-]{subsection.17.2.4}{\376\377\000H\000u\000m\000a\000n\000o\000i\000d\000\040\000R\000o\000b\000o\000t\000\040\000B\000a\000l\000a\000n\000c\000e\000\040\000C\000o\000n\000t\000r\000o\000l}{section.17.2}% 536
\BOOKMARK [2][-]{subsection.17.2.5}{\376\377\000P\000o\000w\000e\000r\000\040\000G\000r\000i\000d\000\040\000F\000r\000e\000q\000u\000e\000n\000c\000y\000\040\000R\000e\000g\000u\000l\000a\000t\000i\000o\000n}{section.17.2}% 537
\BOOKMARK [1][-]{section.17.3}{\376\377\000M\000a\000t\000h\000e\000m\000a\000t\000i\000c\000a\000l\000\040\000F\000o\000u\000n\000d\000a\000t\000i\000o\000n}{chapter.17}% 538
\BOOKMARK [2][-]{subsection.17.3.1}{\376\377\000P\000r\000o\000b\000l\000e\000m\000\040\000F\000o\000r\000m\000u\000l\000a\000t\000i\000o\000n}{section.17.3}% 539
\BOOKMARK [2][-]{subsection.17.3.2}{\376\377\000I\000n\000t\000e\000r\000p\000r\000e\000t\000a\000t\000i\000o\000n\000\040\000o\000f\000\040\000t\000h\000e\000\040\000C\000o\000s\000t\000\040\000F\000u\000n\000c\000t\000i\000o\000n}{section.17.3}% 540
\BOOKMARK [2][-]{subsection.17.3.3}{\376\377\000S\000o\000l\000u\000t\000i\000o\000n\000\040\000v\000i\000a\000\040\000C\000a\000l\000c\000u\000l\000u\000s\000\040\000o\000f\000\040\000V\000a\000r\000i\000a\000t\000i\000o\000n\000s}{section.17.3}% 541
\BOOKMARK [2][-]{subsection.17.3.4}{\376\377\000T\000h\000e\000\040\000A\000l\000g\000e\000b\000r\000a\000i\000c\000\040\000R\000i\000c\000c\000a\000t\000i\000\040\000E\000q\000u\000a\000t\000i\000o\000n}{section.17.3}% 542
\BOOKMARK [2][-]{subsection.17.3.5}{\376\377\000T\000h\000e\000\040\000O\000p\000t\000i\000m\000a\000l\000\040\000G\000a\000i\000n\000\040\000a\000n\000d\000\040\000C\000l\000o\000s\000e\000d\000-\000L\000o\000o\000p\000\040\000S\000y\000s\000t\000e\000m}{section.17.3}% 543
\BOOKMARK [2][-]{subsection.17.3.6}{\376\377\000T\000h\000e\000\040\000O\000p\000t\000i\000m\000a\000l\000\040\000C\000o\000s\000t}{section.17.3}% 544
\BOOKMARK [2][-]{subsection.17.3.7}{\376\377\000T\000u\000n\000i\000n\000g\000\040\000Q\000\040\000a\000n\000d\000\040\000R\000:\000\040\000T\000h\000e\000\040\000A\000r\000t\000\040\000W\000i\000t\000h\000i\000n\000\040\000t\000h\000e\000\040\000S\000c\000i\000e\000n\000c\000e}{section.17.3}% 545
\BOOKMARK [2][-]{subsection.17.3.8}{\376\377\000T\000h\000e\000\040\000P\000a\000r\000e\000t\000o\000\040\000F\000r\000o\000n\000t\000i\000e\000r\000:\000\040\000P\000e\000r\000f\000o\000r\000m\000a\000n\000c\000e\000\040\000v\000s\000.\000\040\000E\000f\000f\000o\000r\000t}{section.17.3}% 546
\BOOKMARK [1][-]{section.17.4}{\376\377\000P\000r\000a\000c\000t\000i\000c\000a\000l\000\040\000E\000x\000p\000e\000r\000i\000m\000e\000n\000t\000:\000\040\000L\000Q\000R\000\040\000C\000o\000n\000t\000r\000o\000l\000\040\000o\000f\000\040\000a\000n\000\040\000I\000n\000v\000e\000r\000t\000e\000d\000\040\000P\000e\000n\000d\000u\000l\000u\000m}{chapter.17}% 547
\BOOKMARK [2][-]{subsection.17.4.1}{\376\377\000H\000a\000r\000d\000w\000a\000r\000e\000\040\000S\000e\000t\000u\000p}{section.17.4}% 548
\BOOKMARK [2][-]{subsection.17.4.2}{\376\377\000S\000y\000s\000t\000e\000m\000\040\000M\000o\000d\000e\000l}{section.17.4}% 549
\BOOKMARK [2][-]{subsection.17.4.3}{\376\377\000L\000Q\000R\000\040\000D\000e\000s\000i\000g\000n\000\040\000P\000r\000o\000c\000e\000d\000u\000r\000e}{section.17.4}% 550
\BOOKMARK [2][-]{subsection.17.4.4}{\376\377\000M\000i\000c\000r\000o\000c\000o\000n\000t\000r\000o\000l\000l\000e\000r\000\040\000I\000m\000p\000l\000e\000m\000e\000n\000t\000a\000t\000i\000o\000n}{section.17.4}% 551
\BOOKMARK [2][-]{subsection.17.4.5}{\376\377\000E\000x\000p\000e\000r\000i\000m\000e\000n\000t\000a\000l\000\040\000R\000e\000s\000u\000l\000t\000s}{section.17.4}% 552
\BOOKMARK [2][-]{subsection.17.4.6}{\376\377\000D\000i\000s\000c\000u\000s\000s\000i\000o\000n}{section.17.4}% 553
\BOOKMARK [1][-]{section.17.5}{\376\377\000E\000x\000a\000m\000p\000l\000e\000\040\000P\000r\000o\000b\000l\000e\000m\000s}{chapter.17}% 554
\BOOKMARK [2][-]{subsection.17.5.1}{\376\377\000E\000x\000a\000m\000p\000l\000e\000\040\0001\0007\000.\0003\000:\000\040\000A\000p\000p\000l\000y\000i\000n\000g\000\040\000B\000r\000y\000s\000o\000n\000'\000s\000\040\000R\000u\000l\000e}{section.17.5}% 555
\BOOKMARK [2][-]{subsection.17.5.2}{\376\377\000E\000x\000a\000m\000p\000l\000e\000\040\0001\0007\000.\0004\000:\000\040\000L\000Q\000R\000\040\000v\000s\000.\000\040\000P\000o\000l\000e\000\040\000P\000l\000a\000c\000e\000m\000e\000n\000t\000\040\000C\000o\000m\000p\000a\000r\000i\000s\000o\000n}{section.17.5}% 556
\BOOKMARK [2][-]{subsection.17.5.3}{\376\377\000E\000x\000a\000m\000p\000l\000e\000\040\0001\0007\000.\0005\000:\000\040\000V\000e\000r\000i\000f\000y\000i\000n\000g\000\040\000A\000R\000E\000\040\000S\000o\000l\000u\000t\000i\000o\000n\000\040\000S\000t\000a\000b\000i\000l\000i\000t\000y}{section.17.5}% 557
\BOOKMARK [2][-]{subsection.17.5.4}{\376\377\000E\000x\000a\000m\000p\000l\000e\000\040\0001\0007\000.\0006\000:\000\040\000M\000u\000l\000t\000i\000-\000I\000n\000p\000u\000t\000\040\000L\000Q\000R}{section.17.5}% 558
\BOOKMARK [1][-]{section.17.6}{\376\377\000C\000h\000a\000p\000t\000e\000r\000\040\000S\000u\000m\000m\000a\000r\000y}{chapter.17}% 559
\BOOKMARK [2][-]{subsection.17.6.1}{\376\377\000K\000e\000y\000\040\000E\000q\000u\000a\000t\000i\000o\000n\000s}{section.17.6}% 560
\BOOKMARK [2][-]{subsection.17.6.2}{\376\377\000K\000e\000y\000\040\000C\000o\000n\000c\000e\000p\000t\000s}{section.17.6}% 561
\BOOKMARK [1][-]{section.17.7}{\376\377\000E\000x\000e\000r\000c\000i\000s\000e\000s}{chapter.17}% 562
\BOOKMARK [0][-]{chapter.18}{\376\377\000K\000a\000l\000m\000a\000n\000\040\000F\000i\000l\000t\000e\000r\000:\000\040\000O\000p\000t\000i\000m\000a\000l\000\040\000E\000s\000t\000i\000m\000a\000t\000i\000o\000n}{part.4}% 563
\BOOKMARK [1][-]{section.18.1}{\376\377\000H\000i\000s\000t\000o\000r\000i\000c\000a\000l\000\040\000M\000o\000t\000i\000v\000a\000t\000i\000o\000n\000:\000\040\000T\000h\000e\000\040\000P\000r\000o\000b\000l\000e\000m\000\040\000o\000f\000\040\000N\000o\000i\000s\000y\000\040\000M\000e\000a\000s\000u\000r\000e\000m\000e\000n\000t\000s}{chapter.18}% 564
\BOOKMARK [2][-]{subsection.18.1.1}{\376\377\000R\000u\000d\000o\000l\000f\000\040\000K\000a\000l\000m\000a\000n\000\040\000a\000n\000d\000\040\000t\000h\000e\000\040\000B\000i\000r\000t\000h\000\040\000o\000f\000\040\000O\000p\000t\000i\000m\000a\000l\000\040\000F\000i\000l\000t\000e\000r\000i\000n\000g}{section.18.1}% 565
\BOOKMARK [2][-]{subsection.18.1.2}{\376\377\000B\000e\000f\000o\000r\000e\000\040\000K\000a\000l\000m\000a\000n\000:\000\040\000T\000h\000e\000\040\000W\000i\000e\000n\000e\000r\000\040\000F\000i\000l\000t\000e\000r}{section.18.1}% 566
\BOOKMARK [2][-]{subsection.18.1.3}{\376\377\000K\000a\000l\000m\000a\000n\000'\000s\000\040\000R\000e\000v\000o\000l\000u\000t\000i\000o\000n\000a\000r\000y\000\040\000I\000n\000s\000i\000g\000h\000t}{section.18.1}% 567
\BOOKMARK [2][-]{subsection.18.1.4}{\376\377\000S\000t\000a\000n\000l\000e\000y\000\040\000S\000c\000h\000m\000i\000d\000t\000\040\000a\000n\000d\000\040\000t\000h\000e\000\040\000A\000p\000o\000l\000l\000o\000\040\000P\000r\000o\000g\000r\000a\000m}{section.18.1}% 568
\BOOKMARK [2][-]{subsection.18.1.5}{\376\377\000D\000u\000a\000l\000i\000t\000y\000:\000\040\000T\000h\000e\000\040\000K\000a\000l\000m\000a\000n\000\040\000F\000i\000l\000t\000e\000r\000\040\000i\000s\000\040\000t\000o\000\040\000E\000s\000t\000i\000m\000a\000t\000i\000o\000n\000\040\000W\000h\000a\000t\000\040\000L\000Q\000R\000\040\000i\000s\000\040\000t\000o\000\040\000C\000o\000n\000t\000r\000o\000l}{section.18.1}% 569
\BOOKMARK [1][-]{section.18.2}{\376\377\000M\000o\000d\000e\000r\000n\000\040\000A\000p\000p\000l\000i\000c\000a\000t\000i\000o\000n\000s}{chapter.18}% 570
\BOOKMARK [2][-]{subsection.18.2.1}{\376\377\000G\000P\000S\000/\000I\000N\000S\000\040\000S\000e\000n\000s\000o\000r\000\040\000F\000u\000s\000i\000o\000n}{section.18.2}% 571
\BOOKMARK [2][-]{subsection.18.2.2}{\376\377\000S\000e\000l\000f\000-\000D\000r\000i\000v\000i\000n\000g\000\040\000C\000a\000r\000\040\000L\000o\000c\000a\000l\000i\000z\000a\000t\000i\000o\000n}{section.18.2}% 572
\BOOKMARK [2][-]{subsection.18.2.3}{\376\377\000W\000e\000a\000t\000h\000e\000r\000\040\000P\000r\000e\000d\000i\000c\000t\000i\000o\000n}{section.18.2}% 573
\BOOKMARK [2][-]{subsection.18.2.4}{\376\377\000F\000i\000n\000a\000n\000c\000i\000a\000l\000\040\000T\000i\000m\000e\000\040\000S\000e\000r\000i\000e\000s}{section.18.2}% 574
\BOOKMARK [1][-]{section.18.3}{\376\377\000M\000a\000t\000h\000e\000m\000a\000t\000i\000c\000a\000l\000\040\000F\000o\000u\000n\000d\000a\000t\000i\000o\000n}{chapter.18}% 575
\BOOKMARK [2][-]{subsection.18.3.1}{\376\377\000S\000y\000s\000t\000e\000m\000\040\000M\000o\000d\000e\000l\000\040\000w\000i\000t\000h\000\040\000S\000t\000o\000c\000h\000a\000s\000t\000i\000c\000\040\000N\000o\000i\000s\000e}{section.18.3}% 576
\BOOKMARK [2][-]{subsection.18.3.2}{\376\377\000T\000h\000e\000\040\000E\000s\000t\000i\000m\000a\000t\000i\000o\000n\000\040\000P\000r\000o\000b\000l\000e\000m}{section.18.3}% 577
\BOOKMARK [2][-]{subsection.18.3.3}{\376\377\000S\000t\000r\000u\000c\000t\000u\000r\000e\000\040\000o\000f\000\040\000t\000h\000e\000\040\000O\000p\000t\000i\000m\000a\000l\000\040\000E\000s\000t\000i\000m\000a\000t\000o\000r}{section.18.3}% 578
\BOOKMARK [2][-]{subsection.18.3.4}{\376\377\000D\000e\000r\000i\000v\000a\000t\000i\000o\000n\000\040\000o\000f\000\040\000t\000h\000e\000\040\000K\000a\000l\000m\000a\000n\000\040\000G\000a\000i\000n}{section.18.3}% 579
\BOOKMARK [2][-]{subsection.18.3.5}{\376\377\000T\000h\000e\000\040\000C\000o\000n\000t\000i\000n\000u\000o\000u\000s\000-\000T\000i\000m\000e\000\040\000R\000i\000c\000c\000a\000t\000i\000\040\000E\000q\000u\000a\000t\000i\000o\000n}{section.18.3}% 580
\BOOKMARK [2][-]{subsection.18.3.6}{\376\377\000S\000u\000m\000m\000a\000r\000y\000:\000\040\000C\000o\000n\000t\000i\000n\000u\000o\000u\000s\000-\000T\000i\000m\000e\000\040\000K\000a\000l\000m\000a\000n\000\040\000F\000i\000l\000t\000e\000r}{section.18.3}% 581
\BOOKMARK [2][-]{subsection.18.3.7}{\376\377\000D\000i\000s\000c\000r\000e\000t\000e\000-\000T\000i\000m\000e\000\040\000K\000a\000l\000m\000a\000n\000\040\000F\000i\000l\000t\000e\000r}{section.18.3}% 582
\BOOKMARK [2][-]{subsection.18.3.8}{\376\377\000U\000n\000d\000e\000r\000s\000t\000a\000n\000d\000i\000n\000g\000\040\000t\000h\000e\000\040\000K\000a\000l\000m\000a\000n\000\040\000G\000a\000i\000n}{section.18.3}% 583
\BOOKMARK [2][-]{subsection.18.3.9}{\376\377\000T\000u\000n\000i\000n\000g\000\040\000Q\000\040\000a\000n\000d\000\040\000R\000:\000\040\000M\000o\000d\000e\000l\000\040\000v\000s\000.\000\040\000S\000e\000n\000s\000o\000r\000\040\000C\000o\000n\000f\000i\000d\000e\000n\000c\000e}{section.18.3}% 584
\BOOKMARK [2][-]{subsection.18.3.10}{\376\377\000D\000u\000a\000l\000i\000t\000y\000\040\000w\000i\000t\000h\000\040\000L\000Q\000R\000:\000\040\000T\000h\000e\000\040\000A\000l\000g\000e\000b\000r\000a\000i\000c\000\040\000R\000i\000c\000c\000a\000t\000i\000\040\000E\000q\000u\000a\000t\000i\000o\000n}{section.18.3}% 585
\BOOKMARK [1][-]{section.18.4}{\376\377\000P\000r\000a\000c\000t\000i\000c\000a\000l\000\040\000E\000x\000p\000e\000r\000i\000m\000e\000n\000t\000:\000\040\000I\000M\000U\000\040\000S\000e\000n\000s\000o\000r\000\040\000F\000u\000s\000i\000o\000n}{chapter.18}% 586
\BOOKMARK [2][-]{subsection.18.4.1}{\376\377\000T\000h\000e\000\040\000S\000e\000n\000s\000o\000r\000\040\000F\000u\000s\000i\000o\000n\000\040\000P\000r\000o\000b\000l\000e\000m}{section.18.4}% 587
\BOOKMARK [2][-]{subsection.18.4.2}{\376\377\000H\000a\000r\000d\000w\000a\000r\000e\000\040\000S\000e\000t\000u\000p}{section.18.4}% 588
\BOOKMARK [2][-]{subsection.18.4.3}{\376\377\000M\000a\000t\000h\000e\000m\000a\000t\000i\000c\000a\000l\000\040\000M\000o\000d\000e\000l\000\040\000f\000o\000r\000\040\000A\000n\000g\000l\000e\000\040\000E\000s\000t\000i\000m\000a\000t\000i\000o\000n}{section.18.4}% 589
\BOOKMARK [2][-]{subsection.18.4.4}{\376\377\000I\000m\000p\000l\000e\000m\000e\000n\000t\000a\000t\000i\000o\000n}{section.18.4}% 590
\BOOKMARK [2][-]{subsection.18.4.5}{\376\377\000V\000i\000s\000u\000a\000l\000i\000z\000a\000t\000i\000o\000n\000\040\000a\000n\000d\000\040\000T\000u\000n\000i\000n\000g}{section.18.4}% 591
\BOOKMARK [1][-]{section.18.5}{\376\377\000W\000o\000r\000k\000e\000d\000\040\000E\000x\000a\000m\000p\000l\000e\000s}{chapter.18}% 592
\BOOKMARK [2][-]{subsection.18.5.1}{\376\377\000E\000x\000a\000m\000p\000l\000e\000\040\0003\000:\000\040\000E\000f\000f\000e\000c\000t\000\040\000o\000f\000\040\000Q\000\040\000a\000n\000d\000\040\000R\000\040\000o\000n\000\040\000F\000i\000l\000t\000e\000r\000\040\000B\000e\000h\000a\000v\000i\000o\000r}{section.18.5}% 593
\BOOKMARK [2][-]{subsection.18.5.2}{\376\377\000E\000x\000a\000m\000p\000l\000e\000\040\0004\000:\000\040\000S\000t\000e\000p\000-\000b\000y\000-\000S\000t\000e\000p\000\040\000D\000i\000s\000c\000r\000e\000t\000e\000\040\000K\000a\000l\000m\000a\000n\000\040\000F\000i\000l\000t\000e\000r}{section.18.5}% 594
\BOOKMARK [2][-]{subsection.18.5.3}{\376\377\000E\000x\000a\000m\000p\000l\000e\000\040\0005\000:\000\040\000S\000e\000n\000s\000o\000r\000\040\000F\000u\000s\000i\000o\000n\040\024\000C\000o\000m\000b\000i\000n\000i\000n\000g\000\040\000T\000w\000o\000\040\000N\000o\000i\000s\000y\000\040\000M\000e\000a\000s\000u\000r\000e\000m\000e\000n\000t\000s}{section.18.5}% 595
\BOOKMARK [1][-]{section.18.6}{\376\377\000D\000i\000a\000g\000r\000a\000m\000s\000\040\000a\000n\000d\000\040\000V\000i\000s\000u\000a\000l\000i\000z\000a\000t\000i\000o\000n\000s}{chapter.18}% 596
\BOOKMARK [2][-]{subsection.18.6.1}{\376\377\000K\000a\000l\000m\000a\000n\000\040\000F\000i\000l\000t\000e\000r\000\040\000B\000l\000o\000c\000k\000\040\000D\000i\000a\000g\000r\000a\000m}{section.18.6}% 597
\BOOKMARK [2][-]{subsection.18.6.2}{\376\377\000P\000r\000e\000d\000i\000c\000t\000i\000o\000n\000-\000U\000p\000d\000a\000t\000e\000\040\000C\000y\000c\000l\000e}{section.18.6}% 598
\BOOKMARK [2][-]{subsection.18.6.3}{\376\377\000G\000a\000u\000s\000s\000i\000a\000n\000\040\000F\000u\000s\000i\000o\000n\000:\000\040\000P\000r\000i\000o\000r\000,\000\040\000M\000e\000a\000s\000u\000r\000e\000m\000e\000n\000t\000,\000\040\000a\000n\000d\000\040\000P\000o\000s\000t\000e\000r\000i\000o\000r}{section.18.6}% 599
\BOOKMARK [2][-]{subsection.18.6.4}{\376\377\000S\000e\000n\000s\000o\000r\000\040\000C\000o\000m\000p\000a\000r\000i\000s\000o\000n\000:\000\040\000R\000a\000w\000\040\000v\000s\000.\000\040\000F\000i\000l\000t\000e\000r\000e\000d}{section.18.6}% 600
\BOOKMARK [1][-]{section.18.7}{\376\377\000C\000h\000a\000p\000t\000e\000r\000\040\000S\000u\000m\000m\000a\000r\000y}{chapter.18}% 601
\BOOKMARK [1][-]{section.18.8}{\376\377\000E\000x\000e\000r\000c\000i\000s\000e\000s}{chapter.18}% 602
\BOOKMARK [1][-]{section.18.9}{\376\377\000F\000u\000r\000t\000h\000e\000r\000\040\000R\000e\000a\000d\000i\000n\000g}{chapter.18}% 603
\BOOKMARK [-1][-]{part.5}{\376\377\000V\000\040\000D\000i\000g\000i\000t\000a\000l\000\040\000\046\000\040\000D\000i\000s\000c\000r\000e\000t\000e\000\040\000C\000o\000n\000t\000r\000o\000l}{}% 604
\BOOKMARK [0][-]{chapter.19}{\376\377\000S\000a\000m\000p\000l\000i\000n\000g\000\040\000a\000n\000d\000\040\000D\000i\000s\000c\000r\000e\000t\000i\000z\000a\000t\000i\000o\000n}{part.5}% 605
\BOOKMARK [1][-]{section.19.1}{\376\377\000H\000i\000s\000t\000o\000r\000i\000c\000a\000l\000\040\000M\000o\000t\000i\000v\000a\000t\000i\000o\000n\000:\000\040\000F\000r\000o\000m\000\040\000T\000e\000l\000e\000g\000r\000a\000p\000h\000\040\000L\000i\000n\000e\000s\000\040\000t\000o\000\040\000D\000i\000g\000i\000t\000a\000l\000\040\000C\000o\000n\000t\000r\000o\000l}{chapter.19}% 606
\BOOKMARK [2][-]{subsection.19.1.1}{\376\377\000H\000a\000r\000r\000y\000\040\000N\000y\000q\000u\000i\000s\000t\000\040\000a\000n\000d\000\040\000T\000e\000l\000e\000g\000r\000a\000p\000h\000\040\000T\000r\000a\000n\000s\000m\000i\000s\000s\000i\000o\000n\000\040\000T\000h\000e\000o\000r\000y\000\040\000\050\0001\0009\0002\0008\000\051}{section.19.1}% 607
\BOOKMARK [2][-]{subsection.19.1.2}{\376\377\000C\000l\000a\000u\000d\000e\000\040\000S\000h\000a\000n\000n\000o\000n\000\040\000a\000n\000d\000\040\000t\000h\000e\000\040\000S\000a\000m\000p\000l\000i\000n\000g\000\040\000T\000h\000e\000o\000r\000e\000m\000\040\000\050\0001\0009\0004\0009\000\051}{section.19.1}% 608
\BOOKMARK [2][-]{subsection.19.1.3}{\376\377\000T\000h\000e\000\040\000P\000r\000o\000b\000l\000e\000m\000\040\000T\000h\000a\000t\000\040\000D\000r\000o\000v\000e\000\040\000t\000h\000e\000\040\000M\000a\000t\000h\000e\000m\000a\000t\000i\000c\000s}{section.19.1}% 609
\BOOKMARK [2][-]{subsection.19.1.4}{\376\377\000E\000a\000r\000l\000y\000\040\000D\000i\000g\000i\000t\000a\000l\000\040\000C\000o\000m\000p\000u\000t\000e\000r\000s\000\040\000a\000n\000d\000\040\000S\000a\000m\000p\000l\000e\000d\000-\000D\000a\000t\000a\000\040\000S\000y\000s\000t\000e\000m\000s}{section.19.1}% 610
\BOOKMARK [2][-]{subsection.19.1.5}{\376\377\000T\000h\000e\000\040\000F\000u\000n\000d\000a\000m\000e\000n\000t\000a\000l\000\040\000Q\000u\000e\000s\000t\000i\000o\000n\000\040\000f\000o\000r\000\040\000C\000o\000n\000t\000r\000o\000l\000\040\000E\000n\000g\000i\000n\000e\000e\000r\000s}{section.19.1}% 611
\BOOKMARK [1][-]{section.19.2}{\376\377\000M\000o\000d\000e\000r\000n\000\040\000A\000p\000p\000l\000i\000c\000a\000t\000i\000o\000n\000s\000\040\000o\000f\000\040\000S\000a\000m\000p\000l\000i\000n\000g\000\040\000a\000n\000d\000\040\000D\000i\000s\000c\000r\000e\000t\000i\000z\000a\000t\000i\000o\000n}{chapter.19}% 612
\BOOKMARK [2][-]{subsection.19.2.1}{\376\377\000D\000i\000g\000i\000t\000a\000l\000\040\000A\000u\000d\000i\000o}{section.19.2}% 613
\BOOKMARK [2][-]{subsection.19.2.2}{\376\377\000D\000i\000g\000i\000t\000a\000l\000\040\000C\000o\000n\000t\000r\000o\000l\000\040\000i\000n\000\040\000M\000i\000c\000r\000o\000c\000o\000n\000t\000r\000o\000l\000l\000e\000r\000s}{section.19.2}% 614
\BOOKMARK [2][-]{subsection.19.2.3}{\376\377\000A\000n\000t\000i\000-\000A\000l\000i\000a\000s\000i\000n\000g\000\040\000i\000n\000\040\000S\000i\000g\000n\000a\000l\000\040\000P\000r\000o\000c\000e\000s\000s\000i\000n\000g}{section.19.2}% 615
\BOOKMARK [2][-]{subsection.19.2.4}{\376\377\000R\000e\000a\000l\000-\000T\000i\000m\000e\000\040\000E\000m\000b\000e\000d\000d\000e\000d\000\040\000S\000y\000s\000t\000e\000m\000s}{section.19.2}% 616
\BOOKMARK [1][-]{section.19.3}{\376\377\000M\000a\000t\000h\000e\000m\000a\000t\000i\000c\000a\000l\000\040\000F\000o\000u\000n\000d\000a\000t\000i\000o\000n\000s\000\040\000o\000f\000\040\000S\000a\000m\000p\000l\000i\000n\000g}{chapter.19}% 617
\BOOKMARK [2][-]{subsection.19.3.1}{\376\377\000T\000h\000e\000\040\000I\000d\000e\000a\000l\000\040\000S\000a\000m\000p\000l\000i\000n\000g\000\040\000P\000r\000o\000c\000e\000s\000s}{section.19.3}% 618
\BOOKMARK [2][-]{subsection.19.3.2}{\376\377\000T\000h\000e\000\040\000N\000y\000q\000u\000i\000s\000t\000-\000S\000h\000a\000n\000n\000o\000n\000\040\000S\000a\000m\000p\000l\000i\000n\000g\000\040\000T\000h\000e\000o\000r\000e\000m}{section.19.3}% 619
\BOOKMARK [2][-]{subsection.19.3.3}{\376\377\000A\000l\000i\000a\000s\000i\000n\000g\000:\000\040\000W\000h\000e\000n\000\040\000S\000a\000m\000p\000l\000i\000n\000g\000\040\000F\000a\000i\000l\000s}{section.19.3}% 620
\BOOKMARK [2][-]{subsection.19.3.4}{\376\377\000T\000h\000e\000\040\000Z\000e\000r\000o\000-\000O\000r\000d\000e\000r\000\040\000H\000o\000l\000d\000\040\000\050\000Z\000O\000H\000\051}{section.19.3}% 621
\BOOKMARK [2][-]{subsection.19.3.5}{\376\377\000D\000i\000s\000c\000r\000e\000t\000i\000z\000a\000t\000i\000o\000n\000\040\000M\000e\000t\000h\000o\000d\000s\000\040\000f\000o\000r\000\040\000C\000o\000n\000t\000r\000o\000l\000l\000e\000r\000s}{section.19.3}% 622
\BOOKMARK [2][-]{subsection.19.3.6}{\376\377\000C\000h\000o\000o\000s\000i\000n\000g\000\040\000t\000h\000e\000\040\000S\000a\000m\000p\000l\000e\000\040\000R\000a\000t\000e}{section.19.3}% 623
\BOOKMARK [1][-]{section.19.4}{\376\377\000P\000r\000a\000c\000t\000i\000c\000a\000l\000\040\000L\000a\000b\000o\000r\000a\000t\000o\000r\000y\000:\000\040\000D\000e\000m\000o\000n\000s\000t\000r\000a\000t\000i\000n\000g\000\040\000A\000l\000i\000a\000s\000i\000n\000g\000\040\000a\000n\000d\000\040\000D\000i\000s\000c\000r\000e\000t\000i\000z\000a\000t\000i\000o\000n\000\040\000E\000f\000f\000e\000c\000t\000s}{chapter.19}% 624
\BOOKMARK [2][-]{subsection.19.4.1}{\376\377\000L\000e\000a\000r\000n\000i\000n\000g\000\040\000O\000b\000j\000e\000c\000t\000i\000v\000e\000s}{section.19.4}% 625
\BOOKMARK [2][-]{subsection.19.4.2}{\376\377\000R\000e\000q\000u\000i\000r\000e\000d\000\040\000C\000o\000m\000p\000o\000n\000e\000n\000t\000s}{section.19.4}% 626
\BOOKMARK [2][-]{subsection.19.4.3}{\376\377\000E\000x\000p\000e\000r\000i\000m\000e\000n\000t\000\040\0001\000:\000\040\000V\000i\000s\000u\000a\000l\000i\000z\000i\000n\000g\000\040\000A\000l\000i\000a\000s\000i\000n\000g}{section.19.4}% 627
\BOOKMARK [2][-]{subsection.19.4.4}{\376\377\000E\000x\000p\000e\000r\000i\000m\000e\000n\000t\000\040\0002\000:\000\040\000E\000f\000f\000e\000c\000t\000\040\000o\000f\000\040\000S\000a\000m\000p\000l\000e\000\040\000R\000a\000t\000e\000\040\000o\000n\000\040\000C\000o\000n\000t\000r\000o\000l\000\040\000Q\000u\000a\000l\000i\000t\000y}{section.19.4}% 628
\BOOKMARK [2][-]{subsection.19.4.5}{\376\377\000E\000x\000p\000e\000r\000i\000m\000e\000n\000t\000\040\0003\000:\000\040\000C\000o\000m\000p\000a\000r\000i\000n\000g\000\040\000D\000i\000s\000c\000r\000e\000t\000i\000z\000a\000t\000i\000o\000n\000\040\000M\000e\000t\000h\000o\000d\000s}{section.19.4}% 629
\BOOKMARK [1][-]{section.19.5}{\376\377\000W\000o\000r\000k\000e\000d\000\040\000E\000x\000a\000m\000p\000l\000e\000s}{chapter.19}% 630
\BOOKMARK [1][-]{section.19.6}{\376\377\000F\000i\000g\000u\000r\000e\000s\000\040\000f\000o\000r\000\040\000T\000i\000k\000Z\000\040\000I\000m\000p\000l\000e\000m\000e\000n\000t\000a\000t\000i\000o\000n}{chapter.19}% 631
\BOOKMARK [2][-]{subsection.19.6.1}{\376\377\000F\000i\000g\000u\000r\000e\000:\000\040\000S\000a\000m\000p\000l\000i\000n\000g\000\040\000a\000n\000d\000\040\000R\000e\000c\000o\000n\000s\000t\000r\000u\000c\000t\000i\000o\000n\000\040\000B\000l\000o\000c\000k\000\040\000D\000i\000a\000g\000r\000a\000m}{section.19.6}% 632
\BOOKMARK [2][-]{subsection.19.6.2}{\376\377\000F\000i\000g\000u\000r\000e\000:\000\040\000A\000l\000i\000a\000s\000i\000n\000g\000\040\000T\000i\000m\000e\000\040\000D\000o\000m\000a\000i\000n}{section.19.6}% 633
\BOOKMARK [2][-]{subsection.19.6.3}{\376\377\000F\000i\000g\000u\000r\000e\000:\000\040\000Z\000O\000H\000\040\000S\000t\000e\000p\000\040\000R\000e\000s\000p\000o\000n\000s\000e}{section.19.6}% 634
\BOOKMARK [2][-]{subsection.19.6.4}{\376\377\000F\000i\000g\000u\000r\000e\000:\000\040\000s\000-\000P\000l\000a\000n\000e\000\040\000t\000o\000\040\000z\000-\000P\000l\000a\000n\000e\000\040\000M\000a\000p\000p\000i\000n\000g}{section.19.6}% 635
\BOOKMARK [1][-]{section.19.7}{\376\377\000C\000h\000a\000p\000t\000e\000r\000\040\000S\000u\000m\000m\000a\000r\000y}{chapter.19}% 636
\BOOKMARK [1][-]{section.19.8}{\376\377\000E\000x\000e\000r\000c\000i\000s\000e\000s}{chapter.19}% 637
\BOOKMARK [0][-]{chapter.20}{\376\377\000Z\000-\000T\000r\000a\000n\000s\000f\000o\000r\000m\000\040\000a\000n\000d\000\040\000D\000i\000s\000c\000r\000e\000t\000e\000\040\000S\000t\000a\000b\000i\000l\000i\000t\000y}{part.5}% 638
\BOOKMARK [1][-]{section.20.1}{\376\377\000H\000i\000s\000t\000o\000r\000i\000c\000a\000l\000\040\000M\000o\000t\000i\000v\000a\000t\000i\000o\000n\000\040\000a\000n\000d\000\040\000D\000e\000v\000e\000l\000o\000p\000m\000e\000n\000t}{chapter.20}% 639
\BOOKMARK [2][-]{subsection.20.1.1}{\376\377\000T\000h\000e\000\040\000P\000r\000o\000b\000l\000e\000m\000\040\000w\000i\000t\000h\000\040\000S\000a\000m\000p\000l\000e\000d\000\040\000S\000i\000g\000n\000a\000l\000s}{section.20.1}% 640
\BOOKMARK [2][-]{subsection.20.1.2}{\376\377\000W\000i\000t\000o\000l\000d\000\040\000H\000u\000r\000e\000w\000i\000c\000z\000\040\000a\000n\000d\000\040\000t\000h\000e\000\040\000B\000i\000r\000t\000h\000\040\000o\000f\000\040\000t\000h\000e\000\040\000Z\000-\000T\000r\000a\000n\000s\000f\000o\000r\000m\000\040\000\050\0001\0009\0004\0007\000\051}{section.20.1}% 641
\BOOKMARK [2][-]{subsection.20.1.3}{\376\377\000E\000l\000i\000a\000h\000u\000\040\000J\000u\000r\000y\000\040\000a\000n\000d\000\040\000t\000h\000e\000\040\000S\000t\000a\000b\000i\000l\000i\000t\000y\000\040\000C\000r\000i\000t\000e\000r\000i\000o\000n\000\040\000\050\0001\0009\0005\0008\000\051}{section.20.1}% 642
\BOOKMARK [2][-]{subsection.20.1.4}{\376\377\000T\000h\000e\000\040\000D\000i\000g\000i\000t\000a\000l\000\040\000R\000e\000v\000o\000l\000u\000t\000i\000o\000n\000\040\000i\000n\000\040\000C\000o\000n\000t\000r\000o\000l}{section.20.1}% 643
\BOOKMARK [2][-]{subsection.20.1.5}{\376\377\000T\000h\000e\000\040\000F\000u\000n\000d\000a\000m\000e\000n\000t\000a\000l\000\040\000M\000a\000p\000p\000i\000n\000g\000:\000\040\000z\000\040\000=\000\040\000e\000s\000T}{section.20.1}% 644
\BOOKMARK [1][-]{section.20.2}{\376\377\000M\000o\000d\000e\000r\000n\000\040\000A\000p\000p\000l\000i\000c\000a\000t\000i\000o\000n\000s}{chapter.20}% 645
\BOOKMARK [2][-]{subsection.20.2.1}{\376\377\000D\000i\000g\000i\000t\000a\000l\000\040\000F\000i\000l\000t\000e\000r\000\040\000D\000e\000s\000i\000g\000n}{section.20.2}% 646
\BOOKMARK [2][-]{subsection.20.2.2}{\376\377\000E\000m\000b\000e\000d\000d\000e\000d\000\040\000C\000o\000n\000t\000r\000o\000l\000\040\000S\000y\000s\000t\000e\000m\000s}{section.20.2}% 647
\BOOKMARK [2][-]{subsection.20.2.3}{\376\377\000D\000i\000g\000i\000t\000a\000l\000\040\000S\000i\000g\000n\000a\000l\000\040\000P\000r\000o\000c\000e\000s\000s\000o\000r\000s}{section.20.2}% 648
\BOOKMARK [2][-]{subsection.20.2.4}{\376\377\000D\000i\000s\000c\000r\000e\000t\000e\000-\000T\000i\000m\000e\000\040\000F\000i\000n\000a\000n\000c\000i\000a\000l\000\040\000M\000o\000d\000e\000l\000s}{section.20.2}% 649
\BOOKMARK [1][-]{section.20.3}{\376\377\000M\000a\000t\000h\000e\000m\000a\000t\000i\000c\000a\000l\000\040\000F\000o\000u\000n\000d\000a\000t\000i\000o\000n}{chapter.20}% 650
\BOOKMARK [2][-]{subsection.20.3.1}{\376\377\000D\000e\000f\000i\000n\000i\000t\000i\000o\000n\000\040\000o\000f\000\040\000t\000h\000e\000\040\000Z\000-\000T\000r\000a\000n\000s\000f\000o\000r\000m}{section.20.3}% 651
\BOOKMARK [2][-]{subsection.20.3.2}{\376\377\000Z\000-\000T\000r\000a\000n\000s\000f\000o\000r\000m\000s\000\040\000o\000f\000\040\000C\000o\000m\000m\000o\000n\000\040\000S\000e\000q\000u\000e\000n\000c\000e\000s}{section.20.3}% 652
\BOOKMARK [2][-]{subsection.20.3.3}{\376\377\000P\000r\000o\000p\000e\000r\000t\000i\000e\000s\000\040\000o\000f\000\040\000t\000h\000e\000\040\000Z\000-\000T\000r\000a\000n\000s\000f\000o\000r\000m}{section.20.3}% 653
\BOOKMARK [2][-]{subsection.20.3.4}{\376\377\000I\000n\000v\000e\000r\000s\000e\000\040\000Z\000-\000T\000r\000a\000n\000s\000f\000o\000r\000m}{section.20.3}% 654
\BOOKMARK [2][-]{subsection.20.3.5}{\376\377\000D\000i\000s\000c\000r\000e\000t\000e\000\040\000T\000r\000a\000n\000s\000f\000e\000r\000\040\000F\000u\000n\000c\000t\000i\000o\000n\000s}{section.20.3}% 655
\BOOKMARK [2][-]{subsection.20.3.6}{\376\377\000S\000-\000P\000l\000a\000n\000e\000\040\000t\000o\000\040\000Z\000-\000P\000l\000a\000n\000e\000\040\000M\000a\000p\000p\000i\000n\000g}{section.20.3}% 656
\BOOKMARK [2][-]{subsection.20.3.7}{\376\377\000D\000i\000s\000c\000r\000e\000t\000e\000\040\000S\000t\000a\000b\000i\000l\000i\000t\000y\000\040\000C\000r\000i\000t\000e\000r\000i\000o\000n}{section.20.3}% 657
\BOOKMARK [2][-]{subsection.20.3.8}{\376\377\000T\000h\000e\000\040\000J\000u\000r\000y\000\040\000S\000t\000a\000b\000i\000l\000i\000t\000y\000\040\000T\000e\000s\000t}{section.20.3}% 658
\BOOKMARK [1][-]{section.20.4}{\376\377\000P\000r\000a\000c\000t\000i\000c\000a\000l\000\040\000E\000x\000p\000e\000r\000i\000m\000e\000n\000t\000:\000\040\000D\000i\000g\000i\000t\000a\000l\000\040\000F\000i\000l\000t\000e\000r\000\040\000o\000n\000\040\000A\000r\000d\000u\000i\000n\000o}{chapter.20}% 659
\BOOKMARK [2][-]{subsection.20.4.1}{\376\377\000O\000b\000j\000e\000c\000t\000i\000v\000e\000s}{section.20.4}% 660
\BOOKMARK [2][-]{subsection.20.4.2}{\376\377\000T\000h\000e\000o\000r\000e\000t\000i\000c\000a\000l\000\040\000B\000a\000c\000k\000g\000r\000o\000u\000n\000d}{section.20.4}% 661
\BOOKMARK [2][-]{subsection.20.4.3}{\376\377\000R\000e\000q\000u\000i\000r\000e\000d\000\040\000C\000o\000m\000p\000o\000n\000e\000n\000t\000s}{section.20.4}% 662
\BOOKMARK [2][-]{subsection.20.4.4}{\376\377\000M\000i\000c\000r\000o\000c\000o\000n\000t\000r\000o\000l\000l\000e\000r\000\040\000I\000m\000p\000l\000e\000m\000e\000n\000t\000a\000t\000i\000o\000n}{section.20.4}% 663
\BOOKMARK [2][-]{subsection.20.4.5}{\376\377\000E\000x\000p\000e\000r\000i\000m\000e\000n\000t\000a\000l\000\040\000P\000r\000o\000c\000e\000d\000u\000r\000e}{section.20.4}% 664
\BOOKMARK [2][-]{subsection.20.4.6}{\376\377\000E\000x\000p\000e\000c\000t\000e\000d\000\040\000R\000e\000s\000u\000l\000t\000s}{section.20.4}% 665
\BOOKMARK [2][-]{subsection.20.4.7}{\376\377\000C\000o\000m\000p\000a\000r\000i\000s\000o\000n\000\040\000t\000o\000\040\000C\000o\000n\000t\000i\000n\000u\000o\000u\000s\000-\000T\000i\000m\000e\000\040\000E\000q\000u\000i\000v\000a\000l\000e\000n\000t}{section.20.4}% 666
\BOOKMARK [2][-]{subsection.20.4.8}{\376\377\000A\000n\000a\000l\000y\000s\000i\000s\000\040\000Q\000u\000e\000s\000t\000i\000o\000n\000s}{section.20.4}% 667
\BOOKMARK [1][-]{section.20.5}{\376\377\000W\000o\000r\000k\000e\000d\000\040\000E\000x\000a\000m\000p\000l\000e\000s}{chapter.20}% 668
\BOOKMARK [1][-]{section.20.6}{\376\377\000C\000h\000a\000p\000t\000e\000r\000\040\000S\000u\000m\000m\000a\000r\000y}{chapter.20}% 669
\BOOKMARK [1][-]{section.20.7}{\376\377\000E\000x\000e\000r\000c\000i\000s\000e\000s}{chapter.20}% 670
\BOOKMARK [-1][-]{part.6}{\376\377\000V\000I\000\040\000M\000o\000d\000e\000r\000n\000\040\000\046\000\040\000A\000I\000-\000D\000r\000i\000v\000e\000n\000\040\000C\000o\000n\000t\000r\000o\000l}{}% 671
\BOOKMARK [0][-]{section*.403}{\376\377\000C\000h\000a\000p\000t\000e\000r\000\040\000O\000v\000e\000r\000v\000i\000e\000w}{part.6}% 672
\BOOKMARK [1][-]{section.20.8}{\376\377\000H\000i\000s\000t\000o\000r\000i\000c\000a\000l\000\040\000D\000e\000v\000e\000l\000o\000p\000m\000e\000n\000t\000\040\000a\000n\000d\000\040\000M\000o\000t\000i\000v\000a\000t\000i\000o\000n}{section*.403}% 673
\BOOKMARK [2][-]{subsection.20.8.1}{\376\377\000T\000h\000e\000\040\000C\000o\000n\000s\000t\000r\000a\000i\000n\000t\000\040\000P\000r\000o\000b\000l\000e\000m\000\040\000i\000n\000\040\000P\000r\000o\000c\000e\000s\000s\000\040\000C\000o\000n\000t\000r\000o\000l}{section.20.8}% 674
\BOOKMARK [2][-]{subsection.20.8.2}{\376\377\000S\000h\000e\000l\000l\000\040\000O\000i\000l\000\040\000a\000n\000d\000\040\000D\000y\000n\000a\000m\000i\000c\000\040\000M\000a\000t\000r\000i\000x\000\040\000C\000o\000n\000t\000r\000o\000l\000\040\000\050\0001\0009\0007\0000\000s\000\051}{section.20.8}% 675
\BOOKMARK [2][-]{subsection.20.8.3}{\376\377\000J\000a\000c\000q\000u\000e\000s\000\040\000R\000i\000c\000h\000a\000l\000e\000t\000\040\000a\000n\000d\000\040\000M\000o\000d\000e\000l\000\040\000P\000r\000e\000d\000i\000c\000t\000i\000v\000e\000\040\000H\000e\000u\000r\000i\000s\000t\000i\000c\000\040\000C\000o\000n\000t\000r\000o\000l\000\040\000\050\0001\0009\0007\0008\000\051}{section.20.8}% 676
\BOOKMARK [2][-]{subsection.20.8.4}{\376\377\000W\000h\000y\000\040\000N\000o\000t\000\040\000E\000a\000r\000l\000i\000e\000r\000?\000\040\000T\000h\000e\000\040\000C\000o\000m\000p\000u\000t\000a\000t\000i\000o\000n\000a\000l\000\040\000B\000a\000r\000r\000i\000e\000r}{section.20.8}% 677
\BOOKMARK [2][-]{subsection.20.8.5}{\376\377\000T\000h\000e\000\040\000T\000h\000e\000o\000r\000e\000t\000i\000c\000a\000l\000\040\000R\000e\000v\000o\000l\000u\000t\000i\000o\000n\000\040\000\050\0001\0009\0008\0000\000s\040\023\0001\0009\0009\0000\000s\000\051}{section.20.8}% 678
\BOOKMARK [2][-]{subsection.20.8.6}{\376\377\000B\000e\000c\000o\000m\000i\000n\000g\000\040\000t\000h\000e\000\040\000I\000n\000d\000u\000s\000t\000r\000y\000\040\000S\000t\000a\000n\000d\000a\000r\000d}{section.20.8}% 679
\BOOKMARK [1][-]{section.20.9}{\376\377\000M\000o\000d\000e\000r\000n\000\040\000A\000p\000p\000l\000i\000c\000a\000t\000i\000o\000n\000s}{section*.403}% 680
\BOOKMARK [2][-]{subsection.20.9.1}{\376\377\000C\000h\000e\000m\000i\000c\000a\000l\000\040\000P\000r\000o\000c\000e\000s\000s\000\040\000C\000o\000n\000t\000r\000o\000l}{section.20.9}% 681
\BOOKMARK [2][-]{subsection.20.9.2}{\376\377\000A\000u\000t\000o\000n\000o\000m\000o\000u\000s\000\040\000V\000e\000h\000i\000c\000l\000e\000s}{section.20.9}% 682
\BOOKMARK [2][-]{subsection.20.9.3}{\376\377\000B\000u\000i\000l\000d\000i\000n\000g\000\040\000H\000V\000A\000C\000\040\000O\000p\000t\000i\000m\000i\000z\000a\000t\000i\000o\000n}{section.20.9}% 683
\BOOKMARK [2][-]{subsection.20.9.4}{\376\377\000Q\000u\000a\000d\000r\000o\000t\000o\000r\000\040\000a\000n\000d\000\040\000U\000A\000V\000\040\000C\000o\000n\000t\000r\000o\000l}{section.20.9}% 684
\BOOKMARK [1][-]{section.20.10}{\376\377\000M\000a\000t\000h\000e\000m\000a\000t\000i\000c\000a\000l\000\040\000F\000o\000u\000n\000d\000a\000t\000i\000o\000n}{section*.403}% 685
\BOOKMARK [2][-]{subsection.20.10.1}{\376\377\000T\000h\000e\000\040\000F\000u\000n\000d\000a\000m\000e\000n\000t\000a\000l\000\040\000I\000d\000e\000a}{section.20.10}% 686
\BOOKMARK [2][-]{subsection.20.10.2}{\376\377\000S\000y\000s\000t\000e\000m\000\040\000M\000o\000d\000e\000l\000:\000\040\000D\000i\000s\000c\000r\000e\000t\000e\000-\000T\000i\000m\000e\000\040\000S\000t\000a\000t\000e\000-\000S\000p\000a\000c\000e}{section.20.10}% 687
\BOOKMARK [2][-]{subsection.20.10.3}{\376\377\000C\000o\000s\000t\000\040\000F\000u\000n\000c\000t\000i\000o\000n\000\040\000F\000o\000r\000m\000u\000l\000a\000t\000i\000o\000n}{section.20.10}% 688
\BOOKMARK [2][-]{subsection.20.10.4}{\376\377\000C\000o\000n\000s\000t\000r\000a\000i\000n\000t\000\040\000S\000p\000e\000c\000i\000f\000i\000c\000a\000t\000i\000o\000n}{section.20.10}% 689
\BOOKMARK [2][-]{subsection.20.10.5}{\376\377\000T\000h\000e\000\040\000M\000P\000C\000\040\000O\000p\000t\000i\000m\000i\000z\000a\000t\000i\000o\000n\000\040\000P\000r\000o\000b\000l\000e\000m}{section.20.10}% 690
\BOOKMARK [2][-]{subsection.20.10.6}{\376\377\000C\000o\000n\000v\000e\000r\000s\000i\000o\000n\000\040\000t\000o\000\040\000Q\000u\000a\000d\000r\000a\000t\000i\000c\000\040\000P\000r\000o\000g\000r\000a\000m\000m\000i\000n\000g\000\040\000F\000o\000r\000m}{section.20.10}% 691
\BOOKMARK [2][-]{subsection.20.10.7}{\376\377\000T\000h\000e\000\040\000R\000e\000c\000e\000d\000i\000n\000g\000\040\000H\000o\000r\000i\000z\000o\000n\000\040\000A\000l\000g\000o\000r\000i\000t\000h\000m}{section.20.10}% 692
\BOOKMARK [2][-]{subsection.20.10.8}{\376\377\000S\000t\000a\000b\000i\000l\000i\000t\000y\000\040\000C\000o\000n\000s\000i\000d\000e\000r\000a\000t\000i\000o\000n\000s}{section.20.10}% 693
\BOOKMARK [2][-]{subsection.20.10.9}{\376\377\000R\000e\000l\000a\000t\000i\000o\000n\000s\000h\000i\000p\000\040\000t\000o\000\040\000L\000Q\000R}{section.20.10}% 694
\BOOKMARK [1][-]{section.20.11}{\376\377\000P\000r\000a\000c\000t\000i\000c\000a\000l\000\040\000L\000a\000b\000o\000r\000a\000t\000o\000r\000y\000:\000\040\000T\000a\000n\000k\000\040\000L\000e\000v\000e\000l\000\040\000C\000o\000n\000t\000r\000o\000l\000\040\000w\000i\000t\000h\000\040\000C\000o\000n\000s\000t\000r\000a\000i\000n\000t\000s}{section*.403}% 695
\BOOKMARK [2][-]{subsection.20.11.1}{\376\377\000O\000b\000j\000e\000c\000t\000i\000v\000e}{section.20.11}% 696
\BOOKMARK [2][-]{subsection.20.11.2}{\376\377\000S\000y\000s\000t\000e\000m\000\040\000D\000e\000s\000c\000r\000i\000p\000t\000i\000o\000n}{section.20.11}% 697
\BOOKMARK [2][-]{subsection.20.11.3}{\376\377\000S\000y\000s\000t\000e\000m\000\040\000M\000o\000d\000e\000l\000i\000n\000g}{section.20.11}% 698
\BOOKMARK [2][-]{subsection.20.11.4}{\376\377\000R\000e\000q\000u\000i\000r\000e\000d\000\040\000C\000o\000m\000p\000o\000n\000e\000n\000t\000s}{section.20.11}% 699
\BOOKMARK [2][-]{subsection.20.11.5}{\376\377\000S\000o\000f\000t\000w\000a\000r\000e\000\040\000I\000m\000p\000l\000e\000m\000e\000n\000t\000a\000t\000i\000o\000n}{section.20.11}% 700
\BOOKMARK [2][-]{subsection.20.11.6}{\376\377\000E\000x\000p\000e\000r\000i\000m\000e\000n\000t\000a\000l\000\040\000P\000r\000o\000c\000e\000d\000u\000r\000e}{section.20.11}% 701
\BOOKMARK [2][-]{subsection.20.11.7}{\376\377\000E\000x\000p\000e\000c\000t\000e\000d\000\040\000R\000e\000s\000u\000l\000t\000s}{section.20.11}% 702
\BOOKMARK [2][-]{subsection.20.11.8}{\376\377\000D\000i\000s\000c\000u\000s\000s\000i\000o\000n\000\040\000Q\000u\000e\000s\000t\000i\000o\000n\000s}{section.20.11}% 703
\BOOKMARK [1][-]{section.20.12}{\376\377\000W\000o\000r\000k\000e\000d\000\040\000E\000x\000a\000m\000p\000l\000e\000s}{section*.403}% 704
\BOOKMARK [2][-]{subsection.20.12.1}{\376\377\000E\000x\000a\000m\000p\000l\000e\000\040\0003\000:\000\040\000C\000o\000m\000p\000a\000r\000i\000n\000g\000\040\000U\000n\000c\000o\000n\000s\000t\000r\000a\000i\000n\000e\000d\000\040\000M\000P\000C\000\040\000t\000o\000\040\000L\000Q\000R}{section.20.12}% 705
\BOOKMARK [2][-]{subsection.20.12.2}{\376\377\000E\000x\000a\000m\000p\000l\000e\000\040\0004\000:\000\040\000E\000f\000f\000e\000c\000t\000\040\000o\000f\000\040\000P\000r\000e\000d\000i\000c\000t\000i\000o\000n\000\040\000H\000o\000r\000i\000z\000o\000n\000\040\000L\000e\000n\000g\000t\000h}{section.20.12}% 706
\BOOKMARK [2][-]{subsection.20.12.3}{\376\377\000E\000x\000a\000m\000p\000l\000e\000\040\0005\000:\000\040\000M\000P\000C\000\040\000f\000o\000r\000\040\000S\000e\000t\000p\000o\000i\000n\000t\000\040\000T\000r\000a\000c\000k\000i\000n\000g}{section.20.12}% 707
\BOOKMARK [1][-]{section.20.13}{\376\377\000M\000P\000C\000\040\000B\000l\000o\000c\000k\000\040\000D\000i\000a\000g\000r\000a\000m\000\040\000a\000n\000d\000\040\000A\000r\000c\000h\000i\000t\000e\000c\000t\000u\000r\000e}{section*.403}% 708
\BOOKMARK [1][-]{section.20.14}{\376\377\000C\000h\000a\000p\000t\000e\000r\000\040\000S\000u\000m\000m\000a\000r\000y}{section*.403}% 709
\BOOKMARK [1][-]{section.20.15}{\376\377\000E\000x\000e\000r\000c\000i\000s\000e\000s}{section*.403}% 710
\BOOKMARK [2][-]{subsection.20.15.1}{\376\377\000C\000o\000n\000c\000e\000p\000t\000u\000a\000l\000\040\000E\000x\000e\000r\000c\000i\000s\000e\000s}{section.20.15}% 711
\BOOKMARK [2][-]{subsection.20.15.2}{\376\377\000C\000o\000m\000p\000u\000t\000a\000t\000i\000o\000n\000a\000l\000\040\000E\000x\000e\000r\000c\000i\000s\000e\000s}{section.20.15}% 712
\BOOKMARK [2][-]{subsection.20.15.3}{\376\377\000A\000n\000a\000l\000y\000s\000i\000s\000\040\000E\000x\000e\000r\000c\000i\000s\000e\000s}{section.20.15}% 713
\BOOKMARK [2][-]{subsection.20.15.4}{\376\377\000I\000m\000p\000l\000e\000m\000e\000n\000t\000a\000t\000i\000o\000n\000\040\000E\000x\000e\000r\000c\000i\000s\000e\000s}{section.20.15}% 714
\BOOKMARK [1][-]{section*.419}{\376\377\000F\000u\000r\000t\000h\000e\000r\000\040\000R\000e\000a\000d\000i\000n\000g}{section*.403}% 715
\BOOKMARK [0][-]{chapter.21}{\376\377\000S\000y\000s\000t\000e\000m\000\040\000I\000d\000e\000n\000t\000i\000f\000i\000c\000a\000t\000i\000o\000n}{part.6}% 716
\BOOKMARK [1][-]{section.21.1}{\376\377\000H\000i\000s\000t\000o\000r\000i\000c\000a\000l\000\040\000M\000o\000t\000i\000v\000a\000t\000i\000o\000n\000:\000\040\000L\000e\000a\000r\000n\000i\000n\000g\000\040\000M\000o\000d\000e\000l\000s\000\040\000f\000r\000o\000m\000\040\000D\000a\000t\000a}{chapter.21}% 717
\BOOKMARK [2][-]{subsection.21.1.1}{\376\377\000G\000a\000u\000s\000s\000\040\000a\000n\000d\000\040\000t\000h\000e\000\040\000B\000i\000r\000t\000h\000\040\000o\000f\000\040\000L\000e\000a\000s\000t\000\040\000S\000q\000u\000a\000r\000e\000s\000\040\000\050\0001\0008\0000\0009\000\051}{section.21.1}% 718
\BOOKMARK [2][-]{subsection.21.1.2}{\376\377\000F\000r\000o\000m\000\040\000A\000s\000t\000r\000o\000n\000o\000m\000y\000\040\000t\000o\000\040\000E\000n\000g\000i\000n\000e\000e\000r\000i\000n\000g}{section.21.1}% 719
\BOOKMARK [2][-]{subsection.21.1.3}{\376\377\000L\000e\000n\000n\000a\000r\000t\000\040\000L\000j\000u\000n\000g\000\040\000a\000n\000d\000\040\000t\000h\000e\000\040\000M\000o\000d\000e\000r\000n\000\040\000F\000r\000a\000m\000e\000w\000o\000r\000k\000\040\000\050\0001\0009\0007\0000\000s\040\023\0001\0009\0008\0000\000s\000\051}{section.21.1}% 720
\BOOKMARK [2][-]{subsection.21.1.4}{\376\377\000`\000`\000A\000l\000l\000\040\000M\000o\000d\000e\000l\000s\000\040\000A\000r\000e\000\040\000W\000r\000o\000n\000g\000,\000\040\000S\000o\000m\000e\000\040\000A\000r\000e\000\040\000U\000s\000e\000f\000u\000l\000'\000'}{section.21.1}% 721
\BOOKMARK [2][-]{subsection.21.1.5}{\376\377\000A\000e\000r\000o\000s\000p\000a\000c\000e\000\040\000A\000p\000p\000l\000i\000c\000a\000t\000i\000o\000n\000s\000:\000\040\000F\000l\000u\000t\000t\000e\000r\000\040\000T\000e\000s\000t\000i\000n\000g}{section.21.1}% 722
\BOOKMARK [1][-]{section.21.2}{\376\377\000M\000o\000d\000e\000r\000n\000\040\000A\000p\000p\000l\000i\000c\000a\000t\000i\000o\000n\000s}{chapter.21}% 723
\BOOKMARK [2][-]{subsection.21.2.1}{\376\377\000A\000d\000a\000p\000t\000i\000v\000e\000\040\000C\000o\000n\000t\000r\000o\000l\000:\000\040\000I\000d\000e\000n\000t\000i\000f\000y\000\040\000T\000h\000e\000n\000\040\000C\000o\000n\000t\000r\000o\000l}{section.21.2}% 724
\BOOKMARK [2][-]{subsection.21.2.2}{\376\377\000D\000i\000g\000i\000t\000a\000l\000\040\000T\000w\000i\000n\000s\000\040\000f\000r\000o\000m\000\040\000O\000p\000e\000r\000a\000t\000i\000o\000n\000a\000l\000\040\000D\000a\000t\000a}{section.21.2}% 725
\BOOKMARK [2][-]{subsection.21.2.3}{\376\377\000M\000a\000c\000h\000i\000n\000e\000\040\000L\000e\000a\000r\000n\000i\000n\000g\000\040\000f\000o\000r\000\040\000D\000y\000n\000a\000m\000i\000c\000s}{section.21.2}% 726
\BOOKMARK [2][-]{subsection.21.2.4}{\376\377\000B\000i\000o\000m\000e\000d\000i\000c\000a\000l\000\040\000S\000y\000s\000t\000e\000m\000\040\000M\000o\000d\000e\000l\000i\000n\000g}{section.21.2}% 727
\BOOKMARK [1][-]{section.21.3}{\376\377\000M\000a\000t\000h\000e\000m\000a\000t\000i\000c\000a\000l\000\040\000F\000o\000u\000n\000d\000a\000t\000i\000o\000n}{chapter.21}% 728
\BOOKMARK [2][-]{subsection.21.3.1}{\376\377\000P\000r\000o\000b\000l\000e\000m\000\040\000F\000o\000r\000m\000u\000l\000a\000t\000i\000o\000n}{section.21.3}% 729
\BOOKMARK [2][-]{subsection.21.3.2}{\376\377\000I\000n\000p\000u\000t\000\040\000S\000i\000g\000n\000a\000l\000\040\000D\000e\000s\000i\000g\000n}{section.21.3}% 730
\BOOKMARK [2][-]{subsection.21.3.3}{\376\377\000L\000e\000a\000s\000t\000\040\000S\000q\000u\000a\000r\000e\000s\000\040\000E\000s\000t\000i\000m\000a\000t\000i\000o\000n}{section.21.3}% 731
\BOOKMARK [2][-]{subsection.21.3.4}{\376\377\000A\000R\000X\000\040\000M\000o\000d\000e\000l\000\040\000S\000t\000r\000u\000c\000t\000u\000r\000e}{section.21.3}% 732
\BOOKMARK [2][-]{subsection.21.3.5}{\376\377\000F\000r\000e\000q\000u\000e\000n\000c\000y\000\040\000D\000o\000m\000a\000i\000n\000\040\000I\000d\000e\000n\000t\000i\000f\000i\000c\000a\000t\000i\000o\000n}{section.21.3}% 733
\BOOKMARK [2][-]{subsection.21.3.6}{\376\377\000M\000o\000d\000e\000l\000\040\000V\000a\000l\000i\000d\000a\000t\000i\000o\000n}{section.21.3}% 734
\BOOKMARK [2][-]{subsection.21.3.7}{\376\377\000B\000i\000a\000s\000-\000V\000a\000r\000i\000a\000n\000c\000e\000\040\000T\000r\000a\000d\000e\000o\000f\000f}{section.21.3}% 735
\BOOKMARK [1][-]{section.21.4}{\376\377\000P\000r\000a\000c\000t\000i\000c\000a\000l\000\040\000E\000x\000p\000e\000r\000i\000m\000e\000n\000t\000:\000\040\000I\000d\000e\000n\000t\000i\000f\000y\000i\000n\000g\000\040\000D\000C\000\040\000M\000o\000t\000o\000r\000\040\000D\000y\000n\000a\000m\000i\000c\000s}{chapter.21}% 736
\BOOKMARK [2][-]{subsection.21.4.1}{\376\377\000L\000e\000a\000r\000n\000i\000n\000g\000\040\000O\000b\000j\000e\000c\000t\000i\000v\000e\000s}{section.21.4}% 737
\BOOKMARK [2][-]{subsection.21.4.2}{\376\377\000E\000q\000u\000i\000p\000m\000e\000n\000t\000\040\000a\000n\000d\000\040\000S\000e\000t\000u\000p}{section.21.4}% 738
\BOOKMARK [2][-]{subsection.21.4.3}{\376\377\000S\000y\000s\000t\000e\000m\000\040\000M\000o\000d\000e\000l}{section.21.4}% 739
\BOOKMARK [2][-]{subsection.21.4.4}{\376\377\000E\000x\000p\000e\000r\000i\000m\000e\000n\000t\000a\000l\000\040\000P\000r\000o\000c\000e\000d\000u\000r\000e}{section.21.4}% 740
\BOOKMARK [2][-]{subsection.21.4.5}{\376\377\000C\000o\000m\000p\000a\000r\000i\000s\000o\000n\000\040\000w\000i\000t\000h\000\040\000P\000h\000y\000s\000i\000c\000s\000-\000B\000a\000s\000e\000d\000\040\000M\000o\000d\000e\000l}{section.21.4}% 741
\BOOKMARK [2][-]{subsection.21.4.6}{\376\377\000D\000a\000t\000a\000\040\000R\000e\000c\000o\000r\000d\000i\000n\000g\000\040\000T\000a\000b\000l\000e}{section.21.4}% 742
\BOOKMARK [1][-]{section.21.5}{\376\377\000W\000o\000r\000k\000e\000d\000\040\000E\000x\000a\000m\000p\000l\000e\000s}{chapter.21}% 743
\BOOKMARK [1][-]{section.21.6}{\376\377\000S\000y\000s\000t\000e\000m\000\040\000I\000d\000e\000n\000t\000i\000f\000i\000c\000a\000t\000i\000o\000n\000\040\000F\000l\000o\000w\000c\000h\000a\000r\000t}{chapter.21}% 744
\BOOKMARK [1][-]{section.21.7}{\376\377\000C\000h\000a\000p\000t\000e\000r\000\040\000S\000u\000m\000m\000a\000r\000y}{chapter.21}% 745
\BOOKMARK [1][-]{section.21.8}{\376\377\000E\000x\000e\000r\000c\000i\000s\000e\000s}{chapter.21}% 746
\BOOKMARK [0][-]{chapter.22}{\376\377\000A\000d\000a\000p\000t\000i\000v\000e\000\040\000C\000o\000n\000t\000r\000o\000l}{part.6}% 747
\BOOKMARK [1][-]{section.22.1}{\376\377\000H\000i\000s\000t\000o\000r\000i\000c\000a\000l\000\040\000M\000o\000t\000i\000v\000a\000t\000i\000o\000n\000:\000\040\000T\000h\000e\000\040\000N\000e\000e\000d\000\040\000f\000o\000r\000\040\000A\000d\000a\000p\000t\000a\000t\000i\000o\000n}{chapter.22}% 748
\BOOKMARK [2][-]{subsection.22.1.1}{\376\377\000T\000h\000e\000\040\000A\000i\000r\000c\000r\000a\000f\000t\000\040\000P\000r\000o\000b\000l\000e\000m\000:\000\040\000W\000h\000e\000r\000e\000\040\000F\000i\000x\000e\000d\000\040\000C\000o\000n\000t\000r\000o\000l\000l\000e\000r\000s\000\040\000F\000a\000i\000l}{section.22.1}% 749
\BOOKMARK [2][-]{subsection.22.1.2}{\376\377\000T\000h\000e\000\040\000M\000I\000T\000\040\000R\000u\000l\000e\000:\000\040\000B\000i\000r\000t\000h\000\040\000o\000f\000\040\000A\000d\000a\000p\000t\000i\000v\000e\000\040\000C\000o\000n\000t\000r\000o\000l\000\040\000\050\0001\0009\0005\0008\000\051}{section.22.1}% 750
\BOOKMARK [2][-]{subsection.22.1.3}{\376\377\000L\000y\000a\000p\000u\000n\000o\000v\000-\000B\000a\000s\000e\000d\000\040\000A\000d\000a\000p\000t\000a\000t\000i\000o\000n\000:\000\040\000M\000a\000t\000h\000e\000m\000a\000t\000i\000c\000a\000l\000\040\000R\000i\000g\000o\000r\000\040\000\050\0001\0009\0006\0000\000s\000\051}{section.22.1}% 751
\BOOKMARK [2][-]{subsection.22.1.4}{\376\377\000T\000h\000e\000\040\000R\000o\000b\000u\000s\000t\000n\000e\000s\000s\000\040\000C\000r\000i\000s\000i\000s\000:\000\040\000R\000o\000h\000r\000s\000'\000\040\000C\000o\000u\000n\000t\000e\000r\000e\000x\000a\000m\000p\000l\000e\000s\000\040\000\050\0001\0009\0008\0005\000\051}{section.22.1}% 752
\BOOKMARK [2][-]{subsection.22.1.5}{\376\377\000R\000e\000s\000o\000l\000u\000t\000i\000o\000n\000\040\000a\000n\000d\000\040\000M\000o\000d\000e\000r\000n\000\040\000P\000e\000r\000s\000p\000e\000c\000t\000i\000v\000e}{section.22.1}% 753
\BOOKMARK [1][-]{section.22.2}{\376\377\000M\000o\000d\000e\000r\000n\000\040\000A\000p\000p\000l\000i\000c\000a\000t\000i\000o\000n\000s\000\040\000o\000f\000\040\000A\000d\000a\000p\000t\000i\000v\000e\000\040\000C\000o\000n\000t\000r\000o\000l}{chapter.22}% 754
\BOOKMARK [2][-]{subsection.22.2.1}{\376\377\000A\000e\000r\000o\000s\000p\000a\000c\000e\000\040\000a\000n\000d\000\040\000F\000l\000i\000g\000h\000t\000\040\000C\000o\000n\000t\000r\000o\000l}{section.22.2}% 755
\BOOKMARK [2][-]{subsection.22.2.2}{\376\377\000R\000o\000b\000o\000t\000i\000c\000s\000\040\000a\000n\000d\000\040\000M\000a\000n\000u\000f\000a\000c\000t\000u\000r\000i\000n\000g}{section.22.2}% 756
\BOOKMARK [2][-]{subsection.22.2.3}{\376\377\000P\000r\000o\000c\000e\000s\000s\000\040\000I\000n\000d\000u\000s\000t\000r\000y}{section.22.2}% 757
\BOOKMARK [2][-]{subsection.22.2.4}{\376\377\000B\000i\000o\000m\000e\000d\000i\000c\000a\000l\000\040\000A\000p\000p\000l\000i\000c\000a\000t\000i\000o\000n\000s}{section.22.2}% 758
\BOOKMARK [2][-]{subsection.22.2.5}{\376\377\000A\000u\000t\000o\000m\000o\000t\000i\000v\000e\000\040\000S\000y\000s\000t\000e\000m\000s}{section.22.2}% 759
\BOOKMARK [1][-]{section.22.3}{\376\377\000M\000a\000t\000h\000e\000m\000a\000t\000i\000c\000a\000l\000\040\000F\000o\000u\000n\000d\000a\000t\000i\000o\000n\000s\000\040\000o\000f\000\040\000A\000d\000a\000p\000t\000i\000v\000e\000\040\000C\000o\000n\000t\000r\000o\000l}{chapter.22}% 760
\BOOKMARK [2][-]{subsection.22.3.1}{\376\377\000T\000h\000e\000\040\000A\000d\000a\000p\000t\000i\000v\000e\000\040\000C\000o\000n\000t\000r\000o\000l\000\040\000P\000r\000o\000b\000l\000e\000m}{section.22.3}% 761
\BOOKMARK [2][-]{subsection.22.3.2}{\376\377\000M\000o\000d\000e\000l\000\040\000R\000e\000f\000e\000r\000e\000n\000c\000e\000\040\000A\000d\000a\000p\000t\000i\000v\000e\000\040\000C\000o\000n\000t\000r\000o\000l\000\040\000\050\000M\000R\000A\000C\000\051}{section.22.3}% 762
\BOOKMARK [2][-]{subsection.22.3.3}{\376\377\000M\000I\000T\000\040\000R\000u\000l\000e\000\040\000D\000e\000r\000i\000v\000a\000t\000i\000o\000n}{section.22.3}% 763
\BOOKMARK [2][-]{subsection.22.3.4}{\376\377\000L\000y\000a\000p\000u\000n\000o\000v\000-\000B\000a\000s\000e\000d\000\040\000A\000d\000a\000p\000t\000i\000v\000e\000\040\000C\000o\000n\000t\000r\000o\000l}{section.22.3}% 764
\BOOKMARK [2][-]{subsection.22.3.5}{\376\377\000S\000e\000l\000f\000-\000T\000u\000n\000i\000n\000g\000\040\000R\000e\000g\000u\000l\000a\000t\000o\000r\000s}{section.22.3}% 765
\BOOKMARK [2][-]{subsection.22.3.6}{\376\377\000G\000a\000i\000n\000\040\000S\000c\000h\000e\000d\000u\000l\000i\000n\000g}{section.22.3}% 766
\BOOKMARK [2][-]{subsection.22.3.7}{\376\377\000R\000o\000b\000u\000s\000t\000n\000e\000s\000s\000\040\000M\000o\000d\000i\000f\000i\000c\000a\000t\000i\000o\000n\000s}{section.22.3}% 767
\BOOKMARK [1][-]{section.22.4}{\376\377\000P\000r\000a\000c\000t\000i\000c\000a\000l\000\040\000E\000x\000p\000e\000r\000i\000m\000e\000n\000t\000:\000\040\000A\000d\000a\000p\000t\000i\000v\000e\000\040\000M\000o\000t\000o\000r\000\040\000C\000o\000n\000t\000r\000o\000l}{chapter.22}% 768
\BOOKMARK [2][-]{subsection.22.4.1}{\376\377\000E\000x\000p\000e\000r\000i\000m\000e\000n\000t\000a\000l\000\040\000S\000e\000t\000u\000p}{section.22.4}% 769
\BOOKMARK [2][-]{subsection.22.4.2}{\376\377\000M\000a\000t\000h\000e\000m\000a\000t\000i\000c\000a\000l\000\040\000M\000o\000d\000e\000l}{section.22.4}% 770
\BOOKMARK [2][-]{subsection.22.4.3}{\376\377\000C\000o\000n\000t\000r\000o\000l\000l\000e\000r\000\040\000I\000m\000p\000l\000e\000m\000e\000n\000t\000a\000t\000i\000o\000n}{section.22.4}% 771
\BOOKMARK [2][-]{subsection.22.4.4}{\376\377\000A\000r\000d\000u\000i\000n\000o\000\040\000I\000m\000p\000l\000e\000m\000e\000n\000t\000a\000t\000i\000o\000n}{section.22.4}% 772
\BOOKMARK [2][-]{subsection.22.4.5}{\376\377\000E\000x\000p\000e\000r\000i\000m\000e\000n\000t\000a\000l\000\040\000P\000r\000o\000c\000e\000d\000u\000r\000e}{section.22.4}% 773
\BOOKMARK [2][-]{subsection.22.4.6}{\376\377\000E\000x\000p\000e\000c\000t\000e\000d\000\040\000R\000e\000s\000u\000l\000t\000s}{section.22.4}% 774
\BOOKMARK [2][-]{subsection.22.4.7}{\376\377\000D\000i\000s\000c\000u\000s\000s\000i\000o\000n\000\040\000Q\000u\000e\000s\000t\000i\000o\000n\000s}{section.22.4}% 775
\BOOKMARK [1][-]{section.22.5}{\376\377\000E\000x\000a\000m\000p\000l\000e\000\040\000P\000r\000o\000b\000l\000e\000m\000s}{chapter.22}% 776
\BOOKMARK [1][-]{section.22.6}{\376\377\000S\000u\000m\000m\000a\000r\000y\000\040\000a\000n\000d\000\040\000K\000e\000y\000\040\000E\000q\000u\000a\000t\000i\000o\000n\000s}{chapter.22}% 777
\BOOKMARK [2][-]{subsection.22.6.1}{\376\377\000K\000e\000y\000\040\000C\000o\000n\000c\000e\000p\000t\000s}{section.22.6}% 778
\BOOKMARK [2][-]{subsection.22.6.2}{\376\377\000E\000s\000s\000e\000n\000t\000i\000a\000l\000\040\000E\000q\000u\000a\000t\000i\000o\000n\000s}{section.22.6}% 779
\BOOKMARK [2][-]{subsection.22.6.3}{\376\377\000D\000e\000s\000i\000g\000n\000\040\000G\000u\000i\000d\000e\000l\000i\000n\000e\000s}{section.22.6}% 780
\BOOKMARK [1][-]{section.22.7}{\376\377\000P\000r\000o\000b\000l\000e\000m\000s}{chapter.22}% 781
\BOOKMARK [1][-]{section.22.8}{\376\377\000F\000u\000r\000t\000h\000e\000r\000\040\000R\000e\000a\000d\000i\000n\000g}{chapter.22}% 782
\BOOKMARK [0][-]{chapter.24}{\376\377\000I\000n\000t\000r\000o\000d\000u\000c\000t\000i\000o\000n\000\040\000t\000o\000\040\000R\000e\000i\000n\000f\000o\000r\000c\000e\000m\000e\000n\000t\000\040\000L\000e\000a\000r\000n\000i\000n\000g\000\040\000f\000o\000r\000\040\000C\000o\000n\000t\000r\000o\000l}{part.6}% 783
\BOOKMARK [1][-]{section.24.1}{\376\377\000H\000i\000s\000t\000o\000r\000i\000c\000a\000l\000\040\000M\000o\000t\000i\000v\000a\000t\000i\000o\000n}{chapter.24}% 784
\BOOKMARK [2][-]{subsection.24.1.1}{\376\377\000E\000a\000r\000l\000y\000\040\000F\000o\000u\000n\000d\000a\000t\000i\000o\000n\000s\000:\000\040\000L\000e\000a\000r\000n\000i\000n\000g\000\040\000M\000a\000c\000h\000i\000n\000e\000s}{section.24.1}% 785
\BOOKMARK [2][-]{subsection.24.1.2}{\376\377\000T\000h\000e\000\040\000T\000e\000m\000p\000o\000r\000a\000l\000\040\000D\000i\000f\000f\000e\000r\000e\000n\000c\000e\000\040\000R\000e\000v\000o\000l\000u\000t\000i\000o\000n\000\040\000\050\0001\0009\0008\0000\000s\000-\0001\0009\0009\0000\000s\000\051}{section.24.1}% 786
\BOOKMARK [2][-]{subsection.24.1.3}{\376\377\000T\000h\000e\000\040\000D\000e\000e\000p\000\040\000L\000e\000a\000r\000n\000i\000n\000g\000\040\000R\000e\000v\000o\000l\000u\000t\000i\000o\000n\000\040\000\050\0002\0000\0001\0003\000-\000P\000r\000e\000s\000e\000n\000t\000\051}{section.24.1}% 787
\BOOKMARK [2][-]{subsection.24.1.4}{\376\377\000T\000h\000e\000\040\000C\000o\000n\000t\000r\000o\000l\000\040\000C\000o\000n\000n\000e\000c\000t\000i\000o\000n\000:\000\040\000O\000p\000t\000i\000m\000a\000l\000\040\000C\000o\000n\000t\000r\000o\000l\000\040\000a\000n\000d\000\040\000R\000L\000\040\000D\000u\000a\000l\000i\000t\000y}{section.24.1}% 788
\BOOKMARK [2][-]{subsection.24.1.5}{\376\377\000W\000h\000y\000\040\000N\000o\000w\000?\000\040\000E\000n\000a\000b\000l\000i\000n\000g\000\040\000T\000e\000c\000h\000n\000o\000l\000o\000g\000i\000e\000s}{section.24.1}% 789
\BOOKMARK [1][-]{section.24.2}{\376\377\000M\000o\000d\000e\000r\000n\000\040\000A\000p\000p\000l\000i\000c\000a\000t\000i\000o\000n\000s}{chapter.24}% 790
\BOOKMARK [2][-]{subsection.24.2.1}{\376\377\000R\000o\000b\000o\000t\000i\000c\000\040\000M\000a\000n\000i\000p\000u\000l\000a\000t\000i\000o\000n}{section.24.2}% 791
\BOOKMARK [2][-]{subsection.24.2.2}{\376\377\000G\000a\000m\000e\000\040\000P\000l\000a\000y\000i\000n\000g\000\040\000a\000s\000\040\000C\000o\000n\000t\000r\000o\000l}{section.24.2}% 792
\BOOKMARK [2][-]{subsection.24.2.3}{\376\377\000A\000u\000t\000o\000n\000o\000m\000o\000u\000s\000\040\000V\000e\000h\000i\000c\000l\000e\000\040\000D\000e\000c\000i\000s\000i\000o\000n\000-\000M\000a\000k\000i\000n\000g}{section.24.2}% 793
\BOOKMARK [2][-]{subsection.24.2.4}{\376\377\000H\000V\000A\000C\000\040\000a\000n\000d\000\040\000B\000u\000i\000l\000d\000i\000n\000g\000\040\000E\000n\000e\000r\000g\000y\000\040\000O\000p\000t\000i\000m\000i\000z\000a\000t\000i\000o\000n}{section.24.2}% 794
\BOOKMARK [1][-]{section.24.3}{\376\377\000M\000a\000t\000h\000e\000m\000a\000t\000i\000c\000a\000l\000\040\000F\000o\000u\000n\000d\000a\000t\000i\000o\000n}{chapter.24}% 795
\BOOKMARK [2][-]{subsection.24.3.1}{\376\377\000M\000a\000r\000k\000o\000v\000\040\000D\000e\000c\000i\000s\000i\000o\000n\000\040\000P\000r\000o\000c\000e\000s\000s\000e\000s}{section.24.3}% 796
\BOOKMARK [2][-]{subsection.24.3.2}{\376\377\000P\000o\000l\000i\000c\000i\000e\000s}{section.24.3}% 797
\BOOKMARK [2][-]{subsection.24.3.3}{\376\377\000V\000a\000l\000u\000e\000\040\000F\000u\000n\000c\000t\000i\000o\000n\000s}{section.24.3}% 798
\BOOKMARK [2][-]{subsection.24.3.4}{\376\377\000T\000h\000e\000\040\000B\000e\000l\000l\000m\000a\000n\000\040\000E\000q\000u\000a\000t\000i\000o\000n\000s}{section.24.3}% 799
\BOOKMARK [2][-]{subsection.24.3.5}{\376\377\000Q\000-\000L\000e\000a\000r\000n\000i\000n\000g\000\040\000A\000l\000g\000o\000r\000i\000t\000h\000m}{section.24.3}% 800
\BOOKMARK [2][-]{subsection.24.3.6}{\376\377\000P\000o\000l\000i\000c\000y\000\040\000G\000r\000a\000d\000i\000e\000n\000t\000\040\000M\000e\000t\000h\000o\000d\000s}{section.24.3}% 801
\BOOKMARK [2][-]{subsection.24.3.7}{\376\377\000C\000o\000n\000n\000e\000c\000t\000i\000o\000n\000\040\000t\000o\000\040\000L\000Q\000R\000:\000\040\000T\000h\000e\000\040\000L\000i\000n\000e\000a\000r\000\040\000Q\000u\000a\000d\000r\000a\000t\000i\000c\000\040\000C\000a\000s\000e}{section.24.3}% 802
\BOOKMARK [1][-]{section.24.4}{\376\377\000P\000r\000a\000c\000t\000i\000c\000a\000l\000\040\000E\000x\000p\000e\000r\000i\000m\000e\000n\000t\000:\000\040\000C\000a\000r\000t\000P\000o\000l\000e\000\040\000B\000a\000l\000a\000n\000c\000i\000n\000g}{chapter.24}% 803
\BOOKMARK [2][-]{subsection.24.4.1}{\376\377\000P\000r\000o\000b\000l\000e\000m\000\040\000D\000e\000s\000c\000r\000i\000p\000t\000i\000o\000n}{section.24.4}% 804
\BOOKMARK [2][-]{subsection.24.4.2}{\376\377\000I\000m\000p\000l\000e\000m\000e\000n\000t\000a\000t\000i\000o\000n\000:\000\040\000Q\000-\000L\000e\000a\000r\000n\000i\000n\000g\000\040\000w\000i\000t\000h\000\040\000D\000i\000s\000c\000r\000e\000t\000i\000z\000a\000t\000i\000o\000n}{section.24.4}% 805
\BOOKMARK [2][-]{subsection.24.4.3}{\376\377\000L\000e\000a\000r\000n\000i\000n\000g\000\040\000C\000u\000r\000v\000e\000\040\000A\000n\000a\000l\000y\000s\000i\000s}{section.24.4}% 806
\BOOKMARK [2][-]{subsection.24.4.4}{\376\377\000C\000o\000m\000p\000a\000r\000i\000s\000o\000n\000\040\000w\000i\000t\000h\000\040\000H\000a\000n\000d\000-\000D\000e\000s\000i\000g\000n\000e\000d\000\040\000C\000o\000n\000t\000r\000o\000l\000l\000e\000r}{section.24.4}% 807
\BOOKMARK [2][-]{subsection.24.4.5}{\376\377\000P\000o\000l\000i\000c\000y\000\040\000V\000i\000s\000u\000a\000l\000i\000z\000a\000t\000i\000o\000n}{section.24.4}% 808
\BOOKMARK [1][-]{section.24.5}{\376\377\000W\000o\000r\000k\000e\000d\000\040\000E\000x\000a\000m\000p\000l\000e\000s}{chapter.24}% 809
\BOOKMARK [1][-]{section.24.6}{\376\377\000S\000u\000m\000m\000a\000r\000y}{chapter.24}% 810
\BOOKMARK [0][-]{chapter.25}{\376\377\000N\000e\000u\000r\000a\000l\000\040\000N\000e\000t\000w\000o\000r\000k\000s\000\040\000i\000n\000\040\000t\000h\000e\000\040\000L\000o\000o\000p}{part.6}% 811
\BOOKMARK [1][-]{section.25.1}{\376\377\000H\000i\000s\000t\000o\000r\000i\000c\000a\000l\000\040\000M\000o\000t\000i\000v\000a\000t\000i\000o\000n\000:\000\040\000F\000r\000o\000m\000\040\000B\000i\000o\000l\000o\000g\000i\000c\000a\000l\000\040\000N\000e\000u\000r\000o\000n\000s\000\040\000t\000o\000\040\000L\000e\000a\000r\000n\000i\000n\000g\000\040\000M\000a\000c\000h\000i\000n\000e\000s}{chapter.25}% 812
\BOOKMARK [2][-]{subsection.25.1.1}{\376\377\000M\000c\000C\000u\000l\000l\000o\000c\000h\000\040\000a\000n\000d\000\040\000P\000i\000t\000t\000s\000\040\000\050\0001\0009\0004\0003\000\051\000:\000\040\000T\000h\000e\000\040\000C\000o\000m\000p\000u\000t\000a\000t\000i\000o\000n\000a\000l\000\040\000N\000e\000u\000r\000o\000n}{section.25.1}% 813
\BOOKMARK [2][-]{subsection.25.1.2}{\376\377\000R\000o\000s\000e\000n\000b\000l\000a\000t\000t\000\040\000\050\0001\0009\0005\0008\000\051\000:\000\040\000T\000h\000e\000\040\000P\000e\000r\000c\000e\000p\000t\000r\000o\000n\000\040\000a\000n\000d\000\040\000L\000e\000a\000r\000n\000i\000n\000g}{section.25.1}% 814
\BOOKMARK [2][-]{subsection.25.1.3}{\376\377\000M\000i\000n\000s\000k\000y\000\040\000a\000n\000d\000\040\000P\000a\000p\000e\000r\000t\000\040\000\050\0001\0009\0006\0009\000\051\000:\000\040\000T\000h\000e\000\040\000F\000i\000r\000s\000t\000\040\000A\000I\000\040\000W\000i\000n\000t\000e\000r}{section.25.1}% 815
\BOOKMARK [2][-]{subsection.25.1.4}{\376\377\000W\000e\000r\000b\000o\000s\000\040\000\050\0001\0009\0007\0004\000\051\000\040\000a\000n\000d\000\040\000R\000u\000m\000e\000l\000h\000a\000r\000t\000\040\000e\000t\000\040\000a\000l\000.\000\040\000\050\0001\0009\0008\0006\000\051\000:\000\040\000B\000a\000c\000k\000p\000r\000o\000p\000a\000g\000a\000t\000i\000o\000n}{section.25.1}% 816
\BOOKMARK [2][-]{subsection.25.1.5}{\376\377\000N\000a\000r\000e\000n\000d\000r\000a\000\040\000a\000n\000d\000\040\000P\000a\000r\000t\000h\000a\000s\000a\000r\000a\000t\000h\000y\000\040\000\050\0001\0009\0009\0000\000\051\000:\000\040\000N\000e\000u\000r\000a\000l\000\040\000N\000e\000t\000w\000o\000r\000k\000s\000\040\000M\000e\000e\000t\000\040\000C\000o\000n\000t\000r\000o\000l}{section.25.1}% 817
\BOOKMARK [2][-]{subsection.25.1.6}{\376\377\000T\000h\000e\000\040\000S\000e\000c\000o\000n\000d\000\040\000A\000I\000\040\000W\000i\000n\000t\000e\000r\000\040\000a\000n\000d\000\040\000D\000e\000e\000p\000\040\000L\000e\000a\000r\000n\000i\000n\000g\000\040\000R\000e\000v\000o\000l\000u\000t\000i\000o\000n}{section.25.1}% 818
\BOOKMARK [2][-]{subsection.25.1.7}{\376\377\000W\000h\000y\000\040\000N\000e\000u\000r\000a\000l\000\040\000N\000e\000t\000w\000o\000r\000k\000s\000\040\000f\000o\000r\000\040\000C\000o\000n\000t\000r\000o\000l\000?}{section.25.1}% 819
\BOOKMARK [1][-]{section.25.2}{\376\377\000M\000o\000d\000e\000r\000n\000\040\000A\000p\000p\000l\000i\000c\000a\000t\000i\000o\000n\000s\000\040\000o\000f\000\040\000N\000e\000u\000r\000a\000l\000\040\000N\000e\000t\000w\000o\000r\000k\000s\000\040\000i\000n\000\040\000C\000o\000n\000t\000r\000o\000l}{chapter.25}% 820
\BOOKMARK [2][-]{subsection.25.2.1}{\376\377\000E\000n\000d\000-\000t\000o\000-\000E\000n\000d\000\040\000A\000u\000t\000o\000n\000o\000m\000o\000u\000s\000\040\000D\000r\000i\000v\000i\000n\000g}{section.25.2}% 821
\BOOKMARK [2][-]{subsection.25.2.2}{\376\377\000N\000e\000u\000r\000a\000l\000\040\000N\000e\000t\000w\000o\000r\000k\000\040\000C\000o\000n\000t\000r\000o\000l\000l\000e\000r\000s\000\040\000f\000o\000r\000\040\000D\000r\000o\000n\000e\000s}{section.25.2}% 822
\BOOKMARK [2][-]{subsection.25.2.3}{\376\377\000L\000e\000a\000r\000n\000e\000d\000\040\000D\000y\000n\000a\000m\000i\000c\000s\000\040\000M\000o\000d\000e\000l\000s\000\040\000f\000o\000r\000\040\000M\000P\000C}{section.25.2}% 823
\BOOKMARK [2][-]{subsection.25.2.4}{\376\377\000I\000n\000d\000u\000s\000t\000r\000i\000a\000l\000\040\000S\000o\000f\000t\000\040\000S\000e\000n\000s\000o\000r\000s}{section.25.2}% 824
\BOOKMARK [1][-]{section.25.3}{\376\377\000M\000a\000t\000h\000e\000m\000a\000t\000i\000c\000a\000l\000\040\000F\000o\000u\000n\000d\000a\000t\000i\000o\000n\000:\000\040\000N\000e\000u\000r\000a\000l\000\040\000N\000e\000t\000w\000o\000r\000k\000s\000\040\000f\000o\000r\000\040\000D\000y\000n\000a\000m\000i\000c\000s\000\040\000a\000n\000d\000\040\000C\000o\000n\000t\000r\000o\000l}{chapter.25}% 825
\BOOKMARK [2][-]{subsection.25.3.1}{\376\377\000T\000h\000e\000\040\000A\000r\000t\000i\000f\000i\000c\000i\000a\000l\000\040\000N\000e\000u\000r\000o\000n}{section.25.3}% 826
\BOOKMARK [2][-]{subsection.25.3.2}{\376\377\000A\000c\000t\000i\000v\000a\000t\000i\000o\000n\000\040\000F\000u\000n\000c\000t\000i\000o\000n\000s}{section.25.3}% 827
\BOOKMARK [2][-]{subsection.25.3.3}{\376\377\000M\000u\000l\000t\000i\000-\000L\000a\000y\000e\000r\000\040\000N\000e\000u\000r\000a\000l\000\040\000N\000e\000t\000w\000o\000r\000k\000s}{section.25.3}% 828
\BOOKMARK [2][-]{subsection.25.3.4}{\376\377\000U\000n\000i\000v\000e\000r\000s\000a\000l\000\040\000A\000p\000p\000r\000o\000x\000i\000m\000a\000t\000i\000o\000n\000\040\000T\000h\000e\000o\000r\000e\000m}{section.25.3}% 829
\BOOKMARK [2][-]{subsection.25.3.5}{\376\377\000N\000e\000u\000r\000a\000l\000\040\000N\000e\000t\000w\000o\000r\000k\000\040\000a\000s\000\040\000C\000o\000n\000t\000r\000o\000l\000l\000e\000r}{section.25.3}% 830
\BOOKMARK [2][-]{subsection.25.3.6}{\376\377\000N\000e\000u\000r\000a\000l\000\040\000N\000e\000t\000w\000o\000r\000k\000\040\000a\000s\000\040\000P\000l\000a\000n\000t\000\040\000M\000o\000d\000e\000l}{section.25.3}% 831
\BOOKMARK [2][-]{subsection.25.3.7}{\376\377\000T\000r\000a\000i\000n\000i\000n\000g\000\040\000N\000e\000u\000r\000a\000l\000\040\000N\000e\000t\000w\000o\000r\000k\000s\000:\000\040\000L\000o\000s\000s\000\040\000F\000u\000n\000c\000t\000i\000o\000n\000s\000\040\000a\000n\000d\000\040\000O\000p\000t\000i\000m\000i\000z\000a\000t\000i\000o\000n}{section.25.3}% 832
\BOOKMARK [2][-]{subsection.25.3.8}{\376\377\000B\000a\000c\000k\000p\000r\000o\000p\000a\000g\000a\000t\000i\000o\000n}{section.25.3}% 833
\BOOKMARK [2][-]{subsection.25.3.9}{\376\377\000B\000a\000c\000k\000p\000r\000o\000p\000a\000g\000a\000t\000i\000o\000n\000\040\000T\000h\000r\000o\000u\000g\000h\000\040\000T\000i\000m\000e\000\040\000f\000o\000r\000\040\000D\000y\000n\000a\000m\000i\000c\000s}{section.25.3}% 834
\BOOKMARK [2][-]{subsection.25.3.10}{\376\377\000C\000h\000a\000l\000l\000e\000n\000g\000e\000s\000\040\000i\000n\000\040\000N\000e\000u\000r\000a\000l\000\040\000N\000e\000t\000w\000o\000r\000k\000\040\000C\000o\000n\000t\000r\000o\000l}{section.25.3}% 835
\BOOKMARK [2][-]{subsection.25.3.11}{\376\377\000H\000y\000b\000r\000i\000d\000\040\000A\000p\000p\000r\000o\000a\000c\000h\000e\000s\000:\000\040\000N\000e\000u\000r\000a\000l\000\040\000N\000e\000t\000w\000o\000r\000k\000s\000\040\000+\000\040\000P\000h\000y\000s\000i\000c\000s}{section.25.3}% 836
\BOOKMARK [1][-]{section.25.4}{\376\377\000P\000r\000a\000c\000t\000i\000c\000a\000l\000\040\000E\000x\000p\000e\000r\000i\000m\000e\000n\000t\000:\000\040\000N\000e\000u\000r\000a\000l\000\040\000N\000e\000t\000w\000o\000r\000k\000\040\000C\000o\000n\000t\000r\000o\000l\000l\000e\000r\000\040\000f\000o\000r\000\040\000D\000C\000\040\000M\000o\000t\000o\000r}{chapter.25}% 837
\BOOKMARK [2][-]{subsection.25.4.1}{\376\377\000E\000x\000p\000e\000r\000i\000m\000e\000n\000t\000a\000l\000\040\000S\000e\000t\000u\000p}{section.25.4}% 838
\BOOKMARK [2][-]{subsection.25.4.2}{\376\377\000P\000h\000a\000s\000e\000\040\0001\000:\000\040\000P\000I\000D\000\040\000C\000o\000n\000t\000r\000o\000l\000l\000e\000r\000\040\000a\000n\000d\000\040\000D\000a\000t\000a\000\040\000C\000o\000l\000l\000e\000c\000t\000i\000o\000n}{section.25.4}% 839
\BOOKMARK [2][-]{subsection.25.4.3}{\376\377\000P\000h\000a\000s\000e\000\040\0002\000:\000\040\000N\000e\000u\000r\000a\000l\000\040\000N\000e\000t\000w\000o\000r\000k\000\040\000T\000r\000a\000i\000n\000i\000n\000g}{section.25.4}% 840
\BOOKMARK [2][-]{subsection.25.4.4}{\376\377\000P\000h\000a\000s\000e\000\040\0003\000:\000\040\000E\000x\000p\000o\000r\000t\000\040\000a\000n\000d\000\040\000D\000e\000p\000l\000o\000y\000m\000e\000n\000t}{section.25.4}% 841
\BOOKMARK [2][-]{subsection.25.4.5}{\376\377\000P\000h\000a\000s\000e\000\040\0004\000:\000\040\000E\000v\000a\000l\000u\000a\000t\000i\000o\000n\000\040\000a\000n\000d\000\040\000C\000o\000m\000p\000a\000r\000i\000s\000o\000n}{section.25.4}% 842
\BOOKMARK [2][-]{subsection.25.4.6}{\376\377\000D\000i\000s\000c\000u\000s\000s\000i\000o\000n}{section.25.4}% 843
\BOOKMARK [1][-]{section.25.5}{\376\377\000W\000o\000r\000k\000e\000d\000\040\000E\000x\000a\000m\000p\000l\000e\000s}{chapter.25}% 844
\BOOKMARK [2][-]{subsection.25.5.1}{\376\377\000E\000x\000a\000m\000p\000l\000e\000\040\0003\000:\000\040\000D\000e\000s\000i\000g\000n\000i\000n\000g\000\040\000N\000N\000\040\000A\000r\000c\000h\000i\000t\000e\000c\000t\000u\000r\000e\000\040\000f\000o\000r\000\040\000C\000o\000n\000t\000r\000o\000l}{section.25.5}% 845
\BOOKMARK [2][-]{subsection.25.5.2}{\376\377\000E\000x\000a\000m\000p\000l\000e\000\040\0004\000:\000\040\000T\000r\000a\000i\000n\000i\000n\000g\000\040\000N\000N\000\040\000t\000o\000\040\000A\000p\000p\000r\000o\000x\000i\000m\000a\000t\000e\000\040\000a\000\040\000K\000n\000o\000w\000n\000\040\000F\000u\000n\000c\000t\000i\000o\000n}{section.25.5}% 846
\BOOKMARK [2][-]{subsection.25.5.3}{\376\377\000E\000x\000a\000m\000p\000l\000e\000\040\0005\000:\000\040\000A\000n\000a\000l\000y\000z\000i\000n\000g\000\040\000N\000N\000\040\000C\000o\000n\000t\000r\000o\000l\000l\000e\000r\000\040\000v\000s\000\040\000L\000i\000n\000e\000a\000r\000\040\000C\000o\000n\000t\000r\000o\000l\000l\000e\000r}{section.25.5}% 847
\BOOKMARK [2][-]{subsection.25.5.4}{\376\377\000E\000x\000a\000m\000p\000l\000e\000\040\0006\000:\000\040\000N\000e\000u\000r\000a\000l\000\040\000N\000e\000t\000w\000o\000r\000k\000\040\000f\000o\000r\000\040\000S\000y\000s\000t\000e\000m\000\040\000I\000d\000e\000n\000t\000i\000f\000i\000c\000a\000t\000i\000o\000n}{section.25.5}% 848
\BOOKMARK [1][-]{section.25.6}{\376\377\000C\000h\000a\000p\000t\000e\000r\000\040\000S\000u\000m\000m\000a\000r\000y}{chapter.25}% 849
\BOOKMARK [1][-]{section.25.7}{\376\377\000E\000x\000e\000r\000c\000i\000s\000e\000s}{chapter.25}% 850
\BOOKMARK [1][-]{section.25.8}{\376\377\000F\000u\000r\000t\000h\000e\000r\000\040\000R\000e\000a\000d\000i\000n\000g}{chapter.25}% 851
\BOOKMARK [0][-]{chapter.26}{\376\377\000R\000o\000b\000u\000s\000t\000n\000e\000s\000s\000\040\000a\000n\000d\000\040\000U\000n\000c\000e\000r\000t\000a\000i\000n\000t\000y}{part.6}% 852
\BOOKMARK [1][-]{section.26.1}{\376\377\000H\000i\000s\000t\000o\000r\000i\000c\000a\000l\000\040\000M\000o\000t\000i\000v\000a\000t\000i\000o\000n\000:\000\040\000W\000h\000y\000\040\000M\000o\000d\000e\000l\000s\000\040\000A\000r\000e\000\040\000N\000e\000v\000e\000r\000\040\000E\000n\000o\000u\000g\000h}{chapter.26}% 853
\BOOKMARK [2][-]{subsection.26.1.1}{\376\377\000B\000o\000d\000e\000\040\000a\000n\000d\000\040\000t\000h\000e\000\040\000O\000r\000i\000g\000i\000n\000s\000\040\000o\000f\000\040\000R\000o\000b\000u\000s\000t\000n\000e\000s\000s\000\040\000T\000h\000i\000n\000k\000i\000n\000g\000\040\000\050\0001\0009\0004\0000\000s\000\051}{section.26.1}% 854
\BOOKMARK [2][-]{subsection.26.1.2}{\376\377\000T\000h\000e\000\040\000M\000u\000l\000t\000i\000v\000a\000r\000i\000a\000b\000l\000e\000\040\000C\000h\000a\000l\000l\000e\000n\000g\000e\000:\000\040\000D\000o\000y\000l\000e\000\040\000a\000n\000d\000\040\000S\000t\000e\000i\000n\000\040\000\050\0001\0009\0008\0001\000\051}{section.26.1}% 855
\BOOKMARK [2][-]{subsection.26.1.3}{\376\377\000H\000\040\000C\000o\000n\000t\000r\000o\000l\000:\000\040\000Z\000a\000m\000e\000s\000\040\000a\000n\000d\000\040\000t\000h\000e\000\040\000O\000p\000t\000i\000m\000i\000z\000a\000t\000i\000o\000n\000\040\000o\000f\000\040\000R\000o\000b\000u\000s\000t\000n\000e\000s\000s\000\040\000\050\0001\0009\0008\0001\000\051}{section.26.1}% 856
\BOOKMARK [2][-]{subsection.26.1.4}{\376\377\000L\000e\000s\000s\000o\000n\000s\000\040\000f\000r\000o\000m\000\040\000F\000a\000i\000l\000u\000r\000e\000:\000\040\000W\000h\000e\000n\000\040\000M\000o\000d\000e\000l\000s\000\040\000B\000e\000t\000r\000a\000y\000\040\000U\000s}{section.26.1}% 857
\BOOKMARK [2][-]{subsection.26.1.5}{\376\377\000T\000h\000e\000\040\000F\000u\000n\000d\000a\000m\000e\000n\000t\000a\000l\000\040\000P\000r\000i\000n\000c\000i\000p\000l\000e}{section.26.1}% 858
\BOOKMARK [1][-]{section.26.2}{\376\377\000M\000o\000d\000e\000r\000n\000\040\000A\000p\000p\000l\000i\000c\000a\000t\000i\000o\000n\000s\000\040\000o\000f\000\040\000R\000o\000b\000u\000s\000t\000\040\000C\000o\000n\000t\000r\000o\000l}{chapter.26}% 859
\BOOKMARK [2][-]{subsection.26.2.1}{\376\377\000A\000e\000r\000o\000s\000p\000a\000c\000e\000\040\000S\000y\000s\000t\000e\000m\000s}{section.26.2}% 860
\BOOKMARK [2][-]{subsection.26.2.2}{\376\377\000R\000o\000b\000o\000t\000i\000c\000s\000\040\000a\000n\000d\000\040\000A\000u\000t\000o\000m\000a\000t\000i\000o\000n}{section.26.2}% 861
\BOOKMARK [2][-]{subsection.26.2.3}{\376\377\000P\000o\000w\000e\000r\000\040\000S\000y\000s\000t\000e\000m\000s\000\040\000a\000n\000d\000\040\000R\000e\000n\000e\000w\000a\000b\000l\000e\000\040\000E\000n\000e\000r\000g\000y}{section.26.2}% 862
\BOOKMARK [2][-]{subsection.26.2.4}{\376\377\000M\000e\000d\000i\000c\000a\000l\000\040\000D\000e\000v\000i\000c\000e\000s}{section.26.2}% 863
\BOOKMARK [1][-]{section.26.3}{\376\377\000M\000a\000t\000h\000e\000m\000a\000t\000i\000c\000a\000l\000\040\000F\000o\000u\000n\000d\000a\000t\000i\000o\000n\000s\000\040\000o\000f\000\040\000R\000o\000b\000u\000s\000t\000\040\000C\000o\000n\000t\000r\000o\000l}{chapter.26}% 864
\BOOKMARK [2][-]{subsection.26.3.1}{\376\377\000T\000y\000p\000e\000s\000\040\000o\000f\000\040\000U\000n\000c\000e\000r\000t\000a\000i\000n\000t\000y}{section.26.3}% 865
\BOOKMARK [2][-]{subsection.26.3.2}{\376\377\000T\000h\000e\000\040\000S\000m\000a\000l\000l\000\040\000G\000a\000i\000n\000\040\000T\000h\000e\000o\000r\000e\000m}{section.26.3}% 866
\BOOKMARK [2][-]{subsection.26.3.3}{\376\377\000S\000e\000n\000s\000i\000t\000i\000v\000i\000t\000y\000\040\000F\000u\000n\000c\000t\000i\000o\000n\000s\000\040\000a\000n\000d\000\040\000T\000r\000a\000d\000e\000-\000o\000f\000f\000s}{section.26.3}% 867
\BOOKMARK [2][-]{subsection.26.3.4}{\376\377\000T\000h\000e\000\040\000H\000\040\000C\000o\000n\000t\000r\000o\000l\000\040\000P\000r\000o\000b\000l\000e\000m}{section.26.3}% 868
\BOOKMARK [2][-]{subsection.26.3.5}{\376\377\000R\000o\000b\000u\000s\000t\000\040\000P\000e\000r\000f\000o\000r\000m\000a\000n\000c\000e}{section.26.3}% 869
\BOOKMARK [2][-]{subsection.26.3.6}{\376\377\000I\000n\000t\000r\000o\000d\000u\000c\000t\000i\000o\000n\000\040\000t\000o\000\040\000-\000A\000n\000a\000l\000y\000s\000i\000s}{section.26.3}% 870
\BOOKMARK [2][-]{subsection.26.3.7}{\376\377\000P\000r\000a\000c\000t\000i\000c\000a\000l\000\040\000R\000o\000b\000u\000s\000t\000n\000e\000s\000s\000\040\000A\000s\000s\000e\000s\000s\000m\000e\000n\000t}{section.26.3}% 871
\BOOKMARK [1][-]{section.26.4}{\376\377\000P\000r\000a\000c\000t\000i\000c\000a\000l\000\040\000L\000a\000b\000o\000r\000a\000t\000o\000r\000y\000:\000\040\000R\000o\000b\000u\000s\000t\000\040\000M\000o\000t\000o\000r\000\040\000C\000o\000n\000t\000r\000o\000l}{chapter.26}% 872
\BOOKMARK [2][-]{subsection.26.4.1}{\376\377\000L\000e\000a\000r\000n\000i\000n\000g\000\040\000O\000b\000j\000e\000c\000t\000i\000v\000e\000s}{section.26.4}% 873
\BOOKMARK [2][-]{subsection.26.4.2}{\376\377\000R\000e\000q\000u\000i\000r\000e\000d\000\040\000C\000o\000m\000p\000o\000n\000e\000n\000t\000s}{section.26.4}% 874
\BOOKMARK [2][-]{subsection.26.4.3}{\376\377\000S\000y\000s\000t\000e\000m\000\040\000I\000d\000e\000n\000t\000i\000f\000i\000c\000a\000t\000i\000o\000n}{section.26.4}% 875
\BOOKMARK [2][-]{subsection.26.4.4}{\376\377\000C\000o\000n\000t\000r\000o\000l\000l\000e\000r\000\040\000D\000e\000s\000i\000g\000n}{section.26.4}% 876
\BOOKMARK [2][-]{subsection.26.4.5}{\376\377\000E\000x\000p\000e\000r\000i\000m\000e\000n\000t\000a\000l\000\040\000P\000r\000o\000c\000e\000d\000u\000r\000e}{section.26.4}% 877
\BOOKMARK [2][-]{subsection.26.4.6}{\376\377\000D\000a\000t\000a\000\040\000A\000n\000a\000l\000y\000s\000i\000s}{section.26.4}% 878
\BOOKMARK [1][-]{section.26.5}{\376\377\000W\000o\000r\000k\000e\000d\000\040\000E\000x\000a\000m\000p\000l\000e\000s}{chapter.26}% 879
\BOOKMARK [1][-]{section.26.6}{\376\377\000F\000i\000g\000u\000r\000e\000s\000\040\000a\000n\000d\000\040\000D\000i\000a\000g\000r\000a\000m\000s}{chapter.26}% 880
\BOOKMARK [2][-]{subsection.26.6.1}{\376\377\000U\000n\000c\000e\000r\000t\000a\000i\000n\000t\000y\000\040\000M\000o\000d\000e\000l\000s}{section.26.6}% 881
\BOOKMARK [2][-]{subsection.26.6.2}{\376\377\000R\000o\000b\000u\000s\000t\000\040\000S\000t\000a\000b\000i\000l\000i\000t\000y\000\040\000i\000n\000\040\000N\000y\000q\000u\000i\000s\000t\000\040\000D\000i\000a\000g\000r\000a\000m}{section.26.6}% 882
\BOOKMARK [2][-]{subsection.26.6.3}{\376\377\000S\000e\000n\000s\000i\000t\000i\000v\000i\000t\000y\000\040\000F\000u\000n\000c\000t\000i\000o\000n\000\040\000B\000o\000d\000e\000\040\000P\000l\000o\000t\000s}{section.26.6}% 883
\BOOKMARK [2][-]{subsection.26.6.4}{\376\377\000N\000o\000m\000i\000n\000a\000l\000\040\000v\000s\000\040\000R\000o\000b\000u\000s\000t\000\040\000R\000e\000s\000p\000o\000n\000s\000e\000\040\000C\000o\000m\000p\000a\000r\000i\000s\000o\000n}{section.26.6}% 884
\BOOKMARK [1][-]{section.26.7}{\376\377\000C\000h\000a\000p\000t\000e\000r\000\040\000S\000u\000m\000m\000a\000r\000y}{chapter.26}% 885
\BOOKMARK [1][-]{section.26.8}{\376\377\000E\000x\000e\000r\000c\000i\000s\000e\000s}{chapter.26}% 886
