This is LuaHBTeX, Version 1.21.0 (TeX Live 2025)  (format=lualatex 2025.3.8)  13 JAN 2026 23:25
 restricted system commands enabled.
**main_textbook.tex
(./main_textbook.tex
LaTeX2e <2024-11-01> patch level 2
L3 programming layer <2025-01-18>
Lua module: luaotfload 2024-12-03 v3.29 Lua based OpenType font support
Lua module: lualibs 2023-07-13 v2.76 ConTeXt Lua standard libraries.
Lua module: lualibs-extended 2023-07-13 v2.76 ConTeXt Lua libraries -- extended 
collection.
luaotfload | conf : Root cache directory is "/Users/jvaught/Library/texlive/2025
/texmf-var/luatex-cache/generic/names".
luaotfload | init : Loading fontloader "fontloader-2023-12-28.lua" from kpse-res
olved path "/usr/local/texlive/2025/texmf-dist/tex/luatex/luaotfload/fontloader-
2023-12-28.lua".
Lua-only attribute luaotfload@noligature = 1
luaotfload | init : Context OpenType loader version 3.134
Inserting `luaotfload.node_processor' in `pre_linebreak_filter'.
Inserting `luaotfload.node_processor' in `hpack_filter'.
Inserting `luaotfload.glyph_stream' in `glyph_stream_provider'.
Inserting `luaotfload.define_font' in `define_font'.
Lua-only attribute luaotfload_color_attribute = 2
luaotfload | conf : Root cache directory is "/Users/jvaught/Library/texlive/2025
/texmf-var/luatex-cache/generic/names".
Inserting `luaotfload.harf.strip_prefix' in `find_opentype_file'.
Inserting `luaotfload.harf.strip_prefix' in `find_truetype_file'.
Removing  `luaotfload.glyph_stream' from `glyph_stream_provider'.
Inserting `luaotfload.harf.glyphstream' in `glyph_stream_provider'.
Inserting `luaotfload.harf.finalize_vlist' in `post_linebreak_filter'.
Inserting `luaotfload.harf.finalize_hlist' in `hpack_filter'.
Inserting `luaotfload.cleanup_files' in `wrapup_run'.
Inserting `luaotfload.harf.finalize_unicode' in `finish_pdffile'.
Inserting `luaotfload.glyphinfo' in `glyph_info'.
Lua-only attribute luaotfload.letterspace_done = 3
Inserting `luaotfload.aux.set_sscale_dimens' in `luaotfload.patch_font'.
Inserting `luaotfload.aux.set_font_index' in `luaotfload.patch_font'.
Inserting `luaotfload.aux.patch_cambria_domh' in `luaotfload.patch_font'.
Inserting `luaotfload.aux.fixup_fontdata' in `luaotfload.patch_font_unsafe'.
Inserting `luaotfload.aux.set_capheight' in `luaotfload.patch_font'.
Inserting `luaotfload.aux.set_xheight' in `luaotfload.patch_font'.
Inserting `luaotfload.rewrite_fontname' in `luaotfload.patch_font'.
Inserting `tracingstacklevels' in `input_level_string'. (/usr/local/texlive/202
5/texmf-dist/tex/latex/base/book.cls
Document Class: book 2024/06/29 v1.4n Standard LaTeX document class
(/usr/local/texlive/2025/texmf-dist/tex/latex/base/bk12.clo
File: bk12.clo 2024/06/29 v1.4n Standard LaTeX file (size option)
luaotfload | db : Font names database loaded from /Users/jvaught/Library/texlive
/2025/texmf-var/luatex-cache/generic/names/luaotfload-names.luc.gz)
\c@part=\count194
\c@chapter=\count195
\c@section=\count196
\c@subsection=\count197
\c@subsubsection=\count198
\c@paragraph=\count199
\c@subparagraph=\count266
\c@figure=\count267
\c@table=\count268
\abovecaptionskip=\skip49
\belowcaptionskip=\skip50
\bibindent=\dimen140
)
(/usr/local/texlive/2025/texmf-dist/tex/latex/base/inputenc.sty
Package: inputenc 2024/02/08 v1.3d Input encoding file
\inpenc@prehook=\toks17
\inpenc@posthook=\toks18


Package inputenc Warning: inputenc package ignored with utf8 based engines.

) (/usr/local/texlive/2025/texmf-dist/tex/latex/base/fontenc.sty
Package: fontenc 2021/04/29 v2.0v Standard LaTeX package
LaTeX Font Info:    Trying to load font information for T1+lmr on input line 11
6.

(/usr/local/texlive/2025/texmf-dist/tex/latex/lm/t1lmr.fd
File: t1lmr.fd 2015/05/01 v1.6.1 Font defs for Latin Modern
))
(/usr/local/texlive/2025/texmf-dist/tex/latex/psnfss/times.sty
Package: times 2020/03/25 PSNFSS-v9.3 (SPQR) 
)
(/Users/jvaught/Library/texmf/tex/latex/amsmath/amsmath.sty
Package: amsmath 2025/07/09 v2.17z AMS math features
\@mathmargin=\skip51

For additional information on amsmath, use the `?' option.
(/Users/jvaught/Library/texmf/tex/latex/amsmath/amstext.sty
Package: amstext 2024/11/17 v2.01 AMS text

(/Users/jvaught/Library/texmf/tex/latex/amsmath/amsgen.sty
File: amsgen.sty 1999/11/30 v2.0 generic functions
\@emptytoks=\toks19
\ex@=\dimen141
))
(/Users/jvaught/Library/texmf/tex/latex/amsmath/amsbsy.sty
Package: amsbsy 1999/11/29 v1.2d Bold Symbols
\pmbraise@=\dimen142
)
(/Users/jvaught/Library/texmf/tex/latex/amsmath/amsopn.sty
Package: amsopn 2022/04/08 v2.04 operator names
)
\inf@bad=\count269
LaTeX Info: Redefining \frac on input line 235.
\uproot@=\count270
\leftroot@=\count271
LaTeX Info: Redefining \overline on input line 398.
LaTeX Info: Redefining \colon on input line 409.
\classnum@=\count272
\DOTSCASE@=\count273
LaTeX Info: Redefining \ldots on input line 495.
LaTeX Info: Redefining \dots on input line 498.
LaTeX Info: Redefining \cdots on input line 619.
\Mathstrutbox@=\box52
\strutbox@=\box53
LaTeX Info: Redefining \big on input line 721.
LaTeX Info: Redefining \Big on input line 722.
LaTeX Info: Redefining \bigg on input line 723.
LaTeX Info: Redefining \Bigg on input line 724.
\big@size=\dimen143
LaTeX Font Info:    Redeclaring font encoding OML on input line 742.
LaTeX Font Info:    Redeclaring font encoding OMS on input line 743.
\macc@depth=\count274
LaTeX Info: Redefining \bmod on input line 904.
LaTeX Info: Redefining \pmod on input line 909.
LaTeX Info: Redefining \smash on input line 939.
LaTeX Info: Redefining \relbar on input line 969.
LaTeX Info: Redefining \Relbar on input line 970.
\c@MaxMatrixCols=\count275
\dotsspace@=\muskip17
\c@parentequation=\count276
\dspbrk@lvl=\count277
\tag@help=\toks20
\row@=\count278
\column@=\count279
\maxfields@=\count280
\andhelp@=\toks21
\eqnshift@=\dimen144
\alignsep@=\dimen145
\tagshift@=\dimen146
\tagwidth@=\dimen147
\totwidth@=\dimen148
\lineht@=\dimen149
\@envbody=\toks22
\multlinegap=\skip52
\multlinetaggap=\skip53
\mathdisplay@stack=\toks23
LaTeX Info: Redefining \[ on input line 2950.
LaTeX Info: Redefining \] on input line 2951.
)
(/usr/local/texlive/2025/texmf-dist/tex/latex/amsfonts/amssymb.sty
Package: amssymb 2013/01/14 v3.01 AMS font symbols

(/usr/local/texlive/2025/texmf-dist/tex/latex/amsfonts/amsfonts.sty
Package: amsfonts 2013/01/14 v3.01 Basic AMSFonts support
\symAMSa=\mathgroup4
\symAMSb=\mathgroup5
LaTeX Font Info:    Redeclaring math symbol \hbar on input line 98.
LaTeX Font Info:    Overwriting math alphabet `\mathfrak' in version `bold'
(Font)                  U/euf/m/n --> U/euf/b/n on input line 106.
))
(/usr/local/texlive/2025/texmf-dist/tex/latex/amscls/amsthm.sty
Package: amsthm 2020/05/29 v2.20.6
\thm@style=\toks24
\thm@bodyfont=\toks25
\thm@headfont=\toks26
\thm@notefont=\toks27
\thm@headpunct=\toks28
\thm@preskip=\skip54
\thm@postskip=\skip55
\thm@headsep=\skip56
\dth@everypar=\toks29
)
(/usr/local/texlive/2025/texmf-dist/tex/latex/algorithms/algorithm.sty
Package: algorithm 2009/08/24 v0.1 Document Style `algorithm' - floating enviro
nment

(/usr/local/texlive/2025/texmf-dist/tex/latex/float/float.sty
Package: float 2001/11/08 v1.3d Float enhancements (AL)
\c@float@type=\count281
\float@exts=\toks30
\float@box=\box54
\@float@everytoks=\toks31
\@floatcapt=\box55
)
(/usr/local/texlive/2025/texmf-dist/tex/latex/base/ifthen.sty
Package: ifthen 2024/03/16 v1.1e Standard LaTeX ifthen package (DPC)
)
\@float@every@algorithm=\toks32
\c@algorithm=\count282
)
(/usr/local/texlive/2025/texmf-dist/tex/latex/algorithms/algorithmic.sty
Package: algorithmic 2009/08/24 v0.1 Document Style `algorithmic'

(/usr/local/texlive/2025/texmf-dist/tex/latex/graphics/keyval.sty
Package: keyval 2022/05/29 v1.15 key=value parser (DPC)
\KV@toks@=\toks33
)
\c@ALC@unique=\count283
\c@ALC@line=\count284
\c@ALC@rem=\count285
\c@ALC@depth=\count286
\ALC@tlm=\skip57
\algorithmicindent=\skip58
)
(/Users/jvaught/Library/texmf/tex/latex/algorithmicx/algpseudocode.sty
Package: algpseudocode 

(/Users/jvaught/Library/texmf/tex/latex/algorithmicx/algorithmicx.sty
Package: algorithmicx 2005/04/27 v1.2 Algorithmicx

Document Style algorithmicx 1.2 - a greatly improved `algorithmic' style
\c@ALG@line=\count287
\c@ALG@rem=\count288
\c@ALG@nested=\count289
\ALG@tlm=\skip59
\ALG@thistlm=\skip60
\c@ALG@Lnr=\count290
\c@ALG@blocknr=\count291
\c@ALG@storecount=\count292
\c@ALG@tmpcounter=\count293
\ALG@tmplength=\skip61

! LaTeX Error: Command \algorithmic already defined.
               Or name \end... illegal, see p.192 of the manual.

See the LaTeX manual or LaTeX Companion for explanation.
Type  H <return>  for immediate help.
 ...                                              
                                                  
l.112    }
          %
Your command was ignored.
Type  I <command> <return>  to replace it with another command,
or  <return>  to continue without it.

)
Document Style - pseudocode environments for use with the `algorithmicx' style
) (/usr/local/texlive/2025/texmf-dist/tex/latex/graphics/graphicx.sty
Package: graphicx 2021/09/16 v1.2d Enhanced LaTeX Graphics (DPC,SPQR)

(/usr/local/texlive/2025/texmf-dist/tex/latex/graphics/graphics.sty
Package: graphics 2024/08/06 v1.4g Standard LaTeX Graphics (DPC,SPQR)

(/usr/local/texlive/2025/texmf-dist/tex/latex/graphics/trig.sty
Package: trig 2023/12/02 v1.11 sin cos tan (DPC)
)
(/usr/local/texlive/2025/texmf-dist/tex/latex/graphics-cfg/graphics.cfg
File: graphics.cfg 2016/06/04 v1.11 sample graphics configuration
)
Package graphics Info: Driver file: luatex.def on input line 106.

(/usr/local/texlive/2025/texmf-dist/tex/latex/graphics-def/luatex.def
File: luatex.def 2024/04/13 v1.2e Graphics/color driver for luatex
))
\Gin@req@height=\dimen150
\Gin@req@width=\dimen151
)
(/usr/local/texlive/2025/texmf-dist/tex/latex/base/textcomp.sty
Package: textcomp 2024/04/24 v2.1b Standard LaTeX package
)
(/usr/local/texlive/2025/texmf-dist/tex/latex/xcolor/xcolor.sty
Package: xcolor 2024/09/29 v3.02 LaTeX color extensions (UK)

(/usr/local/texlive/2025/texmf-dist/tex/latex/graphics-cfg/color.cfg
File: color.cfg 2016/01/02 v1.6 sample color configuration
)
Package xcolor Info: Driver file: luatex.def on input line 274.

(/usr/local/texlive/2025/texmf-dist/tex/latex/graphics/mathcolor.ltx)
Package xcolor Info: Model `cmy' substituted by `cmy0' on input line 1349.
Package xcolor Info: Model `hsb' substituted by `rgb' on input line 1353.
Package xcolor Info: Model `RGB' extended on input line 1365.
Package xcolor Info: Model `HTML' substituted by `rgb' on input line 1367.
Package xcolor Info: Model `Hsb' substituted by `hsb' on input line 1368.
Package xcolor Info: Model `tHsb' substituted by `hsb' on input line 1369.
Package xcolor Info: Model `HSB' substituted by `hsb' on input line 1370.
Package xcolor Info: Model `Gray' substituted by `gray' on input line 1371.
Package xcolor Info: Model `wave' substituted by `hsb' on input line 1372.
)
(/usr/local/texlive/2025/texmf-dist/tex/latex/hyperref/hyperref.sty
Package: hyperref 2024-11-05 v7.01l Hypertext links for LaTeX

(/usr/local/texlive/2025/texmf-dist/tex/generic/iftex/iftex.sty
Package: iftex 2024/12/12 v1.0g TeX engine tests
)
(/usr/local/texlive/2025/texmf-dist/tex/latex/kvsetkeys/kvsetkeys.sty
Package: kvsetkeys 2022-10-05 v1.19 Key value parser (HO)
)
(/usr/local/texlive/2025/texmf-dist/tex/generic/kvdefinekeys/kvdefinekeys.sty
Package: kvdefinekeys 2019-12-19 v1.6 Define keys (HO)
)
(/usr/local/texlive/2025/texmf-dist/tex/generic/pdfescape/pdfescape.sty
Package: pdfescape 2019/12/09 v1.15 Implements pdfTeX's escape features (HO)

(/usr/local/texlive/2025/texmf-dist/tex/generic/ltxcmds/ltxcmds.sty
Package: ltxcmds 2023-12-04 v1.26 LaTeX kernel commands for general use (HO)
)
(/usr/local/texlive/2025/texmf-dist/tex/generic/pdftexcmds/pdftexcmds.sty
Package: pdftexcmds 2020-06-27 v0.33 Utility functions of pdfTeX for LuaTeX (HO
)

(/usr/local/texlive/2025/texmf-dist/tex/generic/infwarerr/infwarerr.sty
Package: infwarerr 2019/12/03 v1.5 Providing info/warning/error messages (HO)
)
Package pdftexcmds Info: \pdf@primitive is available.
Package pdftexcmds Info: \pdf@ifprimitive is available.
Package pdftexcmds Info: \pdfdraftmode found.
\pdftexcmds@toks=\toks34
))
(/usr/local/texlive/2025/texmf-dist/tex/latex/hycolor/hycolor.sty
Package: hycolor 2020-01-27 v1.10 Color options for hyperref/bookmark (HO)
)
(/usr/local/texlive/2025/texmf-dist/tex/latex/hyperref/nameref.sty
Package: nameref 2023-11-26 v2.56 Cross-referencing by name of section

(/usr/local/texlive/2025/texmf-dist/tex/latex/refcount/refcount.sty
Package: refcount 2019/12/15 v3.6 Data extraction from label references (HO)
)
(/usr/local/texlive/2025/texmf-dist/tex/generic/gettitlestring/gettitlestring.s
ty
Package: gettitlestring 2019/12/15 v1.6 Cleanup title references (HO)
 (/usr/local/texlive/2025/texmf-dist/tex/latex/kvoptions/kvoptions.sty
Package: kvoptions 2022-06-15 v3.15 Key value format for package options (HO)
))
\c@section@level=\count294
)
(/Users/jvaught/Library/texmf/tex/latex/etoolbox/etoolbox.sty
Package: etoolbox 2025/10/02 v2.5m e-TeX tools for LaTeX (JAW)
\etb@tempcnta=\count295
)
(/usr/local/texlive/2025/texmf-dist/tex/generic/stringenc/stringenc.sty
Package: stringenc 2019/11/29 v1.12 Convert strings between diff. encodings (HO
)
)
\@linkdim=\dimen152
\Hy@linkcounter=\count296
\Hy@pagecounter=\count297

(/usr/local/texlive/2025/texmf-dist/tex/latex/hyperref/pd1enc.def
File: pd1enc.def 2024-11-05 v7.01l Hyperref: PDFDocEncoding definition (HO)
)
(/usr/local/texlive/2025/texmf-dist/tex/generic/intcalc/intcalc.sty
Package: intcalc 2019/12/15 v1.3 Expandable calculations with integers (HO)
)
\Hy@SavedSpaceFactor=\count298

(/usr/local/texlive/2025/texmf-dist/tex/latex/hyperref/puenc.def
File: puenc.def 2024-11-05 v7.01l Hyperref: PDF Unicode definition (HO)
)
Package hyperref Info: Hyper figures OFF on input line 4157.
Package hyperref Info: Link nesting OFF on input line 4162.
Package hyperref Info: Hyper index ON on input line 4165.
Package hyperref Info: Plain pages OFF on input line 4172.
Package hyperref Info: Backreferencing OFF on input line 4177.
Package hyperref Info: Implicit mode ON; LaTeX internals redefined.
Package hyperref Info: Bookmarks ON on input line 4424.
\c@Hy@tempcnt=\count299

(/usr/local/texlive/2025/texmf-dist/tex/latex/url/url.sty
\Urlmuskip=\muskip18
Package: url 2013/09/16  ver 3.4  Verb mode for urls, etc.
)
LaTeX Info: Redefining \url on input line 4763.
\XeTeXLinkMargin=\dimen153

(/usr/local/texlive/2025/texmf-dist/tex/generic/bitset/bitset.sty
Package: bitset 2019/12/09 v1.3 Handle bit-vector datatype (HO)

(/usr/local/texlive/2025/texmf-dist/tex/generic/bigintcalc/bigintcalc.sty
Package: bigintcalc 2019/12/15 v1.5 Expandable calculations on big integers (HO
)
))
\Fld@menulength=\count300
\Field@Width=\dimen154
\Fld@charsize=\dimen155
Package hyperref Info: Hyper figures OFF on input line 6042.
Package hyperref Info: Link nesting OFF on input line 6047.
Package hyperref Info: Hyper index ON on input line 6050.
Package hyperref Info: backreferencing OFF on input line 6057.
Package hyperref Info: Link coloring OFF on input line 6062.
Package hyperref Info: Link coloring with OCG OFF on input line 6067.
Package hyperref Info: PDF/A mode OFF on input line 6072.

(/usr/local/texlive/2025/texmf-dist/tex/latex/base/atbegshi-ltx.sty
Package: atbegshi-ltx 2021/01/10 v1.0c Emulation of the original atbegshi
package with kernel methods
)
\Hy@abspage=\count301
\c@Item=\count302
\c@Hfootnote=\count303
)
Package hyperref Info: Driver (autodetected): hluatex.

(/usr/local/texlive/2025/texmf-dist/tex/latex/hyperref/hluatex.def
File: hluatex.def 2024-11-05 v7.01l Hyperref driver for luaTeX

(/usr/local/texlive/2025/texmf-dist/tex/latex/base/atveryend-ltx.sty
Package: atveryend-ltx 2020/08/19 v1.0a Emulation of the original atveryend pac
kage
with kernel methods
)
\Fld@listcount=\count304
\c@bookmark@seq@number=\count305

(/usr/local/texlive/2025/texmf-dist/tex/latex/rerunfilecheck/rerunfilecheck.sty
Package: rerunfilecheck 2022-07-10 v1.10 Rerun checks for auxiliary files (HO)

(/usr/local/texlive/2025/texmf-dist/tex/generic/uniquecounter/uniquecounter.sty
Package: uniquecounter 2019/12/15 v1.4 Provide unlimited unique counter (HO)
)
Package uniquecounter Info: New unique counter `rerunfilecheck' on input line 2
85.
)
\Hy@SectionHShift=\skip62
) (/usr/local/texlive/2025/texmf-dist/tex/latex/cite/cite.sty
LaTeX Info: Redefining \cite on input line 302.
LaTeX Info: Redefining \nocite on input line 332.
Package: cite 2015/02/27  v 5.5
)
(/usr/local/texlive/2025/texmf-dist/tex/latex/booktabs/booktabs.sty
Package: booktabs 2020/01/12 v1.61803398 Publication quality tables
\heavyrulewidth=\dimen156
\lightrulewidth=\dimen157
\cmidrulewidth=\dimen158
\belowrulesep=\dimen159
\belowbottomsep=\dimen160
\aboverulesep=\dimen161
\abovetopsep=\dimen162
\cmidrulesep=\dimen163
\cmidrulekern=\dimen164
\defaultaddspace=\dimen165
\@cmidla=\count306
\@cmidlb=\count307
\@aboverulesep=\dimen166
\@belowrulesep=\dimen167
\@thisruleclass=\count308
\@lastruleclass=\count309
\@thisrulewidth=\dimen168
)
(/usr/local/texlive/2025/texmf-dist/tex/latex/pgf/frontendlayer/tikz.sty
(/usr/local/texlive/2025/texmf-dist/tex/latex/pgf/basiclayer/pgf.sty
(/usr/local/texlive/2025/texmf-dist/tex/latex/pgf/utilities/pgfrcs.sty
(/usr/local/texlive/2025/texmf-dist/tex/generic/pgf/utilities/pgfutil-common.te
x
\pgfutil@everybye=\toks35
\pgfutil@tempdima=\dimen169
\pgfutil@tempdimb=\dimen170
)
(/usr/local/texlive/2025/texmf-dist/tex/generic/pgf/utilities/pgfutil-latex.def
\pgfutil@abb=\box56
) (/usr/local/texlive/2025/texmf-dist/tex/generic/pgf/utilities/pgfrcs.code.tex
(/usr/local/texlive/2025/texmf-dist/tex/generic/pgf/pgf.revision.tex)
Package: pgfrcs 2023-01-15 v3.1.10 (3.1.10)
))
Package: pgf 2023-01-15 v3.1.10 (3.1.10)

(/usr/local/texlive/2025/texmf-dist/tex/latex/pgf/basiclayer/pgfcore.sty
(/usr/local/texlive/2025/texmf-dist/tex/latex/pgf/systemlayer/pgfsys.sty
(/usr/local/texlive/2025/texmf-dist/tex/generic/pgf/systemlayer/pgfsys.code.tex
Package: pgfsys 2023-01-15 v3.1.10 (3.1.10)
(/usr/local/texlive/2025/texmf-dist/tex/generic/pgf/utilities/pgfkeys.code.tex
\pgfkeys@pathtoks=\toks36
\pgfkeys@temptoks=\toks37

(/usr/local/texlive/2025/texmf-dist/tex/generic/pgf/utilities/pgfkeyslibraryfil
tered.code.tex
\pgfkeys@tmptoks=\toks38
))
\pgf@x=\dimen171
\pgf@y=\dimen172
\pgf@xa=\dimen173
\pgf@ya=\dimen174
\pgf@xb=\dimen175
\pgf@yb=\dimen176
\pgf@xc=\dimen177
\pgf@yc=\dimen178
\pgf@xd=\dimen179
\pgf@yd=\dimen180
\w@pgf@writea=\write3
\r@pgf@reada=\read2
\c@pgf@counta=\count310
\c@pgf@countb=\count311
\c@pgf@countc=\count312
\c@pgf@countd=\count313
\t@pgf@toka=\toks39
\t@pgf@tokb=\toks40
\t@pgf@tokc=\toks41
\pgf@sys@id@count=\count314

(/usr/local/texlive/2025/texmf-dist/tex/generic/pgf/systemlayer/pgf.cfg
File: pgf.cfg 2023-01-15 v3.1.10 (3.1.10)
)
Driver file for pgf: pgfsys-luatex.def

(/usr/local/texlive/2025/texmf-dist/tex/generic/pgf/systemlayer/pgfsys-luatex.d
ef
File: pgfsys-luatex.def 2023-01-15 v3.1.10 (3.1.10)

(/usr/local/texlive/2025/texmf-dist/tex/generic/pgf/systemlayer/pgfsys-common-p
df.def
File: pgfsys-common-pdf.def 2023-01-15 v3.1.10 (3.1.10)
)))
(/usr/local/texlive/2025/texmf-dist/tex/generic/pgf/systemlayer/pgfsyssoftpath.
code.tex
File: pgfsyssoftpath.code.tex 2023-01-15 v3.1.10 (3.1.10)
\pgfsyssoftpath@smallbuffer@items=\count315
\pgfsyssoftpath@bigbuffer@items=\count316
)
(/usr/local/texlive/2025/texmf-dist/tex/generic/pgf/systemlayer/pgfsysprotocol.
code.tex
File: pgfsysprotocol.code.tex 2023-01-15 v3.1.10 (3.1.10)
))
(/usr/local/texlive/2025/texmf-dist/tex/generic/pgf/basiclayer/pgfcore.code.tex
Package: pgfcore 2023-01-15 v3.1.10 (3.1.10)
(/usr/local/texlive/2025/texmf-dist/tex/generic/pgf/math/pgfmath.code.tex
(/usr/local/texlive/2025/texmf-dist/tex/generic/pgf/math/pgfmathutil.code.tex)
(/usr/local/texlive/2025/texmf-dist/tex/generic/pgf/math/pgfmathparser.code.tex
\pgfmath@dimen=\dimen181
\pgfmath@count=\count317
\pgfmath@box=\box57
\pgfmath@toks=\toks42
\pgfmath@stack@operand=\toks43
\pgfmath@stack@operation=\toks44
)
(/usr/local/texlive/2025/texmf-dist/tex/generic/pgf/math/pgfmathfunctions.code.
tex)
(/usr/local/texlive/2025/texmf-dist/tex/generic/pgf/math/pgfmathfunctions.basic
.code.tex)
(/usr/local/texlive/2025/texmf-dist/tex/generic/pgf/math/pgfmathfunctions.trigo
nometric.code.tex)
(/usr/local/texlive/2025/texmf-dist/tex/generic/pgf/math/pgfmathfunctions.rando
m.code.tex)
(/usr/local/texlive/2025/texmf-dist/tex/generic/pgf/math/pgfmathfunctions.compa
rison.code.tex)
(/usr/local/texlive/2025/texmf-dist/tex/generic/pgf/math/pgfmathfunctions.base.
code.tex)
(/usr/local/texlive/2025/texmf-dist/tex/generic/pgf/math/pgfmathfunctions.round
.code.tex)
(/usr/local/texlive/2025/texmf-dist/tex/generic/pgf/math/pgfmathfunctions.misc.
code.tex)
(/usr/local/texlive/2025/texmf-dist/tex/generic/pgf/math/pgfmathfunctions.integ
erarithmetics.code.tex)
(/usr/local/texlive/2025/texmf-dist/tex/generic/pgf/math/pgfmathcalc.code.tex)
(/usr/local/texlive/2025/texmf-dist/tex/generic/pgf/math/pgfmathfloat.code.tex
\c@pgfmathroundto@lastzeros=\count318
)) (/usr/local/texlive/2025/texmf-dist/tex/generic/pgf/math/pgfint.code.tex)
(/usr/local/texlive/2025/texmf-dist/tex/generic/pgf/basiclayer/pgfcorepoints.co
de.tex
File: pgfcorepoints.code.tex 2023-01-15 v3.1.10 (3.1.10)
\pgf@picminx=\dimen182
\pgf@picmaxx=\dimen183
\pgf@picminy=\dimen184
\pgf@picmaxy=\dimen185
\pgf@pathminx=\dimen186
\pgf@pathmaxx=\dimen187
\pgf@pathminy=\dimen188
\pgf@pathmaxy=\dimen189
\pgf@xx=\dimen190
\pgf@xy=\dimen191
\pgf@yx=\dimen192
\pgf@yy=\dimen193
\pgf@zx=\dimen194
\pgf@zy=\dimen195
)
(/usr/local/texlive/2025/texmf-dist/tex/generic/pgf/basiclayer/pgfcorepathconst
ruct.code.tex
File: pgfcorepathconstruct.code.tex 2023-01-15 v3.1.10 (3.1.10)
\pgf@path@lastx=\dimen196
\pgf@path@lasty=\dimen197
)
(/usr/local/texlive/2025/texmf-dist/tex/generic/pgf/basiclayer/pgfcorepathusage
.code.tex
File: pgfcorepathusage.code.tex 2023-01-15 v3.1.10 (3.1.10)
\pgf@shorten@end@additional=\dimen198
\pgf@shorten@start@additional=\dimen199
)
(/usr/local/texlive/2025/texmf-dist/tex/generic/pgf/basiclayer/pgfcorescopes.co
de.tex
File: pgfcorescopes.code.tex 2023-01-15 v3.1.10 (3.1.10)
\pgfpic=\box58
\pgf@hbox=\box59
\pgf@layerbox@main=\box60
\pgf@picture@serial@count=\count319
)
(/usr/local/texlive/2025/texmf-dist/tex/generic/pgf/basiclayer/pgfcoregraphicst
ate.code.tex
File: pgfcoregraphicstate.code.tex 2023-01-15 v3.1.10 (3.1.10)
\pgflinewidth=\dimen256
)
(/usr/local/texlive/2025/texmf-dist/tex/generic/pgf/basiclayer/pgfcoretransform
ations.code.tex
File: pgfcoretransformations.code.tex 2023-01-15 v3.1.10 (3.1.10)
\pgf@pt@x=\dimen257
\pgf@pt@y=\dimen258
\pgf@pt@temp=\dimen259
)
(/usr/local/texlive/2025/texmf-dist/tex/generic/pgf/basiclayer/pgfcorequick.cod
e.tex
File: pgfcorequick.code.tex 2023-01-15 v3.1.10 (3.1.10)
)
(/usr/local/texlive/2025/texmf-dist/tex/generic/pgf/basiclayer/pgfcoreobjects.c
ode.tex
File: pgfcoreobjects.code.tex 2023-01-15 v3.1.10 (3.1.10)
)
(/usr/local/texlive/2025/texmf-dist/tex/generic/pgf/basiclayer/pgfcorepathproce
ssing.code.tex
File: pgfcorepathprocessing.code.tex 2023-01-15 v3.1.10 (3.1.10)
)
(/usr/local/texlive/2025/texmf-dist/tex/generic/pgf/basiclayer/pgfcorearrows.co
de.tex
File: pgfcorearrows.code.tex 2023-01-15 v3.1.10 (3.1.10)
\pgfarrowsep=\dimen260
)
(/usr/local/texlive/2025/texmf-dist/tex/generic/pgf/basiclayer/pgfcoreshade.cod
e.tex
File: pgfcoreshade.code.tex 2023-01-15 v3.1.10 (3.1.10)
\pgf@max=\dimen261
\pgf@sys@shading@range@num=\count320
\pgf@shadingcount=\count321
)
(/usr/local/texlive/2025/texmf-dist/tex/generic/pgf/basiclayer/pgfcoreimage.cod
e.tex
File: pgfcoreimage.code.tex 2023-01-15 v3.1.10 (3.1.10)
)
(/usr/local/texlive/2025/texmf-dist/tex/generic/pgf/basiclayer/pgfcoreexternal.
code.tex
File: pgfcoreexternal.code.tex 2023-01-15 v3.1.10 (3.1.10)
\pgfexternal@startupbox=\box61
)
(/usr/local/texlive/2025/texmf-dist/tex/generic/pgf/basiclayer/pgfcorelayers.co
de.tex
File: pgfcorelayers.code.tex 2023-01-15 v3.1.10 (3.1.10)
)
(/usr/local/texlive/2025/texmf-dist/tex/generic/pgf/basiclayer/pgfcoretranspare
ncy.code.tex
File: pgfcoretransparency.code.tex 2023-01-15 v3.1.10 (3.1.10)
)
(/usr/local/texlive/2025/texmf-dist/tex/generic/pgf/basiclayer/pgfcorepatterns.
code.tex
File: pgfcorepatterns.code.tex 2023-01-15 v3.1.10 (3.1.10)
)
(/usr/local/texlive/2025/texmf-dist/tex/generic/pgf/basiclayer/pgfcorerdf.code.
tex
File: pgfcorerdf.code.tex 2023-01-15 v3.1.10 (3.1.10)
)))
(/usr/local/texlive/2025/texmf-dist/tex/generic/pgf/modules/pgfmoduleshapes.cod
e.tex
File: pgfmoduleshapes.code.tex 2023-01-15 v3.1.10 (3.1.10)
\pgfnodeparttextbox=\box62
)
(/usr/local/texlive/2025/texmf-dist/tex/generic/pgf/modules/pgfmoduleplot.code.
tex
File: pgfmoduleplot.code.tex 2023-01-15 v3.1.10 (3.1.10)
)
(/usr/local/texlive/2025/texmf-dist/tex/latex/pgf/compatibility/pgfcomp-version
-0-65.sty
Package: pgfcomp-version-0-65 2023-01-15 v3.1.10 (3.1.10)
\pgf@nodesepstart=\dimen262
\pgf@nodesepend=\dimen263
)
(/usr/local/texlive/2025/texmf-dist/tex/latex/pgf/compatibility/pgfcomp-version
-1-18.sty
Package: pgfcomp-version-1-18 2023-01-15 v3.1.10 (3.1.10)
))
(/usr/local/texlive/2025/texmf-dist/tex/latex/pgf/utilities/pgffor.sty
(/usr/local/texlive/2025/texmf-dist/tex/latex/pgf/utilities/pgfkeys.sty
(/usr/local/texlive/2025/texmf-dist/tex/generic/pgf/utilities/pgfkeys.code.tex))
 (/usr/local/texlive/2025/texmf-dist/tex/latex/pgf/math/pgfmath.sty
(/usr/local/texlive/2025/texmf-dist/tex/generic/pgf/math/pgfmath.code.tex))
(/usr/local/texlive/2025/texmf-dist/tex/generic/pgf/utilities/pgffor.code.tex
Package: pgffor 2023-01-15 v3.1.10 (3.1.10)
\pgffor@iter=\dimen264
\pgffor@skip=\dimen265
\pgffor@stack=\toks45
\pgffor@toks=\toks46
))
(/usr/local/texlive/2025/texmf-dist/tex/generic/pgf/frontendlayer/tikz/tikz.cod
e.tex
Package: tikz 2023-01-15 v3.1.10 (3.1.10)

(/usr/local/texlive/2025/texmf-dist/tex/generic/pgf/libraries/pgflibraryplothan
dlers.code.tex
File: pgflibraryplothandlers.code.tex 2023-01-15 v3.1.10 (3.1.10)
\pgf@plot@mark@count=\count322
\pgfplotmarksize=\dimen266
)
\tikz@lastx=\dimen267
\tikz@lasty=\dimen268
\tikz@lastxsaved=\dimen269
\tikz@lastysaved=\dimen270
\tikz@lastmovetox=\dimen271
\tikz@lastmovetoy=\dimen272
\tikzleveldistance=\dimen273
\tikzsiblingdistance=\dimen274
\tikz@figbox=\box63
\tikz@figbox@bg=\box64
\tikz@tempbox=\box65
\tikz@tempbox@bg=\box66
\tikztreelevel=\count323
\tikznumberofchildren=\count324
\tikznumberofcurrentchild=\count325
\tikz@fig@count=\count326

(/usr/local/texlive/2025/texmf-dist/tex/generic/pgf/modules/pgfmodulematrix.cod
e.tex
File: pgfmodulematrix.code.tex 2023-01-15 v3.1.10 (3.1.10)
\pgfmatrixcurrentrow=\count327
\pgfmatrixcurrentcolumn=\count328
\pgf@matrix@numberofcolumns=\count329
)
\tikz@expandcount=\count330

(/usr/local/texlive/2025/texmf-dist/tex/generic/pgf/frontendlayer/tikz/librarie
s/tikzlibrarytopaths.code.tex
File: tikzlibrarytopaths.code.tex 2023-01-15 v3.1.10 (3.1.10)
)))
(/usr/local/texlive/2025/texmf-dist/tex/latex/pgfplots/pgfplots.sty
(/usr/local/texlive/2025/texmf-dist/tex/generic/pgfplots/pgfplots.revision.tex)
Package: pgfplots 2021/05/15 v1.18.1 Data Visualization (1.18.1)
(/usr/local/texlive/2025/texmf-dist/tex/generic/pgfplots/pgfplots.code.tex
(/usr/local/texlive/2025/texmf-dist/tex/generic/pgfplots/pgfplotscore.code.tex
Package pgfplots info on input line 124: Initializing with LUA version Lua 5.3
\pgfplots@luabackend@table=\catcodetable14
\t@pgfplots@toka=\toks47
\t@pgfplots@tokb=\toks48
\t@pgfplots@tokc=\toks49
\pgfplots@tmpa=\dimen275
\c@pgfplots@coordindex=\count331
\c@pgfplots@scanlineindex=\count332

(/usr/local/texlive/2025/texmf-dist/tex/generic/pgfplots/sys/pgfplotssysgeneric
.code.tex))
(/usr/local/texlive/2025/texmf-dist/tex/generic/pgfplots/libs/pgfplotslibrary.c
ode.tex)
(/usr/local/texlive/2025/texmf-dist/tex/generic/pgfplots/oldpgfcompatib/pgfplot
soldpgfsupp_loader.code.tex
(/usr/local/texlive/2025/texmf-dist/tex/generic/pgf/libraries/pgflibraryfpu.cod
e.tex)
Package pgfplots: loading complementary utilities for your pgf version...
\t@pgf@toka=\toks50
\t@pgf@tokb=\toks51
\t@pgf@tokc=\toks52

(/usr/local/texlive/2025/texmf-dist/tex/generic/pgfplots/oldpgfcompatib/pgfplot
soldpgfsupp_pgfutil-common-lists.tex)
(/usr/local/texlive/2025/texmf-dist/tex/generic/pgf/libraries/luamath/pgflibrar
yluamath.code.tex)
Package pgfplots info on input line 290: luamath library shipped with pgf 3.1.1
0 is up-to-date
)
(/usr/local/texlive/2025/texmf-dist/tex/generic/pgfplots/util/pgfplotsutil.code
.tex
Package pgfplots info on input line 82: Found new luatex: initializing lua comm
ands instead of write18 (shell-escape)

(/usr/local/texlive/2025/texmf-dist/tex/generic/pgfplots/liststructure/pgfplots
liststructure.code.tex)
(/usr/local/texlive/2025/texmf-dist/tex/generic/pgfplots/liststructure/pgfplots
liststructureext.code.tex)
(/usr/local/texlive/2025/texmf-dist/tex/generic/pgfplots/liststructure/pgfplots
array.code.tex
\c@pgfplotsarray@tmp=\count333
)
(/usr/local/texlive/2025/texmf-dist/tex/generic/pgfplots/liststructure/pgfplots
matrix.code.tex)
(/usr/local/texlive/2025/texmf-dist/tex/generic/pgfplots/numtable/pgfplotstable
shared.code.tex
\c@pgfplotstable@counta=\count334
\t@pgfplotstable@a=\toks53
)
(/usr/local/texlive/2025/texmf-dist/tex/generic/pgfplots/liststructure/pgfplots
deque.code.tex)
(/usr/local/texlive/2025/texmf-dist/tex/generic/pgfplots/util/pgfplotsbinary.co
de.tex
(/usr/local/texlive/2025/texmf-dist/tex/generic/pgfplots/util/pgfplotsbinary.da
ta.code.tex))
(/usr/local/texlive/2025/texmf-dist/tex/generic/pgfplots/util/pgfplotsutil.verb
.code.tex)
(/usr/local/texlive/2025/texmf-dist/tex/generic/pgfplots/libs/pgflibrarypgfplot
s.surfshading.code.tex
\c@pgfplotslibrarysurf@no=\count335

(/usr/local/texlive/2025/texmf-dist/tex/generic/pgfplots/sys/pgflibrarypgfplots
.surfshading.pgfsys-luatex.def)))
(/usr/local/texlive/2025/texmf-dist/tex/generic/pgfplots/util/pgfplotscolormap.
code.tex
(/usr/local/texlive/2025/texmf-dist/tex/generic/pgfplots/util/pgfplotscolor.cod
e.tex))
(/usr/local/texlive/2025/texmf-dist/tex/generic/pgfplots/pgfplotsstackedplots.c
ode.tex)
(/usr/local/texlive/2025/texmf-dist/tex/generic/pgfplots/pgfplotsplothandlers.c
ode.tex
(/usr/local/texlive/2025/texmf-dist/tex/generic/pgfplots/pgfplotsmeshplothandle
r.code.tex
(/usr/local/texlive/2025/texmf-dist/tex/generic/pgfplots/pgfplotsmeshplotimage.
code.tex)))
(/usr/local/texlive/2025/texmf-dist/tex/generic/pgfplots/pgfplots.scaling.code.
tex)
(/usr/local/texlive/2025/texmf-dist/tex/generic/pgfplots/pgfplotscoordprocessin
g.code.tex)
(/usr/local/texlive/2025/texmf-dist/tex/generic/pgfplots/pgfplots.errorbars.cod
e.tex)
(/usr/local/texlive/2025/texmf-dist/tex/generic/pgfplots/pgfplots.markers.code.
tex)
(/usr/local/texlive/2025/texmf-dist/tex/generic/pgfplots/pgfplotsticks.code.tex
)
(/usr/local/texlive/2025/texmf-dist/tex/generic/pgfplots/pgfplots.paths.code.te
x)
(/usr/local/texlive/2025/texmf-dist/tex/generic/pgf/frontendlayer/tikz/librarie
s/tikzlibrarydecorations.code.tex
(/usr/local/texlive/2025/texmf-dist/tex/generic/pgf/modules/pgfmoduledecoration
s.code.tex
\pgfdecoratedcompleteddistance=\dimen276
\pgfdecoratedremainingdistance=\dimen277
\pgfdecoratedinputsegmentcompleteddistance=\dimen278
\pgfdecoratedinputsegmentremainingdistance=\dimen279
\pgf@decorate@distancetomove=\dimen280
\pgf@decorate@repeatstate=\count336
\pgfdecorationsegmentamplitude=\dimen281
\pgfdecorationsegmentlength=\dimen282
)
\tikz@lib@dec@box=\box67
)
(/usr/local/texlive/2025/texmf-dist/tex/generic/pgf/frontendlayer/tikz/librarie
s/tikzlibrarydecorations.pathmorphing.code.tex
(/usr/local/texlive/2025/texmf-dist/tex/generic/pgf/libraries/decorations/pgfli
brarydecorations.pathmorphing.code.tex))
(/usr/local/texlive/2025/texmf-dist/tex/generic/pgf/frontendlayer/tikz/librarie
s/tikzlibrarydecorations.pathreplacing.code.tex
(/usr/local/texlive/2025/texmf-dist/tex/generic/pgf/libraries/decorations/pgfli
brarydecorations.pathreplacing.code.tex))
(/usr/local/texlive/2025/texmf-dist/tex/generic/pgfplots/libs/tikzlibrarypgfplo
ts.contourlua.code.tex)
\pgfplots@numplots=\count337
\pgfplots@xmin@reg=\dimen283
\pgfplots@xmax@reg=\dimen284
\pgfplots@ymin@reg=\dimen285
\pgfplots@ymax@reg=\dimen286
\pgfplots@zmin@reg=\dimen287
\pgfplots@zmax@reg=\dimen288
)
(/usr/local/texlive/2025/texmf-dist/tex/generic/pgf/frontendlayer/tikz/librarie
s/tikzlibraryplotmarks.code.tex
File: tikzlibraryplotmarks.code.tex 2023-01-15 v3.1.10 (3.1.10)

(/usr/local/texlive/2025/texmf-dist/tex/generic/pgf/libraries/pgflibraryplotmar
ks.code.tex
File: pgflibraryplotmarks.code.tex 2023-01-15 v3.1.10 (3.1.10)
)))
(/usr/local/texlive/2025/texmf-dist/tex/latex/circuitikz/circuitikz.sty
Package: circuitikz 2025/01/10{} The CircuiTikz circuit drawing package version
 1.7.1

(/usr/local/texlive/2025/texmf-dist/tex/generic/pgf/frontendlayer/tikz/librarie
s/tikzlibrarycalc.code.tex
File: tikzlibrarycalc.code.tex 2023-01-15 v3.1.10 (3.1.10)
)
(/usr/local/texlive/2025/texmf-dist/tex/generic/pgf/libraries/pgflibraryarrows.
meta.code.tex
File: pgflibraryarrows.meta.code.tex 2023-01-15 v3.1.10 (3.1.10)
\pgfarrowinset=\dimen289
\pgfarrowlength=\dimen290
\pgfarrowwidth=\dimen291
\pgfarrowlinewidth=\dimen292
)
(/usr/local/texlive/2025/texmf-dist/tex/generic/pgf/frontendlayer/tikz/librarie
s/tikzlibrarybending.code.tex
File: tikzlibrarybending.code.tex 2023-01-15 v3.1.10 (3.1.10)

(/usr/local/texlive/2025/texmf-dist/tex/generic/pgf/modules/pgfmodulebending.co
de.tex
File: pgfmodulebending.code.tex 2023-01-15 v3.1.10 (3.1.10)

(/usr/local/texlive/2025/texmf-dist/tex/generic/pgf/modules/pgfmodulenonlineart
ransformations.code.tex
File: pgfmodulenonlineartransformations.code.tex 2023-01-15 v3.1.10 (3.1.10)
\pgftransformnonlinearflatness=\dimen293
)
(/usr/local/texlive/2025/texmf-dist/tex/generic/pgf/libraries/pgflibrarycurvili
near.code.tex
File: pgflibrarycurvilinear.code.tex 2023-01-15 v3.1.10 (3.1.10)
\pgf@curvilinear@time@a=\dimen294
\pgf@curvilinear@length@a=\dimen295
\pgf@curvilinear@length@b=\dimen296
\pgf@curvilinear@length@c=\dimen297
\pgf@curvilinear@length@d=\dimen298
)
\pgf@arrows@the@rigidity=\dimen299
))
(/usr/local/texlive/2025/texmf-dist/tex/generic/pgf/frontendlayer/tikz/librarie
s/tikzlibraryfpu.code.tex)
(/usr/local/texlive/2025/texmf-dist/tex/generic/circuitikz/pgfcirc.defines.tex
\pgf@circ@count@a=\count338
\pgf@circ@count@b=\count339
\pgf@circ@count@c=\count340
\pgf@circ@res@up=\dimen300
\pgf@circ@res@down=\dimen301
\pgf@circ@res@zero=\dimen302
\pgf@circ@res@left=\dimen303
\pgf@circ@res@right=\dimen304
\pgf@circ@res@other=\dimen305
\pgf@circ@res@step=\dimen306
\pgf@circ@res@temp=\dimen307
\pgf@circ@Rlen=\dimen308
\pgf@circ@scaled@Rlen=\dimen309
\pgfstartlinewidth=\dimen310
) (/usr/local/texlive/2025/texmf-dist/tex/generic/circuitikz/pgfcircutils.tex
\ctikz@scratchbox=\box68
)
(/usr/local/texlive/2025/texmf-dist/tex/generic/circuitikz/pgfcircpath.tex)
(/usr/local/texlive/2025/texmf-dist/tex/generic/circuitikz/pgfcircshapes.tex)
(/usr/local/texlive/2025/texmf-dist/tex/generic/circuitikz/pgfcircmonopoles.tex
) (/usr/local/texlive/2025/texmf-dist/tex/generic/circuitikz/pgfcircbipoles.tex
)
(/usr/local/texlive/2025/texmf-dist/tex/generic/circuitikz/pgfcirctripoles.tex
\pgf@circ@res@count=\count341
)
(/usr/local/texlive/2025/texmf-dist/tex/generic/circuitikz/pgfcircquadpoles.tex
)
(/usr/local/texlive/2025/texmf-dist/tex/generic/circuitikz/pgfcircmultipoles.te
x) (/usr/local/texlive/2025/texmf-dist/tex/generic/circuitikz/pgfcirclabel.tex) (/usr/local/texlive/2025/texmf-dist/tex/generic/circuitikz/pgfcircvoltage.tex
\pgfcirc@labelshift=\dimen311
) (/usr/local/texlive/2025/texmf-dist/tex/generic/circuitikz/pgfcirccurrent.tex
) (/usr/local/texlive/2025/texmf-dist/tex/generic/circuitikz/pgfcircflow.tex))
(/Users/jvaught/Library/texmf/tex/latex/siunitx/siunitx.sty
Package: siunitx 2025-07-09 v3.4.14 A comprehensive (SI) units package
\l__siunitx_number_uncert_offset_int=\count342
\l__siunitx_number_exponent_fixed_int=\count343
\l__siunitx_number_min_decimal_int=\count344
\l__siunitx_number_min_integer_int=\count345
\l__siunitx_number_round_precision_int=\count346
\l__siunitx_number_lower_threshold_int=\count347
\l__siunitx_number_upper_threshold_int=\count348
\l__siunitx_number_group_first_int=\count349
\l__siunitx_number_group_size_int=\count350
\l__siunitx_number_group_minimum_int=\count351
\l__siunitx_angle_tmp_dim=\dimen312
\l__siunitx_angle_marker_box=\box69
\l__siunitx_angle_unit_box=\box70
\l__siunitx_compound_count_int=\count352

(/usr/local/texlive/2025/texmf-dist/tex/latex/translations/translations.sty
Package: translations 2022/02/05 v1.12 internationalization of LaTeX2e packages
 (CN)
)
\l__siunitx_table_tmp_box=\box71
\l__siunitx_table_tmp_dim=\dimen313
\l__siunitx_table_column_width_dim=\dimen314
\l__siunitx_table_integer_box=\box72
\l__siunitx_table_decimal_box=\box73
\l__siunitx_table_uncert_box=\box74
\l__siunitx_table_before_box=\box75
\l__siunitx_table_after_box=\box76
\l__siunitx_table_before_dim=\dimen315
\l__siunitx_table_carry_dim=\dimen316
\l__siunitx_unit_tmp_int=\count353
\l__siunitx_unit_position_int=\count354
\l__siunitx_unit_total_int=\count355

(/usr/local/texlive/2025/texmf-dist/tex/latex/tools/array.sty
Package: array 2024/10/17 v2.6g Tabular extension package (FMi)
\col@sep=\dimen317
\ar@mcellbox=\box77
\extrarowheight=\dimen318
\NC@list=\toks54
\extratabsurround=\skip63
\backup@length=\skip64
\ar@cellbox=\box78
))
(/usr/local/texlive/2025/texmf-dist/tex/latex/listings/listings.sty
\lst@mode=\count356
\lst@gtempboxa=\box79
\lst@token=\toks55
\lst@length=\count357
\lst@currlwidth=\dimen319
\lst@column=\count358
\lst@pos=\count359
\lst@lostspace=\dimen320
\lst@width=\dimen321
\lst@newlines=\count360
\lst@lineno=\count361
\lst@maxwidth=\dimen322

(/usr/local/texlive/2025/texmf-dist/tex/latex/listings/lstpatch.sty
File: lstpatch.sty 2024/09/23 1.10c (Carsten Heinz)
)
(/usr/local/texlive/2025/texmf-dist/tex/latex/listings/lstmisc.sty
File: lstmisc.sty 2024/09/23 1.10c (Carsten Heinz)
\c@lstnumber=\count362
\lst@skipnumbers=\count363
\lst@framebox=\box80
)
(/usr/local/texlive/2025/texmf-dist/tex/latex/listings/listings.cfg
File: listings.cfg 2024/09/23 1.10c listings configuration
))
Package: listings 2024/09/23 1.10c (Carsten Heinz)

(/usr/local/texlive/2025/texmf-dist/tex/latex/enumitem/enumitem.sty
Package: enumitem 2025/02/06 v3.11 Customized lists
\labelindent=\skip65
\enit@outerparindent=\dimen323
\enit@toks=\toks56
\enit@inbox=\box81
\enit@count@id=\count364
\enitdp@description=\count365
)
(/usr/local/texlive/2025/texmf-dist/tex/latex/fancyhdr/fancyhdr.sty
Package: fancyhdr 2025/02/07 v5.2 Extensive control of page headers and footers

\f@nch@headwidth=\skip66
\f@nch@offset@elh=\skip67
\f@nch@offset@erh=\skip68
\f@nch@offset@olh=\skip69
\f@nch@offset@orh=\skip70
\f@nch@offset@elf=\skip71
\f@nch@offset@erf=\skip72
\f@nch@offset@olf=\skip73
\f@nch@offset@orf=\skip74
\f@nch@height=\skip75
\f@nch@footalignment=\skip76
\f@nch@widthL=\skip77
\f@nch@widthC=\skip78
\f@nch@widthR=\skip79
\@temptokenb=\toks57
)
(/usr/local/texlive/2025/texmf-dist/tex/latex/geometry/geometry.sty
Package: geometry 2020/01/02 v5.9 Page Geometry

(/usr/local/texlive/2025/texmf-dist/tex/generic/iftex/ifvtex.sty
Package: ifvtex 2019/10/25 v1.7 ifvtex legacy package. Use iftex instead.
)
\Gm@cnth=\count366
\Gm@cntv=\count367
\c@Gm@tempcnt=\count368
\Gm@bindingoffset=\dimen324
\Gm@wd@mp=\dimen325
\Gm@odd@mp=\dimen326
\Gm@even@mp=\dimen327
\Gm@layoutwidth=\dimen328
\Gm@layoutheight=\dimen329
\Gm@layouthoffset=\dimen330
\Gm@layoutvoffset=\dimen331
\Gm@dimlist=\toks58
)
(/usr/local/texlive/2025/texmf-dist/tex/latex/tcolorbox/tcolorbox.sty
Package: tcolorbox 2024/10/22 version 6.4.1 text color boxes

(/usr/local/texlive/2025/texmf-dist/tex/latex/tools/verbatim.sty
Package: verbatim 2024-01-22 v1.5x LaTeX2e package for verbatim enhancements
\every@verbatim=\toks59
\verbatim@line=\toks60
\verbatim@in@stream=\read3
)
(/usr/local/texlive/2025/texmf-dist/tex/latex/environ/environ.sty
Package: environ 2014/05/04 v0.3 A new way to define environments

(/usr/local/texlive/2025/texmf-dist/tex/latex/trimspaces/trimspaces.sty
Package: trimspaces 2009/09/17 v1.1 Trim spaces around a token list
))
\tcb@titlebox=\box82
\tcb@upperbox=\box83
\tcb@lowerbox=\box84
\tcb@phantombox=\box85
\c@tcbbreakpart=\count369
\c@tcblayer=\count370
\c@tcolorbox@number=\count371
\l__tcobox_tmpa_box=\box86
\l__tcobox_tmpa_dim=\dimen332
\tcb@temp=\box87
\tcb@temp=\box88
\tcb@temp=\box89
\tcb@temp=\box90
)
(/usr/local/texlive/2025/texmf-dist/tex/latex/tcolorbox/tcbtheorems.code.tex
Library (tcolorbox): 'tcbtheorems.code.tex' version '6.4.1'
) (/usr/local/texlive/2025/texmf-dist/tex/latex/tcolorbox/tcbskins.code.tex
Library (tcolorbox): 'tcbskins.code.tex' version '6.4.1'
(/usr/local/texlive/2025/texmf-dist/tex/latex/tikzfill/tikzfill.image.sty
Package: tikzfill.image 2023/08/08 v1.0.1 Image filling library for TikZ

(/usr/local/texlive/2025/texmf-dist/tex/latex/tikzfill/tikzfill-common.sty
Package: tikzfill-common 2023/08/08 v1.0.1 Auxiliary code for tikzfill
)
(/usr/local/texlive/2025/texmf-dist/tex/latex/tikzfill/tikzlibraryfill.image.co
de.tex
File: tikzlibraryfill.image.code.tex 2023/08/08 v1.0.1 Image filling library
\l__tikzfill_img_box=\box91
))
(/usr/local/texlive/2025/texmf-dist/tex/latex/tcolorbox/tcbskinsjigsaw.code.tex
Library (tcolorbox): 'tcbskinsjigsaw.code.tex' version '6.4.1'
))
(/usr/local/texlive/2025/texmf-dist/tex/latex/tcolorbox/tcbbreakable.code.tex
Library (tcolorbox): 'tcbbreakable.code.tex' version '6.4.1'
(/usr/local/texlive/2025/texmf-dist/tex/latex/pdfcol/pdfcol.sty
Package: pdfcol 2022-09-21 v1.7 Handle new color stacks for pdfTeX (HO)
)
Package pdfcol Info: New color stack `tcb@breakable' = 1 on input line 23.
\tcb@testbox=\box92
\tcb@totalupperbox=\box93
\tcb@totallowerbox=\box94

(/usr/local/texlive/2025/texmf-dist/tex/generic/iftex/ifluatex.sty
Package: ifluatex 2019/10/25 v1.5 ifluatex legacy package. Use iftex instead.
))
(/usr/local/texlive/2025/texmf-dist/tex/latex/abstract/abstract.sty
Package: abstract 2009/06/08 v1.2a configurable abstracts
\abstitleskip=\skip80
\absleftindent=\skip81
\absrightindent=\skip82
\absparindent=\skip83
\absparsep=\skip84


! LaTeX Error: Environment abstract undefined.

See the LaTeX manual or LaTeX Companion for explanation.
Type  H <return>  for immediate help.
 ...                                              
                                                  
l.104   \renewenvironment{abstract}
                                   {%
Try typing  <return>  to proceed.
If that doesn't work, type  X <return>  to quit.

)
\c@definition=\count372
\c@example=\count373
\c@remark=\count374
\c@exercise=\count375
\c@theorem=\count376
\c@lemma=\count377
\c@corollary=\count378
\c@proposition=\count379

(/usr/local/texlive/2025/texmf-dist/tex/generic/pgf/frontendlayer/tikz/librarie
s/tikzlibraryshapes.code.tex
File: tikzlibraryshapes.code.tex 2023-01-15 v3.1.10 (3.1.10)

(/usr/local/texlive/2025/texmf-dist/tex/generic/pgf/frontendlayer/tikz/librarie
s/tikzlibraryshapes.geometric.code.tex
File: tikzlibraryshapes.geometric.code.tex 2023-01-15 v3.1.10 (3.1.10)

(/usr/local/texlive/2025/texmf-dist/tex/generic/pgf/libraries/shapes/pgflibrary
shapes.geometric.code.tex
File: pgflibraryshapes.geometric.code.tex 2023-01-15 v3.1.10 (3.1.10)
))
(/usr/local/texlive/2025/texmf-dist/tex/generic/pgf/frontendlayer/tikz/librarie
s/tikzlibraryshapes.misc.code.tex
File: tikzlibraryshapes.misc.code.tex 2023-01-15 v3.1.10 (3.1.10)

(/usr/local/texlive/2025/texmf-dist/tex/generic/pgf/libraries/shapes/pgflibrary
shapes.misc.code.tex
File: pgflibraryshapes.misc.code.tex 2023-01-15 v3.1.10 (3.1.10)
))
(/usr/local/texlive/2025/texmf-dist/tex/generic/pgf/frontendlayer/tikz/librarie
s/tikzlibraryshapes.symbols.code.tex
File: tikzlibraryshapes.symbols.code.tex 2023-01-15 v3.1.10 (3.1.10)

(/usr/local/texlive/2025/texmf-dist/tex/generic/pgf/libraries/shapes/pgflibrary
shapes.symbols.code.tex
File: pgflibraryshapes.symbols.code.tex 2023-01-15 v3.1.10 (3.1.10)
))
(/usr/local/texlive/2025/texmf-dist/tex/generic/pgf/frontendlayer/tikz/librarie
s/tikzlibraryshapes.arrows.code.tex
File: tikzlibraryshapes.arrows.code.tex 2023-01-15 v3.1.10 (3.1.10)

(/usr/local/texlive/2025/texmf-dist/tex/generic/pgf/libraries/shapes/pgflibrary
shapes.arrows.code.tex
File: pgflibraryshapes.arrows.code.tex 2023-01-15 v3.1.10 (3.1.10)
))
(/usr/local/texlive/2025/texmf-dist/tex/generic/pgf/frontendlayer/tikz/librarie
s/tikzlibraryshapes.callouts.code.tex
(/usr/local/texlive/2025/texmf-dist/tex/generic/pgf/libraries/shapes/pgflibrary
shapes.callouts.code.tex))
(/usr/local/texlive/2025/texmf-dist/tex/generic/pgf/frontendlayer/tikz/librarie
s/tikzlibraryshapes.multipart.code.tex
File: tikzlibraryshapes.multipart.code.tex 2023-01-15 v3.1.10 (3.1.10)

(/usr/local/texlive/2025/texmf-dist/tex/generic/pgf/libraries/shapes/pgflibrary
shapes.multipart.code.tex
File: pgflibraryshapes.multipart.code.tex 2023-01-15 v3.1.10 (3.1.10)
\pgfnodepartlowerbox=\box95
\pgfnodeparttwobox=\box96
\pgfnodepartthreebox=\box97
\pgfnodepartfourbox=\box98
\pgfnodeparttwentybox=\box99
\pgfnodepartnineteenbox=\box100
\pgfnodeparteighteenbox=\box101
\pgfnodepartseventeenbox=\box102
\pgfnodepartsixteenbox=\box103
\pgfnodepartfifteenbox=\box104
\pgfnodepartfourteenbox=\box105
\pgfnodepartthirteenbox=\box106
\pgfnodeparttwelvebox=\box107
\pgfnodepartelevenbox=\box108
\pgfnodeparttenbox=\box109
\pgfnodepartninebox=\box110
\pgfnodeparteightbox=\box111
\pgfnodepartsevenbox=\box112
\pgfnodepartsixbox=\box113
\pgfnodepartfivebox=\box114
)))
(/usr/local/texlive/2025/texmf-dist/tex/generic/pgf/frontendlayer/tikz/librarie
s/tikzlibraryarrows.code.tex
File: tikzlibraryarrows.code.tex 2023-01-15 v3.1.10 (3.1.10)

(/usr/local/texlive/2025/texmf-dist/tex/generic/pgf/libraries/pgflibraryarrows.
code.tex
File: pgflibraryarrows.code.tex 2023-01-15 v3.1.10 (3.1.10)
\arrowsize=\dimen333
))
(/usr/local/texlive/2025/texmf-dist/tex/generic/pgf/frontendlayer/tikz/librarie
s/tikzlibrarypositioning.code.tex
File: tikzlibrarypositioning.code.tex 2023-01-15 v3.1.10 (3.1.10)
)
(/usr/local/texlive/2025/texmf-dist/tex/generic/pgf/frontendlayer/tikz/librarie
s/tikzlibrarypatterns.code.tex
File: tikzlibrarypatterns.code.tex 2023-01-15 v3.1.10 (3.1.10)

(/usr/local/texlive/2025/texmf-dist/tex/generic/pgf/libraries/pgflibrarypattern
s.code.tex
File: pgflibrarypatterns.code.tex 2023-01-15 v3.1.10 (3.1.10)
))
(/usr/local/texlive/2025/texmf-dist/tex/generic/pgf/frontendlayer/tikz/librarie
s/tikzlibrarydecorations.markings.code.tex
(/usr/local/texlive/2025/texmf-dist/tex/generic/pgf/libraries/decorations/pgfli
brarydecorations.markings.code.tex))
(/usr/local/texlive/2025/texmf-dist/tex/generic/pgf/frontendlayer/tikz/librarie
s/tikzlibraryfit.code.tex
File: tikzlibraryfit.code.tex 2023-01-15 v3.1.10 (3.1.10)
)
(/usr/local/texlive/2025/texmf-dist/tex/generic/pgf/frontendlayer/tikz/librarie
s/tikzlibrarybackgrounds.code.tex
File: tikzlibrarybackgrounds.code.tex 2023-01-15 v3.1.10 (3.1.10)
\pgf@layerbox@background=\box115
\pgf@layerboxsaved@background=\box116
)
(/usr/local/texlive/2025/texmf-dist/tex/generic/pgf/frontendlayer/tikz/librarie
s/tikzlibrarymatrix.code.tex
File: tikzlibrarymatrix.code.tex 2023-01-15 v3.1.10 (3.1.10)
)
(/usr/local/texlive/2025/texmf-dist/tex/generic/pgf/frontendlayer/tikz/librarie
s/tikzlibrarychains.code.tex
File: tikzlibrarychains.code.tex 2023-01-15 v3.1.10 (3.1.10)
)
(/usr/local/texlive/2025/texmf-dist/tex/generic/pgf/frontendlayer/tikz/librarie
s/tikzlibraryscopes.code.tex
File: tikzlibraryscopes.code.tex 2023-01-15 v3.1.10 (3.1.10)
)
(/usr/local/texlive/2025/texmf-dist/tex/generic/pgf/frontendlayer/tikz/librarie
s/tikzlibraryintersections.code.tex
(/usr/local/texlive/2025/texmf-dist/tex/generic/pgf/libraries/pgflibraryinterse
ctions.code.tex
\pgf@intersect@solutions=\count380
))
(/usr/local/texlive/2025/texmf-dist/tex/generic/pgf/frontendlayer/tikz/librarie
s/tikzlibraryfadings.code.tex
File: tikzlibraryfadings.code.tex 2023-01-15 v3.1.10 (3.1.10)

(/usr/local/texlive/2025/texmf-dist/tex/generic/pgf/libraries/pgflibraryfadings
.code.tex
File: pgflibraryfadings.code.tex 2023-01-15 v3.1.10 (3.1.10)
))
(/usr/local/texlive/2025/texmf-dist/tex/generic/pgf/frontendlayer/tikz/librarie
s/tikzlibraryshadows.code.tex
File: tikzlibraryshadows.code.tex 2023-01-15 v3.1.10 (3.1.10)
)
(/usr/local/texlive/2025/texmf-dist/tex/generic/pgf/frontendlayer/tikz/librarie
s/tikzlibraryautomata.code.tex
File: tikzlibraryautomata.code.tex 2023-01-15 v3.1.10 (3.1.10)
)
Package translations Info: No language package found. I am going to use `englis
h' as default language. on input line 148.
LaTeX Font Info:    Trying to load font information for T1+ptm on input line 14
8.

(/usr/local/texlive/2025/texmf-dist/tex/latex/psnfss/t1ptm.fd
File: t1ptm.fd 2001/06/04 font definitions for T1/ptm.
)
(/usr/local/texlive/2025/texmf-dist/tex/latex/l3backend/l3backend-luatex.def
File: l3backend-luatex.def 2024-05-08 L3 backend support: PDF output (LuaTeX)
\l__color_backend_stack_int=\count381
Inserting `l3color' in `luaotfload.parse_color'.
\l__pdf_internal_box=\box117
)
(./main_textbook.aux

LaTeX Warning: Label `tab:bom' multiply defined.


LaTeX Warning: Label `sec:history' multiply defined.


LaTeX Warning: Label `sec:modern_applications' multiply defined.


LaTeX Warning: Label `eq:msd_ode' multiply defined.


LaTeX Warning: Label `eq:msd_standard' multiply defined.


LaTeX Warning: Label `sec:examples' multiply defined.


LaTeX Warning: Label `sec:summary' multiply defined.


LaTeX Warning: Label `fig:watt_governor' multiply defined.


LaTeX Warning: Label `sec:modern_applications' multiply defined.


LaTeX Warning: Label `sec:math_foundation' multiply defined.


LaTeX Warning: Label `sec:experiment' multiply defined.


LaTeX Warning: Label `sec:examples' multiply defined.


LaTeX Warning: Label `sec:summary' multiply defined.


LaTeX Warning: Label `eq:second_order_tf' multiply defined.


LaTeX Warning: Label `eq:peak_time' multiply defined.


LaTeX Warning: Label `ziegler1942' multiply defined.


LaTeX Warning: Label `seborg2011' multiply defined.


LaTeX Warning: Label `sec:examples' multiply defined.


LaTeX Warning: Label `sec:summary' multiply defined.


LaTeX Warning: Label `sec:problems' multiply defined.


LaTeX Warning: Label `sec:math_foundation' multiply defined.


LaTeX Warning: Label `fig:unity_feedback' multiply defined.


LaTeX Warning: Label `sec:experiment' multiply defined.


LaTeX Warning: Label `fig:rc_circuit' multiply defined.


LaTeX Warning: Label `sec:examples' multiply defined.


LaTeX Warning: Label `sec:summary' multiply defined.


LaTeX Warning: Label `sec:problems' multiply defined.


LaTeX Warning: Label `eq:closed_loop' multiply defined.


LaTeX Warning: Label `ex:second_order' multiply defined.


LaTeX Warning: Label `ex:third_order' multiply defined.


LaTeX Warning: Label `fig:pole_migration' multiply defined.


LaTeX Warning: Label `sec:modern_applications' multiply defined.


LaTeX Warning: Label `sec:math_foundations' multiply defined.


LaTeX Warning: Label `sec:lab' multiply defined.


LaTeX Warning: Label `sec:examples' multiply defined.


LaTeX Warning: Label `sec:tikz' multiply defined.


LaTeX Warning: Label `sec:summary' multiply defined.


LaTeX Warning: Label `sec:problems' multiply defined.


LaTeX Warning: Label `fig:s_to_z_mapping' multiply defined.


LaTeX Warning: Label `sec:history' multiply defined.


LaTeX Warning: Label `sec:lab' multiply defined.


LaTeX Warning: Label `sec:examples' multiply defined.


LaTeX Warning: Label `sec:summary' multiply defined.


LaTeX Warning: Label `sec:problems' multiply defined.


LaTeX Warning: Label `eq:sinusoidal_ss' multiply defined.


LaTeX Warning: Label `ex:second_order' multiply defined.


LaTeX Warning: Label `eq:uncertain_plant' multiply defined.


LaTeX Warning: Label `eq:error_dynamics' multiply defined.


LaTeX Warning: Label `fig:experiment_results' multiply defined.


LaTeX Warning: Label `sec:math_foundation' multiply defined.


LaTeX Warning: Label `sec:experiment' multiply defined.


LaTeX Warning: Label `sec:examples' multiply defined.


LaTeX Warning: Label `sec:summary' multiply defined.


LaTeX Warning: Label `tab:performance' multiply defined.


LaTeX Warning: Label `eq:gain_margin' multiply defined.


LaTeX Warning: Label `eq:phase_margin' multiply defined.


LaTeX Warning: Label `sec:modern_applications' multiply defined.


LaTeX Warning: Label `sec:math_foundations' multiply defined.


LaTeX Warning: Label `sec:lab' multiply defined.


LaTeX Warning: Label `sec:examples' multiply defined.


LaTeX Warning: Label `ex:margins' multiply defined.


LaTeX Warning: Label `sec:summary' multiply defined.


LaTeX Warning: Label `sec:problems' multiply defined.

)
\openout1 = main_textbook.aux

LaTeX Font Info:    Checking defaults for OML/cmm/m/it on input line 148.
LaTeX Font Info:    ... okay on input line 148.
LaTeX Font Info:    Checking defaults for OMS/cmsy/m/n on input line 148.
LaTeX Font Info:    ... okay on input line 148.
LaTeX Font Info:    Checking defaults for OT1/cmr/m/n on input line 148.
LaTeX Font Info:    ... okay on input line 148.
LaTeX Font Info:    Checking defaults for T1/cmr/m/n on input line 148.
LaTeX Font Info:    ... okay on input line 148.
LaTeX Font Info:    Checking defaults for TS1/cmr/m/n on input line 148.
LaTeX Font Info:    ... okay on input line 148.
LaTeX Font Info:    Checking defaults for TU/lmr/m/n on input line 148.
LaTeX Font Info:    ... okay on input line 148.
LaTeX Font Info:    Checking defaults for OMX/cmex/m/n on input line 148.
LaTeX Font Info:    ... okay on input line 148.
LaTeX Font Info:    Checking defaults for U/cmr/m/n on input line 148.
LaTeX Font Info:    ... okay on input line 148.
LaTeX Font Info:    Checking defaults for PD1/pdf/m/n on input line 148.
LaTeX Font Info:    ... okay on input line 148.
LaTeX Font Info:    Checking defaults for PU/pdf/m/n on input line 148.
LaTeX Font Info:    ... okay on input line 148.
 (/usr/local/texlive/2025/texmf-dist/tex/context/base/mkii/supp-pdf.mkii
[Loading MPS to PDF converter (version 2006.09.02).]
\scratchcounter=\count382
\scratchdimen=\dimen334
\scratchbox=\box118
\nofMPsegments=\count383
\nofMParguments=\count384
\everyMPshowfont=\toks61
\MPscratchCnt=\count385
\MPscratchDim=\dimen335
\MPnumerator=\count386
\makeMPintoPDFobject=\count387
\everyMPtoPDFconversion=\toks62
) (/usr/local/texlive/2025/texmf-dist/tex/latex/epstopdf-pkg/epstopdf-base.sty
Package: epstopdf-base 2020-01-24 v2.11 Base part for package epstopdf
Package epstopdf-base Info: Redefining graphics rule for `.eps' on input line 4
85.

(/usr/local/texlive/2025/texmf-dist/tex/latex/latexconfig/epstopdf-sys.cfg
File: epstopdf-sys.cfg 2010/07/13 v1.3 Configuration of (r)epstopdf for TeX Liv
e
))
Package hyperref Info: Link coloring OFF on input line 148.

(./main_textbook.out) (./main_textbook.out)
\@outlinefile=\write4

\openout4 = main_textbook.out

Package pgfplots notification 'compat/show suggested version=true': document ha
s been generated with the most recent feature set (\pgfplotsset{compat=1.18}).


(/usr/local/texlive/2025/texmf-dist/tex/latex/translations/translations-basic-d
ictionary-english.trsl
File: translations-basic-dictionary-english.trsl (english translation file `tra
nslations-basic-dictionary')
)
Package translations Info: loading dictionary `translations-basic-dictionary' f
or `english'. on input line 148.
\c@lstlisting=\count388

*geometry* driver: auto-detecting
*geometry* detected driver: luatex
*geometry* verbose mode - [ preamble ] result:
* driver: luatex
* paper: <default>
* layout: <same size as paper>
* layoutoffset:(h,v)=(0.0pt,0.0pt)
* modes: twoside 
* h-part:(L,W,R)=(72.26999pt, 469.75502pt, 72.26999pt)
* v-part:(T,H,B)=(72.26999pt, 650.43001pt, 72.26999pt)
* \paperwidth=614.295pt
* \paperheight=794.96999pt
* \textwidth=469.75502pt
* \textheight=650.43001pt
* \oddsidemargin=0.0pt
* \evensidemargin=0.0pt
* \topmargin=-34.3738pt
* \headheight=14.5pt
* \headsep=19.8738pt
* \topskip=12.0pt
* \footskip=30.0pt
* \marginparwidth=98.0pt
* \marginparsep=7.0pt
* \columnsep=10.0pt
* \skip\footins=10.8pt plus 4.0pt minus 2.0pt
* \hoffset=0.0pt
* \voffset=0.0pt
* \mag=1000
* \@twocolumnfalse
* \@twosidetrue
* \@mparswitchtrue
* \@reversemarginfalse
* (1in=72.27pt=25.4mm, 1cm=28.453pt)

LaTeX Font Info:    Trying to load font information for U+msa on input line 152
.
(/usr/local/texlive/2025/texmf-dist/tex/latex/amsfonts/umsa.fd
File: umsa.fd 2013/01/14 v3.01 AMS symbols A
)
LaTeX Font Info:    Trying to load font information for U+msb on input line 152
.

(/usr/local/texlive/2025/texmf-dist/tex/latex/amsfonts/umsb.fd
File: umsb.fd 2013/01/14 v3.01 AMS symbols B
)

[1



{/usr/local/texlive/2025/texmf-var/fonts/map/pdftex/updmap/pdftex.map}]

[2

]
LaTeX Font Info:    Trying to load font information for TS1+ptm on input line 1
62.
 (/usr/local/texlive/2025/texmf-dist/tex/latex/psnfss/ts1ptm.fd
File: ts1ptm.fd 2001/06/04 font definitions for TS1/ptm.
)

[3]

[4

] (./main_textbook.toc

[5]

[6]

[7]

[8]

[9]

[10]

[11]

[12]

[13]

[14]

[15]

[16]

[17]

[18]

[19]

[20]

[21]

[22])
\tf@toc=\write5

\openout5 = main_textbook.toc


[23]

[24

]

[1

]

[2] (./Part_I_Foundations/ch01_what_is_control.tex
Chapter 1.


[3

]

[4

]
! Undefined control sequence.
\abstract ...pos }\abstractnamefont \abstractname 
                                                  \@endparpenalty \@M \end \...
l.8 \begin{abstract}
                    
The control sequence at the end of the top line
of your error message was never \def'ed. If you have
misspelled it (e.g., `\hobx'), type `I' and the correct
spelling (e.g., `I\hbox'). Otherwise just continue,
and I'll forget about whatever was undefined.




warning  (pdf backend): ignoring duplicate destination with the name 'page.1'
[1]


warning  (pdf backend): ignoring duplicate destination with the name 'page.2'
[2]


warning  (pdf backend): ignoring duplicate destination with the name 'page.3'
[3]
Overfull \hbox (1.74377pt too wide) in paragraph at lines 87--88
[]\T1/ptm/b/n/12 Pos-i-tive feed-back in-sta-bil-i-ties\T1/ptm/m/n/12 : Some loa
ds ex-hib-ited de-creas-ing re-sis-tance at higher speeds,
 []




warning  (pdf backend): ignoring duplicate destination with the name 'page.4'
[4]
Overfull \hbox (2.58943pt too wide) in paragraph at lines 125--125
[]\T1/ptm/b/n/17.28 Mod-ern Ap-pli-ca-tions: Open-Loop vs. Closed-Loop Sys-tems 
 []



[5]

[6]

[7]

[8]

[9]

[10]

[11]
Overfull \hbox (0.50789pt too wide) in paragraph at lines 449--460
 [][] 
 []



[12]

[13] (/usr/local/texlive/2025/texmf-dist/tex/latex/listings/lstlang1.sty
File: lstlang1.sty 2024/09/23 1.10c listings language file
)
(/usr/local/texlive/2025/texmf-dist/tex/latex/listings/lstlang1.sty
File: lstlang1.sty 2024/09/23 1.10c listings language file
)
(/usr/local/texlive/2025/texmf-dist/tex/latex/listings/lstmisc.sty
File: lstmisc.sty 2024/09/23 1.10c (Carsten Heinz)
)
Package hyperref Info: bookmark level for unknown lstlisting defaults to 0 on i
nput line 552.
LaTeX Font Info:    Trying to load font information for T1+pcr on input line 55
2.

(/usr/local/texlive/2025/texmf-dist/tex/latex/psnfss/t1pcr.fd
File: t1pcr.fd 2001/06/04 font definitions for T1/pcr.
)

[14]
Underfull \vbox (badness 10000) has occurred while \output is active []



[15]

[16]

[17]
Underfull \vbox (badness 10000) has occurred while \output is active []



[18]

[19]

[20]

[21]

[22]

[23]
Runaway argument?
\begin {tikzpicture}[auto, node distance=2.5cm, >=latex'] \node [inpu\ETC.
! Paragraph ended before \verbatim@ was complete.
<to be read again> 
                   \par 
l.1121 }}
         
I suspect you've forgotten a `}', causing me to apply this
control sequence to too much text. How can we recover?
My plan is to forget the whole thing and hope for the best.

! Undefined control sequence.
<argument> ...t of=plant] (output) {}; \par \node 
                                                  [input, above of=sum1, nod...
l.1121 }}
         
The control sequence at the end of the top line
of your error message was never \def'ed. If you have
misspelled it (e.g., `\hobx'), type `I' and the correct
spelling (e.g., `I\hbox'). Otherwise just continue,
and I'll forget about whatever was undefined.


Underfull \hbox (badness 10000) in paragraph at lines 1121--1121
[]\T1/pcr/m/n/12 [input, above of=sum1, node distance=1.5cm] (disturbance)
 []

! Undefined control sequence.
<argument> ...1.5cm] (disturbance) {}; \par \draw 
                                                  [->] (rinput) -- node {$R(...
l.1121 }}
         
The control sequence at the end of the top line
of your error message was never \def'ed. If you have
misspelled it (e.g., `\hobx'), type `I' and the correct
spelling (e.g., `I\hbox'). Otherwise just continue,
and I'll forget about whatever was undefined.

! Undefined control sequence.
<argument> ...- node {$R(s)$} (controller); \draw 
                                                  [->] (controller) -- node ...
l.1121 }}
         
The control sequence at the end of the top line
of your error message was never \def'ed. If you have
misspelled it (e.g., `\hobx'), type `I' and the correct
spelling (e.g., `I\hbox'). Otherwise just continue,
and I'll forget about whatever was undefined.

! Undefined control sequence.
<argument> ...ler) -- node {$U(s)$} (sum1); \draw 
                                                  [->] (sum1) -- (plant); \d...
l.1121 }}
         
The control sequence at the end of the top line
of your error message was never \def'ed. If you have
misspelled it (e.g., `\hobx'), type `I' and the correct
spelling (e.g., `I\hbox'). Otherwise just continue,
and I'll forget about whatever was undefined.

! Undefined control sequence.
<argument> ...\draw [->] (sum1) -- (plant); \draw 
                                                  [->] (plant) -- node {$Y(s...
l.1121 }}
         
The control sequence at the end of the top line
of your error message was never \def'ed. If you have
misspelled it (e.g., `\hobx'), type `I' and the correct
spelling (e.g., `I\hbox'). Otherwise just continue,
and I'll forget about whatever was undefined.

! Undefined control sequence.
<argument> ...t) -- node {$Y(s)$} (output); \draw 
                                                  [->] (disturbance) -- node...
l.1121 }}
         
The control sequence at the end of the top line
of your error message was never \def'ed. If you have
misspelled it (e.g., `\hobx'), type `I' and the correct
spelling (e.g., `I\hbox'). Otherwise just continue,
and I'll forget about whatever was undefined.


Underfull \hbox (badness 10000) in paragraph at lines 1121--1121
[]\T1/pcr/m/n/12 [->] (rinput) -- node $\OML/cmm/m/it/12 R\OT1/cmr/m/n/12 (\OML
/cmm/m/it/12 s\OT1/cmr/m/n/12 )$ \T1/pcr/m/n/12 (controller); [->] (controller)
 []


Underfull \hbox (badness 10000) in paragraph at lines 1121--1121
\T1/pcr/m/n/12 -- node $\OML/cmm/m/it/12 U\OT1/cmr/m/n/12 (\OML/cmm/m/it/12 s\O
T1/cmr/m/n/12 )$ \T1/pcr/m/n/12 (sum1); [->] (sum1) -- (plant); [->] (plant) --
 []

! Undefined control sequence.
<argument> ...-- node {$D(s)$} (sum1); \par \node 
                                                  at (sum1.south east) {$+$}...
l.1121 }}
         
The control sequence at the end of the top line
of your error message was never \def'ed. If you have
misspelled it (e.g., `\hobx'), type `I' and the correct
spelling (e.g., `I\hbox'). Otherwise just continue,
and I'll forget about whatever was undefined.

! Undefined control sequence.
<argument> ...e at (sum1.south east) {$+$}; \node 
                                                  at (sum1.north) {$+$}; \en...
l.1121 }}
         
The control sequence at the end of the top line
of your error message was never \def'ed. If you have
misspelled it (e.g., `\hobx'), type `I' and the correct
spelling (e.g., `I\hbox'). Otherwise just continue,
and I'll forget about whatever was undefined.

! Undefined control sequence.
\endtikzpicture ...r@layerlist@globally \endscope 
                                                  \let \pgf@baseline =\pgf@s...
l.1121 }}
         
The control sequence at the end of the top line
of your error message was never \def'ed. If you have
misspelled it (e.g., `\hobx'), type `I' and the correct
spelling (e.g., `I\hbox'). Otherwise just continue,
and I'll forget about whatever was undefined.

! Extra }, or forgotten \endgroup.
\endpgfpicture ...globally \endgroup \hss \egroup 
                                                  \pgf@restore@layerlist@fro...
l.1121 }}
         
I've deleted a group-closing symbol because it seems to be
spurious, as in `$x}$'. But perhaps the } is legitimate and
you forgot something else, as in `\hbox{$x}'. In such cases
the way to recover is to insert both the forgotten and the
deleted material, e.g., by typing `I$}'.

! Missing } inserted.
<inserted text> 
                }
l.1121 }}
         
I've inserted something that you may have forgotten.
(See the <inserted text> above.)
With luck, this will get me unwedged. But if you
really didn't forget anything, try typing `2' now; then
my insertion and my current dilemma will both disappear.

! Infinite glue shrinkage found in a paragraph.
<inserted text> }
                 
l.1121 }}
         
The paragraph just ended includes some glue that has
infinite shrinkability, e.g., `\hskip 0pt minus 1fil'.
Such glue doesn't belong there---it allows a paragraph
of any length to fit on one line. But it's safe to proceed,
since the offensive shrinkability has been made finite.

! Missing } inserted.
<inserted text> 
                }
l.1121 }}
         
I've inserted something that you may have forgotten.
(See the <inserted text> above.)
With luck, this will get me unwedged. But if you
really didn't forget anything, try typing `2' now; then
my insertion and my current dilemma will both disappear.

! Missing } inserted.
<inserted text> 
                }
l.1121 }}
         
I've inserted something that you may have forgotten.
(See the <inserted text> above.)
With luck, this will get me unwedged. But if you
really didn't forget anything, try typing `2' now; then
my insertion and my current dilemma will both disappear.


! LaTeX Error: \begin{figure} on input line 1084 ended by \end{tikzpicture}.

See the LaTeX manual or LaTeX Companion for explanation.
Type  H <return>  for immediate help.
 ...                                              
                                                  
l.1121 }}
         
Your command was ignored.
Type  I <command> <return>  to replace it with another command,
or  <return>  to continue without it.

! Missing } inserted.
<inserted text> 
                }
l.1121 }}
         
I've inserted something that you may have forgotten.
(See the <inserted text> above.)
With luck, this will get me unwedged. But if you
really didn't forget anything, try typing `2' now; then
my insertion and my current dilemma will both disappear.

! Extra \endgroup.
\endverbatim ->\endtrivlist \endgroup 
                                      \@doendpe 
l.1121 }}
         
Things are pretty mixed up, but I think the worst is over.


! LaTeX Error: \begin{document} ended by \end{verbatim}.

See the LaTeX manual or LaTeX Companion for explanation.
Type  H <return>  for immediate help.
 ...                                              
                                                  
l.1121 }}
         
Your command was ignored.
Type  I <command> <return>  to replace it with another command,
or  <return>  to continue without it.

! Extra \endgroup.
\end  ...end#1\endcsname \@checkend {#1}\endgroup 
                                                  \UseHook {env/#1/after}\if...
l.1121 }}
         
Things are pretty mixed up, but I think the worst is over.

! Extra \endgroup.
\color@endgroup ->\endgraf \@endpefalse \endgroup 
                                                  
l.1121 }}
         
Things are pretty mixed up, but I think the worst is over.

! Too many }'s.
\@begin@tempboxa ...begingroup #2\color@endgroup }
                                                  \def \width {\wd \@tempbox...
l.1121 }}
         
You've closed more groups than you opened.
Such booboos are generally harmless, so keep going.

! Extra \endgroup.
\@iiiparbox ...f@pboxsw \m@th $\fi \@end@tempboxa 
                                                  
l.1121 }}
         
Things are pretty mixed up, but I think the worst is over.

! Too many }'s.
\fbox  ...x {\color@begingroup \kern \fboxsep {#1}
                                                  \kern \fboxsep \color@endg...
l.1121 }}
         
You've closed more groups than you opened.
Such booboos are generally harmless, so keep going.

! Extra \endgroup.
\color@endgroup ->\endgraf \@endpefalse \endgroup 
                                                  
l.1121 }}
         
Things are pretty mixed up, but I think the worst is over.

! Too many }'s.
\fbox  ...sep {#1}\kern \fboxsep \color@endgroup }
                                                  \@frameb@x \relax 
l.1121 }}
         
You've closed more groups than you opened.
Such booboos are generally harmless, so keep going.


! LaTeX Error: \caption outside float.

See the LaTeX manual or LaTeX Companion for explanation.
Type  H <return>  for immediate help.
 ...                                              
                                                  
l.1122 \caption
               {Open-loop system TikZ code}
You're in trouble here.  Try typing  <return>  to proceed.
If that doesn't work, type  X <return>  to quit.

! Too many }'s.
\@endfloatbox ...pagefalse \outer@nobreak \egroup 
                                                  \color@endbox 
l.1124 \end{figure}
                   
You've closed more groups than you opened.
Such booboos are generally harmless, so keep going.

! Extra \endgroup.
\color@endgroup ->\endgraf \@endpefalse \endgroup 
                                                  
l.1124 \end{figure}
                   
Things are pretty mixed up, but I think the worst is over.

! Too many }'s.
\color@endbox ->\color@endgroup \egroup 
                                        
l.1124 \end{figure}
                   
You've closed more groups than you opened.
Such booboos are generally harmless, so keep going.


! LaTeX Error: \begin{document} ended by \end{figure}.

See the LaTeX manual or LaTeX Companion for explanation.
Type  H <return>  for immediate help.
 ...                                              
                                                  
l.1124 \end{figure}
                   
Your command was ignored.
Type  I <command> <return>  to replace it with another command,
or  <return>  to continue without it.

! Extra \endgroup.
\end  ...end#1\endcsname \@checkend {#1}\endgroup 
                                                  \UseHook {env/#1/after}\if...
l.1124 \end{figure}
                   
Things are pretty mixed up, but I think the worst is over.

Runaway argument?
\begin {tikzpicture}[auto, node distance=2cm, >=latex'] \node [input]\ETC.
! Paragraph ended before \verbatim@ was complete.
<to be read again> 
                   \par 
l.1167 }}
         
I suspect you've forgotten a `}', causing me to apply this
control sequence to too much text. How can we recover?
My plan is to forget the whole thing and hope for the best.

! Undefined control sequence.
<argument> ...ance=2.5cm] (output) {}; \par \node 
                                                  [block, below of=plant, no...
l.1167 }}
         
The control sequence at the end of the top line
of your error message was never \def'ed. If you have
misspelled it (e.g., `\hobx'), type `I' and the correct
spelling (e.g., `I\hbox'). Otherwise just continue,
and I'll forget about whatever was undefined.


Underfull \hbox (badness 10000) in paragraph at lines 1167--1167
[]\T1/pcr/m/n/12 [block, below of=plant, node distance=1.5cm] (sensor) $\OML/cm
m/m/it/12 H\OT1/cmr/m/n/12 (\OML/cmm/m/it/12 s\OT1/cmr/m/n/12 )$\T1/pcr/m/n/12 
;
 []

! Undefined control sequence.
<argument> ....5cm] (sensor) {$H(s)$}; \par \node 
                                                  [input, above of=sum2, nod...
l.1167 }}
         
The control sequence at the end of the top line
of your error message was never \def'ed. If you have
misspelled it (e.g., `\hobx'), type `I' and the correct
spelling (e.g., `I\hbox'). Otherwise just continue,
and I'll forget about whatever was undefined.

! Undefined control sequence.
<argument> ...stance=1.5cm] (dist) {}; \par \draw 
                                                  [->] (rinput) -- node[pos=...
l.1167 }}
         
The control sequence at the end of the top line
of your error message was never \def'ed. If you have
misspelled it (e.g., `\hobx'), type `I' and the correct
spelling (e.g., `I\hbox'). Otherwise just continue,
and I'll forget about whatever was undefined.

! Undefined control sequence.
<argument> ...ode[pos=0.2] {$R(s)$} (sum1); \draw 
                                                  [->] (sum1) -- node {$E(s)...
l.1167 }}
         
The control sequence at the end of the top line
of your error message was never \def'ed. If you have
misspelled it (e.g., `\hobx'), type `I' and the correct
spelling (e.g., `I\hbox'). Otherwise just continue,
and I'll forget about whatever was undefined.

! Undefined control sequence.
<argument> ...- node {$E(s)$} (controller); \draw 
                                                  [->] (controller) -- node ...
l.1167 }}
         
The control sequence at the end of the top line
of your error message was never \def'ed. If you have
misspelled it (e.g., `\hobx'), type `I' and the correct
spelling (e.g., `I\hbox'). Otherwise just continue,
and I'll forget about whatever was undefined.

! Undefined control sequence.
<argument> ...ler) -- node {$U(s)$} (sum2); \draw 
                                                  [->] (sum2) -- (plant); \d...
l.1167 }}
         
The control sequence at the end of the top line
of your error message was never \def'ed. If you have
misspelled it (e.g., `\hobx'), type `I' and the correct
spelling (e.g., `I\hbox'). Otherwise just continue,
and I'll forget about whatever was undefined.

! Undefined control sequence.
<argument> ...\draw [->] (sum2) -- (plant); \draw 
                                                  [->] (plant) -- node [name...
l.1167 }}
         
The control sequence at the end of the top line
of your error message was never \def'ed. If you have
misspelled it (e.g., `\hobx'), type `I' and the correct
spelling (e.g., `I\hbox'). Otherwise just continue,
and I'll forget about whatever was undefined.

! Undefined control sequence.
<argument> ..., pos=0.7] {$Y(s)$} (output); \draw 
                                                  [->] (dist) -- node {$D(s)...
l.1167 }}
         
The control sequence at the end of the top line
of your error message was never \def'ed. If you have
misspelled it (e.g., `\hobx'), type `I' and the correct
spelling (e.g., `I\hbox'). Otherwise just continue,
and I'll forget about whatever was undefined.


Underfull \hbox (badness 10000) in paragraph at lines 1167--1167
[]\T1/pcr/m/n/12 [->] (rinput) -- node[pos=0.2] $\OML/cmm/m/it/12 R\OT1/cmr/m/n
/12 (\OML/cmm/m/it/12 s\OT1/cmr/m/n/12 )$ \T1/pcr/m/n/12 (sum1); [->] (sum1)
 []


Underfull \hbox (badness 10000) in paragraph at lines 1167--1167
\T1/pcr/m/n/12 -- node $\OML/cmm/m/it/12 E\OT1/cmr/m/n/12 (\OML/cmm/m/it/12 s\O
T1/cmr/m/n/12 )$ \T1/pcr/m/n/12 (controller); [->] (controller) -- node $\OML/c
mm/m/it/12 U\OT1/cmr/m/n/12 (\OML/cmm/m/it/12 s\OT1/cmr/m/n/12 )$
 []


Underfull \hbox (badness 10000) in paragraph at lines 1167--1167
\T1/pcr/m/n/12 (sum2); [->] (sum2) -- (plant); [->] (plant) -- node
 []


Underfull \hbox (badness 10000) in paragraph at lines 1167--1167
\T1/pcr/m/n/12 [name=y, pos=0.7] $\OML/cmm/m/it/12 Y\OT1/cmr/m/n/12 (\OML/cmm/m
/it/12 s\OT1/cmr/m/n/12 )$ \T1/pcr/m/n/12 (output); [->] (dist) -- node $\OML/c
mm/m/it/12 D\OT1/cmr/m/n/12 (\OML/cmm/m/it/12 s\OT1/cmr/m/n/12 )$
 []

! Undefined control sequence.
<argument> ...-- node {$D(s)$} (sum2); \par \draw 
                                                  [->] (y) |- (sensor); \dra...
l.1167 }}
         
The control sequence at the end of the top line
of your error message was never \def'ed. If you have
misspelled it (e.g., `\hobx'), type `I' and the correct
spelling (e.g., `I\hbox'). Otherwise just continue,
and I'll forget about whatever was undefined.

! Undefined control sequence.
<argument> ...r \draw [->] (y) |- (sensor); \draw 
                                                  [->] (sensor) -| node[pos=...
l.1167 }}
         
The control sequence at the end of the top line
of your error message was never \def'ed. If you have
misspelled it (e.g., `\hobx'), type `I' and the correct
spelling (e.g., `I\hbox'). Otherwise just continue,
and I'll forget about whatever was undefined.


Underfull \hbox (badness 10000) in paragraph at lines 1167--1167
[]\T1/pcr/m/n/12 [->] (y) |- (sensor); [->] (sensor) -| node[pos=0.9] $\OMS/cms
y/m/n/12 ^^@$
 []

! Undefined control sequence.
<argument> ...e[pos=0.9] {$-$} (sum1); \par \node 
                                                  at (sum1.north east) {$+$}...
l.1167 }}
         
The control sequence at the end of the top line
of your error message was never \def'ed. If you have
misspelled it (e.g., `\hobx'), type `I' and the correct
spelling (e.g., `I\hbox'). Otherwise just continue,
and I'll forget about whatever was undefined.

! Undefined control sequence.
<argument> ...e at (sum1.north east) {$+$}; \node 
                                                  at (sum2.south east) {$+$}...
l.1167 }}
         
The control sequence at the end of the top line
of your error message was never \def'ed. If you have
misspelled it (e.g., `\hobx'), type `I' and the correct
spelling (e.g., `I\hbox'). Otherwise just continue,
and I'll forget about whatever was undefined.

! Undefined control sequence.
<argument> ...e at (sum2.south east) {$+$}; \node 
                                                  at (sum2.north) {$+$}; \en...
l.1167 }}
         
The control sequence at the end of the top line
of your error message was never \def'ed. If you have
misspelled it (e.g., `\hobx'), type `I' and the correct
spelling (e.g., `I\hbox'). Otherwise just continue,
and I'll forget about whatever was undefined.

! Undefined control sequence.
\endtikzpicture ...r@layerlist@globally \endscope 
                                                  \let \pgf@baseline =\pgf@s...
l.1167 }}
         
The control sequence at the end of the top line
of your error message was never \def'ed. If you have
misspelled it (e.g., `\hobx'), type `I' and the correct
spelling (e.g., `I\hbox'). Otherwise just continue,
and I'll forget about whatever was undefined.

! Extra }, or forgotten \endgroup.
\endpgfpicture ...globally \endgroup \hss \egroup 
                                                  \pgf@restore@layerlist@fro...
l.1167 }}
         
I've deleted a group-closing symbol because it seems to be
spurious, as in `$x}$'. But perhaps the } is legitimate and
you forgot something else, as in `\hbox{$x}'. In such cases
the way to recover is to insert both the forgotten and the
deleted material, e.g., by typing `I$}'.

! Missing } inserted.
<inserted text> 
                }
l.1167 }}
         
I've inserted something that you may have forgotten.
(See the <inserted text> above.)
With luck, this will get me unwedged. But if you
really didn't forget anything, try typing `2' now; then
my insertion and my current dilemma will both disappear.

! Infinite glue shrinkage found in a paragraph.
<inserted text> }
                 
l.1167 }}
         
The paragraph just ended includes some glue that has
infinite shrinkability, e.g., `\hskip 0pt minus 1fil'.
Such glue doesn't belong there---it allows a paragraph
of any length to fit on one line. But it's safe to proceed,
since the offensive shrinkability has been made finite.

! Missing } inserted.
<inserted text> 
                }
l.1167 }}
         
I've inserted something that you may have forgotten.
(See the <inserted text> above.)
With luck, this will get me unwedged. But if you
really didn't forget anything, try typing `2' now; then
my insertion and my current dilemma will both disappear.

! Missing } inserted.
<inserted text> 
                }
l.1167 }}
         
I've inserted something that you may have forgotten.
(See the <inserted text> above.)
With luck, this will get me unwedged. But if you
really didn't forget anything, try typing `2' now; then
my insertion and my current dilemma will both disappear.


! LaTeX Error: \begin{figure} on input line 1128 ended by \end{tikzpicture}.

See the LaTeX manual or LaTeX Companion for explanation.
Type  H <return>  for immediate help.
 ...                                              
                                                  
l.1167 }}
         
Your command was ignored.
Type  I <command> <return>  to replace it with another command,
or  <return>  to continue without it.

! Missing } inserted.
<inserted text> 
                }
l.1167 }}
         
I've inserted something that you may have forgotten.
(See the <inserted text> above.)
With luck, this will get me unwedged. But if you
really didn't forget anything, try typing `2' now; then
my insertion and my current dilemma will both disappear.

! Extra \endgroup.
\endverbatim ->\endtrivlist \endgroup 
                                      \@doendpe 
l.1167 }}
         
Things are pretty mixed up, but I think the worst is over.


! LaTeX Error: \begin{document} ended by \end{verbatim}.

See the LaTeX manual or LaTeX Companion for explanation.
Type  H <return>  for immediate help.
 ...                                              
                                                  
l.1167 }}
         
Your command was ignored.
Type  I <command> <return>  to replace it with another command,
or  <return>  to continue without it.

! Extra \endgroup.
\end  ...end#1\endcsname \@checkend {#1}\endgroup 
                                                  \UseHook {env/#1/after}\if...
l.1167 }}
         
Things are pretty mixed up, but I think the worst is over.

! Extra \endgroup.
\color@endgroup ->\endgraf \@endpefalse \endgroup 
                                                  
l.1167 }}
         
Things are pretty mixed up, but I think the worst is over.

! Too many }'s.
\@begin@tempboxa ...begingroup #2\color@endgroup }
                                                  \def \width {\wd \@tempbox...
l.1167 }}
         
You've closed more groups than you opened.
Such booboos are generally harmless, so keep going.

! Extra \endgroup.
\@iiiparbox ...f@pboxsw \m@th $\fi \@end@tempboxa 
                                                  
l.1167 }}
         
Things are pretty mixed up, but I think the worst is over.

! Too many }'s.
\fbox  ...x {\color@begingroup \kern \fboxsep {#1}
                                                  \kern \fboxsep \color@endg...
l.1167 }}
         
You've closed more groups than you opened.
Such booboos are generally harmless, so keep going.

! Extra \endgroup.
\color@endgroup ->\endgraf \@endpefalse \endgroup 
                                                  
l.1167 }}
         
Things are pretty mixed up, but I think the worst is over.

! Too many }'s.
\fbox  ...sep {#1}\kern \fboxsep \color@endgroup }
                                                  \@frameb@x \relax 
l.1167 }}
         
You've closed more groups than you opened.
Such booboos are generally harmless, so keep going.


! LaTeX Error: \caption outside float.

See the LaTeX manual or LaTeX Companion for explanation.
Type  H <return>  for immediate help.
 ...                                              
                                                  
l.1168 \caption
               {Closed-loop system TikZ code}
You're in trouble here.  Try typing  <return>  to proceed.
If that doesn't work, type  X <return>  to quit.

! Too many }'s.
\@endfloatbox ...pagefalse \outer@nobreak \egroup 
                                                  \color@endbox 
l.1170 \end{figure}
                   
You've closed more groups than you opened.
Such booboos are generally harmless, so keep going.

! Extra \endgroup.
\color@endgroup ->\endgraf \@endpefalse \endgroup 
                                                  
l.1170 \end{figure}
                   
Things are pretty mixed up, but I think the worst is over.

! Too many }'s.
\color@endbox ->\color@endgroup \egroup 
                                        
l.1170 \end{figure}
                   
You've closed more groups than you opened.
Such booboos are generally harmless, so keep going.


! LaTeX Error: \begin{document} ended by \end{figure}.

See the LaTeX manual or LaTeX Companion for explanation.
Type  H <return>  for immediate help.
 ...                                              
                                                  
l.1170 \end{figure}
                   
Your command was ignored.
Type  I <command> <return>  to replace it with another command,
or  <return>  to continue without it.

! Extra \endgroup.
\end  ...end#1\endcsname \@checkend {#1}\endgroup 
                                                  \UseHook {env/#1/after}\if...
l.1170 \end{figure}
                   
Things are pretty mixed up, but I think the worst is over.


LaTeX Warning: Float too large for page by 64.9696pt on input line 1228.



[24]

[25]

[26]

[27]) (./Part_I_Foundations/ch02_modeling_physical_systems.tex

[28]
Chapter 2.


[29

]

[30]

[31]

[32]

[33]
Overfull \hbox (1.4488pt too wide) in paragraph at lines 188--188
[]\T1/ptm/b/n/17.28 Math-e-mat-i-cal Foun-da-tion: De-riv-ing Dif-fer-en-tial Eq
ua-tions
 []



[34]


Package fancyhdr Warning: \headheight is too small (14.5pt): 
(fancyhdr)                Make it at least 26.98592pt, for example:
(fancyhdr)                \setlength{\headheight}{26.98592pt}.
(fancyhdr)                You might also make \topmargin smaller:
(fancyhdr)                \addtolength{\topmargin}{-12.48592pt}.

[35]

LaTeX Warning: Reference `ch:first_second_order' on page 36 undefined on input 
line 327.



[36]


Package fancyhdr Warning: \headheight is too small (14.5pt): 
(fancyhdr)                Make it at least 26.98592pt, for example:
(fancyhdr)                \setlength{\headheight}{26.98592pt}.
(fancyhdr)                You might also make \topmargin smaller:
(fancyhdr)                \addtolength{\topmargin}{-12.48592pt}.

[37]

[38]

LaTeX Warning: Reference `ch:state_space' on page 39 undefined on input line 50
0.


Overfull \hbox (5.07733pt too wide) in paragraph at lines 507--507
[]\T1/ptm/b/n/17.28 Prac-ti-cal Ex-per-i-ment: Build-ing and Char-ac-ter-iz-ing a Mass-
 []




Package fancyhdr Warning: \headheight is too small (14.5pt): 
(fancyhdr)                Make it at least 26.98592pt, for example:
(fancyhdr)                \setlength{\headheight}{26.98592pt}.
(fancyhdr)                You might also make \topmargin smaller:
(fancyhdr)                \addtolength{\topmargin}{-12.48592pt}.

[39]

[40]


Package fancyhdr Warning: \headheight is too small (14.5pt): 
(fancyhdr)                Make it at least 26.98592pt, for example:
(fancyhdr)                \setlength{\headheight}{26.98592pt}.
(fancyhdr)                You might also make \topmargin smaller:
(fancyhdr)                \addtolength{\topmargin}{-12.48592pt}.

[41]

[42]

[43]

[44]

[45]

[46]

[47]

[48]
Overfull \hbox (10.5182pt too wide) in paragraph at lines 1085--1086
[]\T1/ptm/m/n/12 Shearer, J.L., Mur-phy, A.T., and Richard-son, H.H., \T1/ptm/m
/it/12 In-tro-duc-tion to Sys-tem Dy-nam-ics\T1/ptm/m/n/12 , Addison-
 []


! LaTeX Error: \begin{document} ended by \end{chapter}.

See the LaTeX manual or LaTeX Companion for explanation.
Type  H <return>  for immediate help.
 ...                                              
                                                  
l.1090 \end{chapter}
                    
Your command was ignored.
Type  I <command> <return>  to replace it with another command,
or  <return>  to continue without it.

! Extra \endgroup.
\end  ...end#1\endcsname \@checkend {#1}\endgroup 
                                                  \UseHook {env/#1/after}\if...
l.1090 \end{chapter}
                    
Things are pretty mixed up, but I think the worst is over.

) (./Part_I_Foundations/ch03_transfer_functions.tex

[49]

[50

]
Chapter 3.


[51]
! Undefined control sequence.
<recently read> \diff 
                      
l.34 ...t treated the differential operator $\diff
                                                  /\diff t$ as an algebraic ...
The control sequence at the end of the top line
of your error message was never \def'ed. If you have
misspelled it (e.g., `\hobx'), type `I' and the correct
spelling (e.g., `I\hbox'). Otherwise just continue,
and I'll forget about whatever was undefined.

! Undefined control sequence.
l.34 ...ted the differential operator $\diff/\diff
                                                   t$ as an algebraic quantity.
The control sequence at the end of the top line
of your error message was never \def'ed. If you have
misspelled it (e.g., `\hobx'), type `I' and the correct
spelling (e.g., `I\hbox'). Otherwise just continue,
and I'll forget about whatever was undefined.

! Undefined control sequence.
l.36 Heaviside introduced the operator $p = \diff
                                                 /\diff t$ and manipulated i...
The control sequence at the end of the top line
of your error message was never \def'ed. If you have
misspelled it (e.g., `\hobx'), type `I' and the correct
spelling (e.g., `I\hbox'). Otherwise just continue,
and I'll forget about whatever was undefined.

! Undefined control sequence.
l.36 ...e introduced the operator $p = \diff/\diff
                                                   t$ and manipulated it acc...
The control sequence at the end of the top line
of your error message was never \def'ed. If you have
misspelled it (e.g., `\hobx'), type `I' and the correct
spelling (e.g., `I\hbox'). Otherwise just continue,
and I'll forget about whatever was undefined.

! Undefined control sequence.
<argument> \diff 
                 i
l.38 L\frac{\diff i}{\diff t}
                              + Ri = v(t)
The control sequence at the end of the top line
of your error message was never \def'ed. If you have
misspelled it (e.g., `\hobx'), type `I' and the correct
spelling (e.g., `I\hbox'). Otherwise just continue,
and I'll forget about whatever was undefined.

! Undefined control sequence.
<argument> \diff 
                 t
l.38 L\frac{\diff i}{\diff t}
                              + Ri = v(t)
The control sequence at the end of the top line
of your error message was never \def'ed. If you have
misspelled it (e.g., `\hobx'), type `I' and the correct
spelling (e.g., `I\hbox'). Otherwise just continue,
and I'll forget about whatever was undefined.

! Undefined control sequence.
l.57 F(s) = \int_0^{\infty} f(t)\e
                                  ^{-st}\,\diff t
The control sequence at the end of the top line
of your error message was never \def'ed. If you have
misspelled it (e.g., `\hobx'), type `I' and the correct
spelling (e.g., `I\hbox'). Otherwise just continue,
and I'll forget about whatever was undefined.

! Undefined control sequence.
l.57 F(s) = \int_0^{\infty} f(t)\e^{-st}\,\diff
                                                t
The control sequence at the end of the top line
of your error message was never \def'ed. If you have
misspelled it (e.g., `\hobx'), type `I' and the correct
spelling (e.g., `I\hbox'). Otherwise just continue,
and I'll forget about whatever was undefined.


LaTeX Warning: Command \j invalid in math mode on input line 61.



[52]

LaTeX Warning: Command \j invalid in math mode on input line 101.



[53]

[54]
Overfull \hbox (3.17133pt too wide) in paragraph at lines 145--146
[]\T1/ptm/m/n/12 The same math-e-mat-i-cal frame-work ap-plies whether an-a-lyz-
ing a mi-cro-scopic MEMS ac-celerom-
 []

! Undefined control sequence.
l.173 ...e\{f(t)\} = F(s) = \int_0^{\infty} f(t)\e
                                                  ^{-st}\,\diff t
The control sequence at the end of the top line
of your error message was never \def'ed. If you have
misspelled it (e.g., `\hobx'), type `I' and the correct
spelling (e.g., `I\hbox'). Otherwise just continue,
and I'll forget about whatever was undefined.

! Undefined control sequence.
l.173 ...(s) = \int_0^{\infty} f(t)\e^{-st}\,\diff
                                                   t
The control sequence at the end of the top line
of your error message was never \def'ed. If you have
misspelled it (e.g., `\hobx'), type `I' and the correct
spelling (e.g., `I\hbox'). Otherwise just continue,
and I'll forget about whatever was undefined.


LaTeX Warning: Command \j invalid in math mode on input line 176.

! Undefined control sequence.
l.181 \invLaplace
                 \{F(s)\} = f(t) = \frac{1}{2\pi\j}\int_{c-\j\infty}^{c+\j\i...
The control sequence at the end of the top line
of your error message was never \def'ed. If you have
misspelled it (e.g., `\hobx'), type `I' and the correct
spelling (e.g., `I\hbox'). Otherwise just continue,
and I'll forget about whatever was undefined.


LaTeX Warning: Command \j invalid in math mode on input line 181.


LaTeX Warning: Command \j invalid in math mode on input line 181.


LaTeX Warning: Command \j invalid in math mode on input line 181.

! Undefined control sequence.
l.181 ...i\j}\int_{c-\j\infty}^{c+\j\infty} F(s)\e
                                                  ^{st}\,\diff s
The control sequence at the end of the top line
of your error message was never \def'ed. If you have
misspelled it (e.g., `\hobx'), type `I' and the correct
spelling (e.g., `I\hbox'). Otherwise just continue,
and I'll forget about whatever was undefined.

! Undefined control sequence.
l.181 ...\j\infty}^{c+\j\infty} F(s)\e^{st}\,\diff
                                                   s
The control sequence at the end of the top line
of your error message was never \def'ed. If you have
misspelled it (e.g., `\hobx'), type `I' and the correct
spelling (e.g., `I\hbox'). Otherwise just continue,
and I'll forget about whatever was undefined.



[55]
! Undefined control sequence.
<argument> ...)\} &= \int _0^{\infty } 1 \cdot \e 
                                                  ^{-st}\,\diff t = \left [-...
l.202 \end{align}
                 
The control sequence at the end of the top line
of your error message was never \def'ed. If you have
misspelled it (e.g., `\hobx'), type `I' and the correct
spelling (e.g., `I\hbox'). Otherwise just continue,
and I'll forget about whatever was undefined.

! Undefined control sequence.
<argument> ...^{\infty } 1 \cdot \e ^{-st}\,\diff 
                                                  t = \left [-\frac {1}{s}\e...
l.202 \end{align}
                 
The control sequence at the end of the top line
of your error message was never \def'ed. If you have
misspelled it (e.g., `\hobx'), type `I' and the correct
spelling (e.g., `I\hbox'). Otherwise just continue,
and I'll forget about whatever was undefined.

! Undefined control sequence.
<argument> ...}\,\diff t = \left [-\frac {1}{s}\e 
                                                  ^{-st}\right ]_0^{\infty }...
l.202 \end{align}
                 
The control sequence at the end of the top line
of your error message was never \def'ed. If you have
misspelled it (e.g., `\hobx'), type `I' and the correct
spelling (e.g., `I\hbox'). Otherwise just continue,
and I'll forget about whatever was undefined.

! Undefined control sequence.
<argument> ...)\} &= \int _0^{\infty } 1 \cdot \e 
                                                  ^{-st}\,\diff t = \left [-...
l.202 \end{align}
                 
The control sequence at the end of the top line
of your error message was never \def'ed. If you have
misspelled it (e.g., `\hobx'), type `I' and the correct
spelling (e.g., `I\hbox'). Otherwise just continue,
and I'll forget about whatever was undefined.

! Undefined control sequence.
<argument> ...^{\infty } 1 \cdot \e ^{-st}\,\diff 
                                                  t = \left [-\frac {1}{s}\e...
l.202 \end{align}
                 
The control sequence at the end of the top line
of your error message was never \def'ed. If you have
misspelled it (e.g., `\hobx'), type `I' and the correct
spelling (e.g., `I\hbox'). Otherwise just continue,
and I'll forget about whatever was undefined.

! Undefined control sequence.
<argument> ...}\,\diff t = \left [-\frac {1}{s}\e 
                                                  ^{-st}\right ]_0^{\infty }...
l.202 \end{align}
                 
The control sequence at the end of the top line
of your error message was never \def'ed. If you have
misspelled it (e.g., `\hobx'), type `I' and the correct
spelling (e.g., `I\hbox'). Otherwise just continue,
and I'll forget about whatever was undefined.

! Undefined control sequence.
<argument> ...lace \{t\} &= \int _0^{\infty } t\e 
                                                  ^{-st}\,\diff t 
l.209 \end{align}
                 
The control sequence at the end of the top line
of your error message was never \def'ed. If you have
misspelled it (e.g., `\hobx'), type `I' and the correct
spelling (e.g., `I\hbox'). Otherwise just continue,
and I'll forget about whatever was undefined.

! Undefined control sequence.
<argument> ...\int _0^{\infty } t\e ^{-st}\,\diff 
                                                  t 
l.209 \end{align}
                 
The control sequence at the end of the top line
of your error message was never \def'ed. If you have
misspelled it (e.g., `\hobx'), type `I' and the correct
spelling (e.g., `I\hbox'). Otherwise just continue,
and I'll forget about whatever was undefined.

! Undefined control sequence.
<argument> ...lace \{t\} &= \int _0^{\infty } t\e 
                                                  ^{-st}\,\diff t 
l.209 \end{align}
                 
The control sequence at the end of the top line
of your error message was never \def'ed. If you have
misspelled it (e.g., `\hobx'), type `I' and the correct
spelling (e.g., `I\hbox'). Otherwise just continue,
and I'll forget about whatever was undefined.

! Undefined control sequence.
<argument> ...\int _0^{\infty } t\e ^{-st}\,\diff 
                                                  t 
l.209 \end{align}
                 
The control sequence at the end of the top line
of your error message was never \def'ed. If you have
misspelled it (e.g., `\hobx'), type `I' and the correct
spelling (e.g., `I\hbox'). Otherwise just continue,
and I'll forget about whatever was undefined.

! Undefined control sequence.
<recently read> \diff 
                      
l.210 ...egration by parts with $u = t$ and $\diff
                                                   v = \e^{-st}\diff t$:
The control sequence at the end of the top line
of your error message was never \def'ed. If you have
misspelled it (e.g., `\hobx'), type `I' and the correct
spelling (e.g., `I\hbox'). Otherwise just continue,
and I'll forget about whatever was undefined.

! Undefined control sequence.
l.210 ...n by parts with $u = t$ and $\diff v = \e
                                                  ^{-st}\diff t$:
The control sequence at the end of the top line
of your error message was never \def'ed. If you have
misspelled it (e.g., `\hobx'), type `I' and the correct
spelling (e.g., `I\hbox'). Otherwise just continue,
and I'll forget about whatever was undefined.

! Undefined control sequence.
l.210 ...with $u = t$ and $\diff v = \e^{-st}\diff
                                                   t$:
The control sequence at the end of the top line
of your error message was never \def'ed. If you have
misspelled it (e.g., `\hobx'), type `I' and the correct
spelling (e.g., `I\hbox'). Otherwise just continue,
and I'll forget about whatever was undefined.

! Undefined control sequence.
<argument> ...ace \{t\} &= \left [-\frac {t}{s}\e 
                                                  ^{-st}\right ]_0^{\infty }...
l.215 \end{align}
                 
The control sequence at the end of the top line
of your error message was never \def'ed. If you have
misspelled it (e.g., `\hobx'), type `I' and the correct
spelling (e.g., `I\hbox'). Otherwise just continue,
and I'll forget about whatever was undefined.

! Undefined control sequence.
<argument> ...} + \frac {1}{s}\int _0^{\infty }\e 
                                                  ^{-st}\,\diff t \nonumber ...
l.215 \end{align}
                 
The control sequence at the end of the top line
of your error message was never \def'ed. If you have
misspelled it (e.g., `\hobx'), type `I' and the correct
spelling (e.g., `I\hbox'). Otherwise just continue,
and I'll forget about whatever was undefined.

! Double superscript.
<argument> ... + \frac {1}{s}\int _0^{\infty }\e ^
                                                  {-st}\,\diff t \nonumber \...
l.215 \end{align}
                 
I treat `x^1^2' essentially like `x^1{}^2'.

! Undefined control sequence.
<argument> ...s}\int _0^{\infty }\e ^{-st}\,\diff 
                                                  t \nonumber \\ &= 0 + \fra...
l.215 \end{align}
                 
The control sequence at the end of the top line
of your error message was never \def'ed. If you have
misspelled it (e.g., `\hobx'), type `I' and the correct
spelling (e.g., `I\hbox'). Otherwise just continue,
and I'll forget about whatever was undefined.

! Undefined control sequence.
<argument> ...ace \{t\} &= \left [-\frac {t}{s}\e 
                                                  ^{-st}\right ]_0^{\infty }...
l.215 \end{align}
                 
The control sequence at the end of the top line
of your error message was never \def'ed. If you have
misspelled it (e.g., `\hobx'), type `I' and the correct
spelling (e.g., `I\hbox'). Otherwise just continue,
and I'll forget about whatever was undefined.

! Undefined control sequence.
<argument> ...} + \frac {1}{s}\int _0^{\infty }\e 
                                                  ^{-st}\,\diff t \nonumber ...
l.215 \end{align}
                 
The control sequence at the end of the top line
of your error message was never \def'ed. If you have
misspelled it (e.g., `\hobx'), type `I' and the correct
spelling (e.g., `I\hbox'). Otherwise just continue,
and I'll forget about whatever was undefined.

! Double superscript.
<argument> ... + \frac {1}{s}\int _0^{\infty }\e ^
                                                  {-st}\,\diff t \nonumber \...
l.215 \end{align}
                 
I treat `x^1^2' essentially like `x^1{}^2'.

! Undefined control sequence.
<argument> ...s}\int _0^{\infty }\e ^{-st}\,\diff 
                                                  t \nonumber \\ &= 0 + \fra...
l.215 \end{align}
                 
The control sequence at the end of the top line
of your error message was never \def'ed. If you have
misspelled it (e.g., `\hobx'), type `I' and the correct
spelling (e.g., `I\hbox'). Otherwise just continue,
and I'll forget about whatever was undefined.

! Undefined control sequence.
l.219 For $f(t) = \e
                    ^{-at}u(t)$:
The control sequence at the end of the top line
of your error message was never \def'ed. If you have
misspelled it (e.g., `\hobx'), type `I' and the correct
spelling (e.g., `I\hbox'). Otherwise just continue,
and I'll forget about whatever was undefined.

! Undefined control sequence.
<argument>  \Laplace \{\e 
                          ^{-at}\} &= \int _0^{\infty } \e ^{-at}\e ^{-st}\,...
l.224 \end{align}
                 
The control sequence at the end of the top line
of your error message was never \def'ed. If you have
misspelled it (e.g., `\hobx'), type `I' and the correct
spelling (e.g., `I\hbox'). Otherwise just continue,
and I'll forget about whatever was undefined.

! Undefined control sequence.
<argument> ...\e ^{-at}\} &= \int _0^{\infty } \e 
                                                  ^{-at}\e ^{-st}\,\diff t =...
l.224 \end{align}
                 
The control sequence at the end of the top line
of your error message was never \def'ed. If you have
misspelled it (e.g., `\hobx'), type `I' and the correct
spelling (e.g., `I\hbox'). Otherwise just continue,
and I'll forget about whatever was undefined.

! Double superscript.
<argument> ...e ^{-at}\} &= \int _0^{\infty } \e ^
                                                  {-at}\e ^{-st}\,\diff t = ...
l.224 \end{align}
                 
I treat `x^1^2' essentially like `x^1{}^2'.

! Undefined control sequence.
<argument> ...\} &= \int _0^{\infty } \e ^{-at}\e 
                                                  ^{-st}\,\diff t = \int _0^...
l.224 \end{align}
                 
The control sequence at the end of the top line
of your error message was never \def'ed. If you have
misspelled it (e.g., `\hobx'), type `I' and the correct
spelling (e.g., `I\hbox'). Otherwise just continue,
and I'll forget about whatever was undefined.

! Double superscript.
<argument> ...} &= \int _0^{\infty } \e ^{-at}\e ^
                                                  {-st}\,\diff t = \int _0^{...
l.224 \end{align}
                 
I treat `x^1^2' essentially like `x^1{}^2'.

! Undefined control sequence.
<argument> ...{\infty } \e ^{-at}\e ^{-st}\,\diff 
                                                  t = \int _0^{\infty } \e ^...
l.224 \end{align}
                 
The control sequence at the end of the top line
of your error message was never \def'ed. If you have
misspelled it (e.g., `\hobx'), type `I' and the correct
spelling (e.g., `I\hbox'). Otherwise just continue,
and I'll forget about whatever was undefined.

! Undefined control sequence.
<argument> ...st}\,\diff t = \int _0^{\infty } \e 
                                                  ^{-(s+a)t}\,\diff t \nonum...
l.224 \end{align}
                 
The control sequence at the end of the top line
of your error message was never \def'ed. If you have
misspelled it (e.g., `\hobx'), type `I' and the correct
spelling (e.g., `I\hbox'). Otherwise just continue,
and I'll forget about whatever was undefined.

! Double superscript.
<argument> ...t}\,\diff t = \int _0^{\infty } \e ^
                                                  {-(s+a)t}\,\diff t \nonumb...
l.224 \end{align}
                 
I treat `x^1^2' essentially like `x^1{}^2'.

! Undefined control sequence.
<argument> ...t _0^{\infty } \e ^{-(s+a)t}\,\diff 
                                                  t \nonumber \\ &= \left [-...
l.224 \end{align}
                 
The control sequence at the end of the top line
of your error message was never \def'ed. If you have
misspelled it (e.g., `\hobx'), type `I' and the correct
spelling (e.g., `I\hbox'). Otherwise just continue,
and I'll forget about whatever was undefined.

! Undefined control sequence.
<argument> ...mber \\ &= \left [-\frac {1}{s+a}\e 
                                                  ^{-(s+a)t}\right ]_0^{\inf...
l.224 \end{align}
                 
The control sequence at the end of the top line
of your error message was never \def'ed. If you have
misspelled it (e.g., `\hobx'), type `I' and the correct
spelling (e.g., `I\hbox'). Otherwise just continue,
and I'll forget about whatever was undefined.

! Undefined control sequence.
<argument>  \Laplace \{\e 
                          ^{-at}\} &= \int _0^{\infty } \e ^{-at}\e ^{-st}\,...
l.224 \end{align}
                 
The control sequence at the end of the top line
of your error message was never \def'ed. If you have
misspelled it (e.g., `\hobx'), type `I' and the correct
spelling (e.g., `I\hbox'). Otherwise just continue,
and I'll forget about whatever was undefined.

! Undefined control sequence.
<argument> ...\e ^{-at}\} &= \int _0^{\infty } \e 
                                                  ^{-at}\e ^{-st}\,\diff t =...
l.224 \end{align}
                 
The control sequence at the end of the top line
of your error message was never \def'ed. If you have
misspelled it (e.g., `\hobx'), type `I' and the correct
spelling (e.g., `I\hbox'). Otherwise just continue,
and I'll forget about whatever was undefined.

! Double superscript.
<argument> ...e ^{-at}\} &= \int _0^{\infty } \e ^
                                                  {-at}\e ^{-st}\,\diff t = ...
l.224 \end{align}
                 
I treat `x^1^2' essentially like `x^1{}^2'.

! Undefined control sequence.
<argument> ...\} &= \int _0^{\infty } \e ^{-at}\e 
                                                  ^{-st}\,\diff t = \int _0^...
l.224 \end{align}
                 
The control sequence at the end of the top line
of your error message was never \def'ed. If you have
misspelled it (e.g., `\hobx'), type `I' and the correct
spelling (e.g., `I\hbox'). Otherwise just continue,
and I'll forget about whatever was undefined.

! Double superscript.
<argument> ...} &= \int _0^{\infty } \e ^{-at}\e ^
                                                  {-st}\,\diff t = \int _0^{...
l.224 \end{align}
                 
I treat `x^1^2' essentially like `x^1{}^2'.

! Undefined control sequence.
<argument> ...{\infty } \e ^{-at}\e ^{-st}\,\diff 
                                                  t = \int _0^{\infty } \e ^...
l.224 \end{align}
                 
The control sequence at the end of the top line
of your error message was never \def'ed. If you have
misspelled it (e.g., `\hobx'), type `I' and the correct
spelling (e.g., `I\hbox'). Otherwise just continue,
and I'll forget about whatever was undefined.

! Undefined control sequence.
<argument> ...st}\,\diff t = \int _0^{\infty } \e 
                                                  ^{-(s+a)t}\,\diff t \nonum...
l.224 \end{align}
                 
The control sequence at the end of the top line
of your error message was never \def'ed. If you have
misspelled it (e.g., `\hobx'), type `I' and the correct
spelling (e.g., `I\hbox'). Otherwise just continue,
and I'll forget about whatever was undefined.

! Double superscript.
<argument> ...t}\,\diff t = \int _0^{\infty } \e ^
                                                  {-(s+a)t}\,\diff t \nonumb...
l.224 \end{align}
                 
I treat `x^1^2' essentially like `x^1{}^2'.

! Undefined control sequence.
<argument> ...t _0^{\infty } \e ^{-(s+a)t}\,\diff 
                                                  t \nonumber \\ &= \left [-...
l.224 \end{align}
                 
The control sequence at the end of the top line
of your error message was never \def'ed. If you have
misspelled it (e.g., `\hobx'), type `I' and the correct
spelling (e.g., `I\hbox'). Otherwise just continue,
and I'll forget about whatever was undefined.

! Undefined control sequence.
<argument> ...mber \\ &= \left [-\frac {1}{s+a}\e 
                                                  ^{-(s+a)t}\right ]_0^{\inf...
l.224 \end{align}
                 
The control sequence at the end of the top line
of your error message was never \def'ed. If you have
misspelled it (e.g., `\hobx'), type `I' and the correct
spelling (e.g., `I\hbox'). Otherwise just continue,
and I'll forget about whatever was undefined.

! Undefined control sequence.
l.229 ...formula, $\cos(\omega t) = \frac{1}{2}(\e
                                                  ^{\j\omega t} + \e^{-\j\om...
The control sequence at the end of the top line
of your error message was never \def'ed. If you have
misspelled it (e.g., `\hobx'), type `I' and the correct
spelling (e.g., `I\hbox'). Otherwise just continue,
and I'll forget about whatever was undefined.


LaTeX Warning: Command \j invalid in math mode on input line 229.

! Undefined control sequence.
l.229 ...ega t) = \frac{1}{2}(\e^{\j\omega t} + \e
                                                  ^{-\j\omega t})$:
The control sequence at the end of the top line
of your error message was never \def'ed. If you have
misspelled it (e.g., `\hobx'), type `I' and the correct
spelling (e.g., `I\hbox'). Otherwise just continue,
and I'll forget about whatever was undefined.


LaTeX Warning: Command \j invalid in math mode on input line 229.


LaTeX Warning: Command \j invalid in math mode on input line 234.


LaTeX Warning: Command \j invalid in math mode on input line 234.


LaTeX Warning: Command \j invalid in math mode on input line 234.


LaTeX Warning: Command \j invalid in math mode on input line 234.



[56]

! LaTeX Error: Environment property undefined.

See the LaTeX manual or LaTeX Companion for explanation.
Type  H <return>  for immediate help.
 ...                                              
                                                  
l.244 \begin{property}
                      [Linearity]
Your command was ignored.
Type  I <command> <return>  to replace it with another command,
or  <return>  to continue without it.


! LaTeX Error: \begin{document} ended by \end{property}.

See the LaTeX manual or LaTeX Companion for explanation.
Type  H <return>  for immediate help.
 ...                                              
                                                  
l.249 \end{property}
                    
Your command was ignored.
Type  I <command> <return>  to replace it with another command,
or  <return>  to continue without it.


! LaTeX Error: Environment property undefined.

See the LaTeX manual or LaTeX Companion for explanation.
Type  H <return>  for immediate help.
 ...                                              
                                                  
l.251 \begin{property}
                      [Differentiation in Time]
Your command was ignored.
Type  I <command> <return>  to replace it with another command,
or  <return>  to continue without it.

! Undefined control sequence.
<argument> \diff 
                 f
l.254 \Laplace\left\{\frac{\diff f}{\diff t}
                                            \right\} = sF(s) - f(0^-)
The control sequence at the end of the top line
of your error message was never \def'ed. If you have
misspelled it (e.g., `\hobx'), type `I' and the correct
spelling (e.g., `I\hbox'). Otherwise just continue,
and I'll forget about whatever was undefined.

! Undefined control sequence.
<argument> \diff 
                 t
l.254 \Laplace\left\{\frac{\diff f}{\diff t}
                                            \right\} = sF(s) - f(0^-)
The control sequence at the end of the top line
of your error message was never \def'ed. If you have
misspelled it (e.g., `\hobx'), type `I' and the correct
spelling (e.g., `I\hbox'). Otherwise just continue,
and I'll forget about whatever was undefined.


! LaTeX Error: \begin{document} ended by \end{property}.

See the LaTeX manual or LaTeX Companion for explanation.
Type  H <return>  for immediate help.
 ...                                              
                                                  
l.258 \end{property}
                    
Your command was ignored.
Type  I <command> <return>  to replace it with another command,
or  <return>  to continue without it.

! Undefined control sequence.
<argument> \diff 
                 f
l.266 \end{align}
                 
The control sequence at the end of the top line
of your error message was never \def'ed. If you have
misspelled it (e.g., `\hobx'), type `I' and the correct
spelling (e.g., `I\hbox'). Otherwise just continue,
and I'll forget about whatever was undefined.

! Undefined control sequence.
<argument> \diff 
                 t
l.266 \end{align}
                 
The control sequence at the end of the top line
of your error message was never \def'ed. If you have
misspelled it (e.g., `\hobx'), type `I' and the correct
spelling (e.g., `I\hbox'). Otherwise just continue,
and I'll forget about whatever was undefined.

! Undefined control sequence.
<argument> \diff 
                 f
l.266 \end{align}
                 
The control sequence at the end of the top line
of your error message was never \def'ed. If you have
misspelled it (e.g., `\hobx'), type `I' and the correct
spelling (e.g., `I\hbox'). Otherwise just continue,
and I'll forget about whatever was undefined.

! Undefined control sequence.
<argument> \diff 
                 t
l.266 \end{align}
                 
The control sequence at the end of the top line
of your error message was never \def'ed. If you have
misspelled it (e.g., `\hobx'), type `I' and the correct
spelling (e.g., `I\hbox'). Otherwise just continue,
and I'll forget about whatever was undefined.

! Undefined control sequence.
<argument> ...\infty } \frac {\diff f}{\diff t}\e 
                                                  ^{-st}\,\diff t \nonumber ...
l.266 \end{align}
                 
The control sequence at the end of the top line
of your error message was never \def'ed. If you have
misspelled it (e.g., `\hobx'), type `I' and the correct
spelling (e.g., `I\hbox'). Otherwise just continue,
and I'll forget about whatever was undefined.

! Undefined control sequence.
<argument> ... {\diff f}{\diff t}\e ^{-st}\,\diff 
                                                  t \nonumber \\ &= \left [f...
l.266 \end{align}
                 
The control sequence at the end of the top line
of your error message was never \def'ed. If you have
misspelled it (e.g., `\hobx'), type `I' and the correct
spelling (e.g., `I\hbox'). Otherwise just continue,
and I'll forget about whatever was undefined.

! Undefined control sequence.
<argument> ...iff t \nonumber \\ &= \left [f(t)\e 
                                                  ^{-st}\right ]_0^{\infty }...
l.266 \end{align}
                 
The control sequence at the end of the top line
of your error message was never \def'ed. If you have
misspelled it (e.g., `\hobx'), type `I' and the correct
spelling (e.g., `I\hbox'). Otherwise just continue,
and I'll forget about whatever was undefined.

! Undefined control sequence.
<argument> ...infty } + s\int _0^{\infty } f(t)\e 
                                                  ^{-st}\,\diff t \nonumber ...
l.266 \end{align}
                 
The control sequence at the end of the top line
of your error message was never \def'ed. If you have
misspelled it (e.g., `\hobx'), type `I' and the correct
spelling (e.g., `I\hbox'). Otherwise just continue,
and I'll forget about whatever was undefined.

! Undefined control sequence.
<argument> ...t _0^{\infty } f(t)\e ^{-st}\,\diff 
                                                  t \nonumber \\ &= 0 - f(0^...
l.266 \end{align}
                 
The control sequence at the end of the top line
of your error message was never \def'ed. If you have
misspelled it (e.g., `\hobx'), type `I' and the correct
spelling (e.g., `I\hbox'). Otherwise just continue,
and I'll forget about whatever was undefined.

! Undefined control sequence.
<argument> \diff 
                 f
l.266 \end{align}
                 
The control sequence at the end of the top line
of your error message was never \def'ed. If you have
misspelled it (e.g., `\hobx'), type `I' and the correct
spelling (e.g., `I\hbox'). Otherwise just continue,
and I'll forget about whatever was undefined.

! Undefined control sequence.
<argument> \diff 
                 t
l.266 \end{align}
                 
The control sequence at the end of the top line
of your error message was never \def'ed. If you have
misspelled it (e.g., `\hobx'), type `I' and the correct
spelling (e.g., `I\hbox'). Otherwise just continue,
and I'll forget about whatever was undefined.

! Undefined control sequence.
<argument> \diff 
                 f
l.266 \end{align}
                 
The control sequence at the end of the top line
of your error message was never \def'ed. If you have
misspelled it (e.g., `\hobx'), type `I' and the correct
spelling (e.g., `I\hbox'). Otherwise just continue,
and I'll forget about whatever was undefined.

! Undefined control sequence.
<argument> \diff 
                 t
l.266 \end{align}
                 
The control sequence at the end of the top line
of your error message was never \def'ed. If you have
misspelled it (e.g., `\hobx'), type `I' and the correct
spelling (e.g., `I\hbox'). Otherwise just continue,
and I'll forget about whatever was undefined.

! Undefined control sequence.
<argument> ...\infty } \frac {\diff f}{\diff t}\e 
                                                  ^{-st}\,\diff t \nonumber ...
l.266 \end{align}
                 
The control sequence at the end of the top line
of your error message was never \def'ed. If you have
misspelled it (e.g., `\hobx'), type `I' and the correct
spelling (e.g., `I\hbox'). Otherwise just continue,
and I'll forget about whatever was undefined.

! Undefined control sequence.
<argument> ... {\diff f}{\diff t}\e ^{-st}\,\diff 
                                                  t \nonumber \\ &= \left [f...
l.266 \end{align}
                 
The control sequence at the end of the top line
of your error message was never \def'ed. If you have
misspelled it (e.g., `\hobx'), type `I' and the correct
spelling (e.g., `I\hbox'). Otherwise just continue,
and I'll forget about whatever was undefined.

! Undefined control sequence.
<argument> ...iff t \nonumber \\ &= \left [f(t)\e 
                                                  ^{-st}\right ]_0^{\infty }...
l.266 \end{align}
                 
The control sequence at the end of the top line
of your error message was never \def'ed. If you have
misspelled it (e.g., `\hobx'), type `I' and the correct
spelling (e.g., `I\hbox'). Otherwise just continue,
and I'll forget about whatever was undefined.

! Undefined control sequence.
<argument> ...infty } + s\int _0^{\infty } f(t)\e 
                                                  ^{-st}\,\diff t \nonumber ...
l.266 \end{align}
                 
The control sequence at the end of the top line
of your error message was never \def'ed. If you have
misspelled it (e.g., `\hobx'), type `I' and the correct
spelling (e.g., `I\hbox'). Otherwise just continue,
and I'll forget about whatever was undefined.

! Undefined control sequence.
<argument> ...t _0^{\infty } f(t)\e ^{-st}\,\diff 
                                                  t \nonumber \\ &= 0 - f(0^...
l.266 \end{align}
                 
The control sequence at the end of the top line
of your error message was never \def'ed. If you have
misspelled it (e.g., `\hobx'), type `I' and the correct
spelling (e.g., `I\hbox'). Otherwise just continue,
and I'll forget about whatever was undefined.

! Undefined control sequence.
<recently read> \e 
                   
l.267 assuming $f(t)$ grows slower than $\e
                                           ^{\sigma t}$ for some $\sigma$.
The control sequence at the end of the top line
of your error message was never \def'ed. If you have
misspelled it (e.g., `\hobx'), type `I' and the correct
spelling (e.g., `I\hbox'). Otherwise just continue,
and I'll forget about whatever was undefined.

! Undefined control sequence.
<argument> \diff 
                 ^2 f
l.272 \Laplace\left\{\frac{\diff^2 f}{\diff t^2}
                                                \right\} = s^2F(s) - sf(0^-)...
The control sequence at the end of the top line
of your error message was never \def'ed. If you have
misspelled it (e.g., `\hobx'), type `I' and the correct
spelling (e.g., `I\hbox'). Otherwise just continue,
and I'll forget about whatever was undefined.

! Undefined control sequence.
<argument> \diff 
                 t^2
l.272 \Laplace\left\{\frac{\diff^2 f}{\diff t^2}
                                                \right\} = s^2F(s) - sf(0^-)...
The control sequence at the end of the top line
of your error message was never \def'ed. If you have
misspelled it (e.g., `\hobx'), type `I' and the correct
spelling (e.g., `I\hbox'). Otherwise just continue,
and I'll forget about whatever was undefined.


! LaTeX Error: Environment property undefined.

See the LaTeX manual or LaTeX Companion for explanation.
Type  H <return>  for immediate help.
 ...                                              
                                                  
l.276 \begin{property}
                      [Integration in Time]
Your command was ignored.
Type  I <command> <return>  to replace it with another command,
or  <return>  to continue without it.

! Undefined control sequence.
l.278 \Laplace\left\{\int_0^t f(\tau)\,\diff
                                            \tau\right\} = \frac{F(s)}{s}
The control sequence at the end of the top line
of your error message was never \def'ed. If you have
misspelled it (e.g., `\hobx'), type `I' and the correct
spelling (e.g., `I\hbox'). Otherwise just continue,
and I'll forget about whatever was undefined.


! LaTeX Error: \begin{document} ended by \end{property}.

See the LaTeX manual or LaTeX Companion for explanation.
Type  H <return>  for immediate help.
 ...                                              
                                                  
l.280 \end{property}
                    
Your command was ignored.
Type  I <command> <return>  to replace it with another command,
or  <return>  to continue without it.


! LaTeX Error: Environment property undefined.

See the LaTeX manual or LaTeX Companion for explanation.
Type  H <return>  for immediate help.
 ...                                              
                                                  
l.282 \begin{property}
                      [Frequency Shift]
Your command was ignored.
Type  I <command> <return>  to replace it with another command,
or  <return>  to continue without it.

! Undefined control sequence.
l.284 \Laplace\{\e
                  ^{-at}f(t)\} = F(s+a)
The control sequence at the end of the top line
of your error message was never \def'ed. If you have
misspelled it (e.g., `\hobx'), type `I' and the correct
spelling (e.g., `I\hbox'). Otherwise just continue,
and I'll forget about whatever was undefined.


! LaTeX Error: \begin{document} ended by \end{property}.

See the LaTeX manual or LaTeX Companion for explanation.
Type  H <return>  for immediate help.
 ...                                              
                                                  
l.286 \end{property}
                    
Your command was ignored.
Type  I <command> <return>  to replace it with another command,
or  <return>  to continue without it.


! LaTeX Error: Environment property undefined.

See the LaTeX manual or LaTeX Companion for explanation.
Type  H <return>  for immediate help.
 ...                                              
                                                  
l.288 \begin{property}
                      [Time Delay]
Your command was ignored.
Type  I <command> <return>  to replace it with another command,
or  <return>  to continue without it.

! Undefined control sequence.
l.290 \Laplace\{f(t-\tau)u(t-\tau)\} = \e
                                         ^{-\tau s}F(s)
The control sequence at the end of the top line
of your error message was never \def'ed. If you have
misspelled it (e.g., `\hobx'), type `I' and the correct
spelling (e.g., `I\hbox'). Otherwise just continue,
and I'll forget about whatever was undefined.


! LaTeX Error: \begin{document} ended by \end{property}.

See the LaTeX manual or LaTeX Companion for explanation.
Type  H <return>  for immediate help.
 ...                                              
                                                  
l.292 \end{property}
                    
Your command was ignored.
Type  I <command> <return>  to replace it with another command,
or  <return>  to continue without it.


! LaTeX Error: Environment property undefined.

See the LaTeX manual or LaTeX Companion for explanation.
Type  H <return>  for immediate help.
 ...                                              
                                                  
l.294 \begin{property}
                      [Final Value Theorem]
Your command was ignored.
Type  I <command> <return>  to replace it with another command,
or  <return>  to continue without it.


! LaTeX Error: \begin{document} ended by \end{property}.

See the LaTeX manual or LaTeX Companion for explanation.
Type  H <return>  for immediate help.
 ...                                              
                                                  
l.300 \end{property}
                    
Your command was ignored.
Type  I <command> <return>  to replace it with another command,
or  <return>  to continue without it.


! LaTeX Error: Environment property undefined.

See the LaTeX manual or LaTeX Companion for explanation.
Type  H <return>  for immediate help.
 ...                                              
                                                  
l.302 \begin{property}
                      [Initial Value Theorem]
Your command was ignored.
Type  I <command> <return>  to replace it with another command,
or  <return>  to continue without it.


! LaTeX Error: \begin{document} ended by \end{property}.

See the LaTeX manual or LaTeX Companion for explanation.
Type  H <return>  for immediate help.
 ...                                              
                                                  
l.306 \end{property}
                    
Your command was ignored.
Type  I <command> <return>  to replace it with another command,
or  <return>  to continue without it.

! Undefined control sequence.
<recently read> \e 
                   
l.320 $\e
         ^{-at}$ & $\dfrac{1}{s+a}$ \\
The control sequence at the end of the top line
of your error message was never \def'ed. If you have
misspelled it (e.g., `\hobx'), type `I' and the correct
spelling (e.g., `I\hbox'). Otherwise just continue,
and I'll forget about whatever was undefined.

! Undefined control sequence.
l.321 $t\e
          ^{-at}$ & $\dfrac{1}{(s+a)^2}$ \\
The control sequence at the end of the top line
of your error message was never \def'ed. If you have
misspelled it (e.g., `\hobx'), type `I' and the correct
spelling (e.g., `I\hbox'). Otherwise just continue,
and I'll forget about whatever was undefined.

! Undefined control sequence.
<recently read> \e 
                   
l.324 $\e
         ^{-at}\sin(\omega t)$ & $\dfrac{\omega}{(s+a)^2+\omega^2}$ \\
The control sequence at the end of the top line
of your error message was never \def'ed. If you have
misspelled it (e.g., `\hobx'), type `I' and the correct
spelling (e.g., `I\hbox'). Otherwise just continue,
and I'll forget about whatever was undefined.

! Undefined control sequence.
<recently read> \e 
                   
l.325 $\e
         ^{-at}\cos(\omega t)$ & $\dfrac{s+a}{(s+a)^2+\omega^2}$ \\
The control sequence at the end of the top line
of your error message was never \def'ed. If you have
misspelled it (e.g., `\hobx'), type `I' and the correct
spelling (e.g., `I\hbox'). Otherwise just continue,
and I'll forget about whatever was undefined.



[57]

LaTeX Warning: `h' float specifier changed to `ht'.



[58]
! Undefined control sequence.
<recently read> \e 
                   
l.435 ...s. Each pole $p_i$ contributes a term $\e
                                                  ^{p_i t}$ to the time resp...
The control sequence at the end of the top line
of your error message was never \def'ed. If you have
misspelled it (e.g., `\hobx'), type `I' and the correct
spelling (e.g., `I\hbox'). Otherwise just continue,
and I'll forget about whatever was undefined.

! Undefined control sequence.
<recently read> \e 
                   
l.438 ...ole} ($p = -a$, $a > 0$): Contributes $\e
                                                  ^{-at}$, a decaying expone...
The control sequence at the end of the top line
of your error message was never \def'ed. If you have
misspelled it (e.g., `\hobx'), type `I' and the correct
spelling (e.g., `I\hbox'). Otherwise just continue,
and I'll forget about whatever was undefined.



[59]
! Undefined control sequence.
<recently read> \e 
                   
l.439 ...pole} ($p = a$, $a > 0$): Contributes $\e
                                                  ^{at}$, a growing exponent...
The control sequence at the end of the top line
of your error message was never \def'ed. If you have
misspelled it (e.g., `\hobx'), type `I' and the correct
spelling (e.g., `I\hbox'). Otherwise just continue,
and I'll forget about whatever was undefined.


LaTeX Warning: Command \j invalid in math mode on input line 440.

! Undefined control sequence.
<recently read> \e 
                   
l.440 ... -\sigma \pm \j\omega_d$): Contribute $\e
                                                  ^{-\sigma t}[\cos(\omega_d...
The control sequence at the end of the top line
of your error message was never \def'ed. If you have
misspelled it (e.g., `\hobx'), type `I' and the correct
spelling (e.g., `I\hbox'). Otherwise just continue,
and I'll forget about whatever was undefined.


LaTeX Warning: Command \j invalid in math mode on input line 441.


LaTeX Warning: Command \j invalid in math mode on input line 487.


LaTeX Warning: Command \j invalid in math mode on input line 492.


LaTeX Warning: Command \j invalid in math mode on input line 493.


LaTeX Warning: Command \j invalid in math mode on input line 494.


LaTeX Warning: Command \j invalid in math mode on input line 501.


LaTeX Warning: Command \j invalid in math mode on input line 501.


LaTeX Warning: `h' float specifier changed to `ht'.


LaTeX Warning: `h' float specifier changed to `ht'.


LaTeX Warning: `h' float specifier changed to `ht'.



[60]

LaTeX Warning: `h' float specifier changed to `ht'.


LaTeX Warning: `h' float specifier changed to `ht'.



[61]

LaTeX Warning: `h' float specifier changed to `ht'.



[62]
\absvshift=\dimen336
\absvshift=\dimen337


LaTeX Warning: `h' float specifier changed to `ht'.

! Undefined control sequence.
<argument> \diff 
                 v_{\text {out}}
l.795 i(t) = C\frac{\diff v_{\text{out}}}{\diff t}
                                                  
The control sequence at the end of the top line
of your error message was never \def'ed. If you have
misspelled it (e.g., `\hobx'), type `I' and the correct
spelling (e.g., `I\hbox'). Otherwise just continue,
and I'll forget about whatever was undefined.

! Undefined control sequence.
<argument> \diff 
                 t
l.795 i(t) = C\frac{\diff v_{\text{out}}}{\diff t}
                                                  
The control sequence at the end of the top line
of your error message was never \def'ed. If you have
misspelled it (e.g., `\hobx'), type `I' and the correct
spelling (e.g., `I\hbox'). Otherwise just continue,
and I'll forget about whatever was undefined.

! Undefined control sequence.
<argument> \diff 
                 v_{\text {out}}
l.800 ... = RC\frac{\diff v_{\text{out}}}{\diff t}
                                                   + v_{\text{out}}
The control sequence at the end of the top line
of your error message was never \def'ed. If you have
misspelled it (e.g., `\hobx'), type `I' and the correct
spelling (e.g., `I\hbox'). Otherwise just continue,
and I'll forget about whatever was undefined.

! Undefined control sequence.
<argument> \diff 
                 t
l.800 ... = RC\frac{\diff v_{\text{out}}}{\diff t}
                                                   + v_{\text{out}}
The control sequence at the end of the top line
of your error message was never \def'ed. If you have
misspelled it (e.g., `\hobx'), type `I' and the correct
spelling (e.g., `I\hbox'). Otherwise just continue,
and I'll forget about whatever was undefined.



[63]

LaTeX Warning: Command \j invalid in math mode on input line 819.


LaTeX Warning: Command \j invalid in math mode on input line 821.


LaTeX Warning: Command \j invalid in math mode on input line 821.


LaTeX Warning: Command \j invalid in math mode on input line 821.


LaTeX Warning: Command \j invalid in math mode on input line 834.


LaTeX Warning: Command \j invalid in math mode on input line 834.


LaTeX Warning: Command \j invalid in math mode on input line 834.


LaTeX Warning: Command \j invalid in math mode on input line 834.

Missing character: There is no ° (U+00B0) in font cmr12!


[64]

LaTeX Warning: `h' float specifier changed to `ht'.


! Package Listings Error: Couldn't load requested style.

See the Listings package documentation for explanation.
Type  H <return>  for immediate help.
 ...                                              
                                                  
l.910 ...ulation of cascaded first-order systems}]
                                                  
The following styles weren't loadable:
    ,pythonstyle$
This may cause errors in the sequel.


! Package Listings Error: style pythonstyle undefined.

See the Listings package documentation for explanation.
Type  H <return>  for immediate help.
 ...                                              
                                                  
l.910 ...ulation of cascaded first-order systems}]
                                                  
The style is not loadable. Try typing  <return>  to proceed.
If that doesn't work, type  X <return>  to quit.



[65]

[66]
Overfull \hbox (12.37198pt too wide) in paragraph at lines 978--979
[][]\T1/ptm/b/n/12 Ex-am-ple 3.2 \T1/ptm/m/n/12 (Trans-fer Func-tion of an RLC 
Cir-cuit)\T1/ptm/b/n/12 . []\T1/ptm/m/n/12 Find the trans-fer func-tion $\OML/c
mm/m/it/12 H\OT1/cmr/m/n/12 (\OML/cmm/m/it/12 s\OT1/cmr/m/n/12 ) = \OML/cmm/m/i
t/12 V[]\OT1/cmr/m/n/12 (\OML/cmm/m/it/12 s\OT1/cmr/m/n/12 )\OML/cmm/m/it/12 =V[]\OT1/cmr/m/n/12 (\OML/cmm/m/it/12 s\OT1/cmr/m/n/12 )$
 []

\absvshift=\dimen338
\absvshift=\dimen339


[67]

LaTeX Warning: Command \j invalid in math mode on input line 1092.



[68]

LaTeX Warning: Command \j invalid in math mode on input line 1094.


LaTeX Warning: Command \j invalid in math mode on input line 1094.


LaTeX Warning: Command \j invalid in math mode on input line 1114.


LaTeX Warning: Command \j invalid in math mode on input line 1117.


LaTeX Warning: Command \j invalid in math mode on input line 1121.


LaTeX Warning: Command \j invalid in math mode on input line 1122.



[69]
! Undefined control sequence.
<argument> ...ystyle y(t) = 2.5 - \frac {10}{3}\e 
                                                  ^{-t} + \frac {5}{6}\e ^{-...
l.1197 ...} + \frac{5}{6}\e^{-4t}, \quad t \geq 0}
                                                  
The control sequence at the end of the top line
of your error message was never \def'ed. If you have
misspelled it (e.g., `\hobx'), type `I' and the correct
spelling (e.g., `I\hbox'). Otherwise just continue,
and I'll forget about whatever was undefined.

! Undefined control sequence.
<argument> ...ac {10}{3}\e ^{-t} + \frac {5}{6}\e 
                                                  ^{-4t}, \quad t \geq 0$
l.1197 ...} + \frac{5}{6}\e^{-4t}, \quad t \geq 0}
                                                  
The control sequence at the end of the top line
of your error message was never \def'ed. If you have
misspelled it (e.g., `\hobx'), type `I' and the correct
spelling (e.g., `I\hbox'). Otherwise just continue,
and I'll forget about whatever was undefined.


Overfull \hbox (5.03275pt too wide) in paragraph at lines 1215--1216
[]\T1/ptm/b/n/12 His-tor-i-cal con-text: \T1/ptm/m/n/12 Trans-fer func-tions evo
lved from Heav-i-side's op-er-a-tional cal-cu-lus (1880s)
 []

! Undefined control sequence.
l.1217 ...l transform $F(s) = \int_0^\infty f(t)\e
                                                  ^{-st}\,\diff t$ converts ...
The control sequence at the end of the top line
of your error message was never \def'ed. If you have
misspelled it (e.g., `\hobx'), type `I' and the correct
spelling (e.g., `I\hbox'). Otherwise just continue,
and I'll forget about whatever was undefined.

! Undefined control sequence.
l.1217 ...F(s) = \int_0^\infty f(t)\e^{-st}\,\diff
                                                   t$ converts differential ...
The control sequence at the end of the top line
of your error message was never \def'ed. If you have
misspelled it (e.g., `\hobx'), type `I' and the correct
spelling (e.g., `I\hbox'). Otherwise just continue,
and I'll forget about whatever was undefined.



[70]
! Undefined control sequence.
l.1241 ...d the Laplace transform of $f(t) = t^2\e
                                                  ^{-3t}$ using transform pr...
The control sequence at the end of the top line
of your error message was never \def'ed. If you have
misspelled it (e.g., `\hobx'), type `I' and the correct
spelling (e.g., `I\hbox'). Otherwise just continue,
and I'll forget about whatever was undefined.

! Double superscript.
l.1241 ... the Laplace transform of $f(t) = t^2\e^
                                                  {-3t}$ using transform pro...
I treat `x^1^2' essentially like `x^1{}^2'.


LaTeX Warning: Command \j invalid in math mode on input line 1254.



[71]) (./Part_I_Foundations/ch04_state_space.tex

[72]

[73]

[74]
Overfull \hbox (18.1606pt too wide) in paragraph at lines 102--103
[]\T1/ptm/m/n/12 Space-craft ap-pli-ca-tions have grown in-creas-ingly so-phis-t
i-cated. Mars rovers nav-i-gate au-tonomously
 []



[75]
Overfull \hbox (56.86107pt too wide) in paragraph at lines 135--136
[][]\T1/ptm/b/n/12 Def-i-ni-tion 3.4 \T1/ptm/m/n/12 (State)\T1/ptm/b/n/12 . []\
T1/ptm/m/n/12 The \T1/ptm/b/n/12 state \T1/ptm/m/n/12 of a sys-tem at time $\OM
L/cmm/m/it/12 t[]$ \T1/ptm/m/n/12 is the min-i-mum set of num-bers $\OML/cmm/m/
it/12 x[]\OT1/cmr/m/n/12 (\OML/cmm/m/it/12 t[]\OT1/cmr/m/n/12 )\OML/cmm/m/it/12
 ; x[]\OT1/cmr/m/n/12 (\OML/cmm/m/it/12 t[]\OT1/cmr/m/n/12 )\OML/cmm/m/it/12 ; 
[] ; x[]\OT1/cmr/m/n/12 (\OML/cmm/m/it/12 t[]\OT1/cmr/m/n/12 )$
 []



[76]

Package pgf Warning: Returning node center instead of a point on node border. D
id you specify a point identical to the center of node ``D''? on input line 217
.



[77]

[78]

[79]
! Undefined control sequence.
<argument> \diff 
                 
l.452     \item $\frac{\diff}{\diff t}
                                      e^{\mat{A}t} = \mat{A}e^{\mat{A}t} = e...
The control sequence at the end of the top line
of your error message was never \def'ed. If you have
misspelled it (e.g., `\hobx'), type `I' and the correct
spelling (e.g., `I\hbox'). Otherwise just continue,
and I'll forget about whatever was undefined.

! Undefined control sequence.
<argument> \diff 
                 t
l.452     \item $\frac{\diff}{\diff t}
                                      e^{\mat{A}t} = \mat{A}e^{\mat{A}t} = e...
The control sequence at the end of the top line
of your error message was never \def'ed. If you have
misspelled it (e.g., `\hobx'), type `I' and the correct
spelling (e.g., `I\hbox'). Otherwise just continue,
and I'll forget about whatever was undefined.



[80]
! Undefined control sequence.
<argument> ... )}\mat {B}\inputvec (\tau )\,\diff 
                                                  \tau 
l.473 }
       
The control sequence at the end of the top line
of your error message was never \def'ed. If you have
misspelled it (e.g., `\hobx'), type `I' and the correct
spelling (e.g., `I\hbox'). Otherwise just continue,
and I'll forget about whatever was undefined.

! Undefined control sequence.
<argument> \diff 
                 
l.483 \end{align}
                 
The control sequence at the end of the top line
of your error message was never \def'ed. If you have
misspelled it (e.g., `\hobx'), type `I' and the correct
spelling (e.g., `I\hbox'). Otherwise just continue,
and I'll forget about whatever was undefined.

! Undefined control sequence.
<argument> \diff 
                 t
l.483 \end{align}
                 
The control sequence at the end of the top line
of your error message was never \def'ed. If you have
misspelled it (e.g., `\hobx'), type `I' and the correct
spelling (e.g., `I\hbox'). Otherwise just continue,
and I'll forget about whatever was undefined.

! Undefined control sequence.
<argument> \diff 
                 
l.483 \end{align}
                 
The control sequence at the end of the top line
of your error message was never \def'ed. If you have
misspelled it (e.g., `\hobx'), type `I' and the correct
spelling (e.g., `I\hbox'). Otherwise just continue,
and I'll forget about whatever was undefined.

! Undefined control sequence.
<argument> \diff 
                 t
l.483 \end{align}
                 
The control sequence at the end of the top line
of your error message was never \def'ed. If you have
misspelled it (e.g., `\hobx'), type `I' and the correct
spelling (e.g., `I\hbox'). Otherwise just continue,
and I'll forget about whatever was undefined.

! Undefined control sequence.
<argument> ...u }\mat {B}\inputvec (\tau )\,\diff 
                                                  \tau \\ \state (t) &= e^{\...
l.489 \end{align}
                 
The control sequence at the end of the top line
of your error message was never \def'ed. If you have
misspelled it (e.g., `\hobx'), type `I' and the correct
spelling (e.g., `I\hbox'). Otherwise just continue,
and I'll forget about whatever was undefined.

! Undefined control sequence.
<argument> ... )}\mat {B}\inputvec (\tau )\,\diff 
                                                  \tau 
l.489 \end{align}
                 
The control sequence at the end of the top line
of your error message was never \def'ed. If you have
misspelled it (e.g., `\hobx'), type `I' and the correct
spelling (e.g., `I\hbox'). Otherwise just continue,
and I'll forget about whatever was undefined.

! Undefined control sequence.
<argument> ...u }\mat {B}\inputvec (\tau )\,\diff 
                                                  \tau \\ \state (t) &= e^{\...
l.489 \end{align}
                 
The control sequence at the end of the top line
of your error message was never \def'ed. If you have
misspelled it (e.g., `\hobx'), type `I' and the correct
spelling (e.g., `I\hbox'). Otherwise just continue,
and I'll forget about whatever was undefined.

! Undefined control sequence.
<argument> ... )}\mat {B}\inputvec (\tau )\,\diff 
                                                  \tau 
l.489 \end{align}
                 
The control sequence at the end of the top line
of your error message was never \def'ed. If you have
misspelled it (e.g., `\hobx'), type `I' and the correct
spelling (e.g., `I\hbox'). Otherwise just continue,
and I'll forget about whatever was undefined.



[81]

[82]

[83]

! Package PGF Math Error: You asked me to calculate `1/0.0', but I cannot divid
e any number by zero.

See the PGF Math package documentation for explanation.
Type  H <return>  for immediate help.
 ...                                              
                                                  
l.696 ...)*cos(\x)}, {2.5*exp(-0.02*\x)*sin(\x)});
                                                  
This error message was generated by an \errmessage
command, so I can't give any explicit help.
Pretend that you're Hercule Poirot: Examine all clues,
and deduce the truth by order and method.

! Arithmetic overflow.
<to be read again> 
                   \relax 
l.696 ...)*cos(\x)}, {2.5*exp(-0.02*\x)*sin(\x)});
                                                  
I can't carry out that multiplication or division,
since the result is out of range.


! Package PGF Math Error: You've asked me to divide `8.0' by `0.0', but I canno
t divide any number by `0.0'.

See the PGF Math package documentation for explanation.
Type  H <return>  for immediate help.
 ...                                              
                                                  
l.696 ...)*cos(\x)}, {2.5*exp(-0.02*\x)*sin(\x)});
                                                  
(That was another \errmessage.)

! Arithmetic overflow.
\pgfmathdivide@ ...\pgfmath@x by\c@pgfmath@counta 
                                                  \else \ifdim 0pt>\pgfmath@...
l.696 ...)*cos(\x)}, {2.5*exp(-0.02*\x)*sin(\x)});
                                                  
I can't carry out that multiplication or division,
since the result is out of range.


! Package PGF Math Error: You've asked me to divide `8.0' by `0.0', but I canno
t divide any number by `0.0'.

See the PGF Math package documentation for explanation.
Type  H <return>  for immediate help.
 ...                                              
                                                  
l.696 ...)*cos(\x)}, {2.5*exp(-0.02*\x)*sin(\x)});
                                                  
(That was another \errmessage.)

! Arithmetic overflow.
\pgfmathdivide@ ...\pgfmath@x by\c@pgfmath@counta 
                                                  \else \ifdim 0pt>\pgfmath@...
l.696 ...)*cos(\x)}, {2.5*exp(-0.02*\x)*sin(\x)});
                                                  
I can't carry out that multiplication or division,
since the result is out of range.


! Package PGF Math Error: You asked me to calculate `1/0.0', but I cannot divid
e any number by zero.

See the PGF Math package documentation for explanation.
Type  H <return>  for immediate help.
 ...                                              
                                                  
l.715 ...(\x+45)}, {2*exp(-0.025*\x)*sin(\x+45)});
                                                  
(That was another \errmessage.)

! Arithmetic overflow.
<to be read again> 
                   \relax 
l.715 ...(\x+45)}, {2*exp(-0.025*\x)*sin(\x+45)});
                                                  
I can't carry out that multiplication or division,
since the result is out of range.


! Package PGF Math Error: You've asked me to divide `8.0' by `0.0', but I canno
t divide any number by `0.0'.

See the PGF Math package documentation for explanation.
Type  H <return>  for immediate help.
 ...                                              
                                                  
l.715 ...(\x+45)}, {2*exp(-0.025*\x)*sin(\x+45)});
                                                  
(That was another \errmessage.)

! Arithmetic overflow.
\pgfmathdivide@ ...\pgfmath@x by\c@pgfmath@counta 
                                                  \else \ifdim 0pt>\pgfmath@...
l.715 ...(\x+45)}, {2*exp(-0.025*\x)*sin(\x+45)});
                                                  
I can't carry out that multiplication or division,
since the result is out of range.


! Package PGF Math Error: You've asked me to divide `8.0' by `0.0', but I canno
t divide any number by `0.0'.

See the PGF Math package documentation for explanation.
Type  H <return>  for immediate help.
 ...                                              
                                                  
l.715 ...(\x+45)}, {2*exp(-0.025*\x)*sin(\x+45)});
                                                  
(That was another \errmessage.)

! Arithmetic overflow.
\pgfmathdivide@ ...\pgfmath@x by\c@pgfmath@counta 
                                                  \else \ifdim 0pt>\pgfmath@...
l.715 ...(\x+45)}, {2*exp(-0.025*\x)*sin(\x+45)});
                                                  
I can't carry out that multiplication or division,
since the result is out of range.



[84]

[85]

[86]

[87]

[88]

[89]
! Undefined control sequence.
l.1003 ...t{A}(t-\tau)}\mat{B}\inputvec(\tau)\diff
                                                  \tau$ separates initial co...
The control sequence at the end of the top line
of your error message was never \def'ed. If you have
misspelled it (e.g., `\hobx'), type `I' and the correct
spelling (e.g., `I\hbox'). Otherwise just continue,
and I'll forget about whatever was undefined.



[90]

[91])

[92]

[93

]

[94] (./Part_II_System_Behavior/ch05_first_second_order.tex
Chapter 5.

Underfull \vbox (badness 10000) has occurred while \output is active []



[95

]
Overfull \hbox (5.77222pt too wide) in paragraph at lines 42--42
[]\T1/ptm/b/n/14.4 Seis-mo-graph De-vel-op-ment and the Need for In-stru-ment Th
e-ory (1880s) 
 []



[96]

[97]
! Undefined control sequence.
<recently read> \real 
                      
l.113 ... all poles in the left half-plane ($\real
                                                  (s) < 0$)
The control sequence at the end of the top line
of your error message was never \def'ed. If you have
misspelled it (e.g., `\hobx'), type `I' and the correct
spelling (e.g., `I\hbox'). Otherwise just continue,
and I'll forget about whatever was undefined.

! Undefined control sequence.
<recently read> \real 
                      
l.114 ...able: poles on the imaginary axis ($\real
                                                  (s) = 0$)
The control sequence at the end of the top line
of your error message was never \def'ed. If you have
misspelled it (e.g., `\hobx'), type `I' and the correct
spelling (e.g., `I\hbox'). Otherwise just continue,
and I'll forget about whatever was undefined.

! Undefined control sequence.
<recently read> \real 
                      
l.115 ... any pole in the right half-plane ($\real
                                                  (s) > 0$)
The control sequence at the end of the top line
of your error message was never \def'ed. If you have
misspelled it (e.g., `\hobx'), type `I' and the correct
spelling (e.g., `I\hbox'). Otherwise just continue,
and I'll forget about whatever was undefined.


Overfull \hbox (26.17583pt too wide) in paragraph at lines 126--127
\T1/ptm/m/n/12 The first and sec-ond or-der sys-tem rep-re-sen-ta-tions are not merely con-ve-nient math-e-mat-i-cal abstractions---
 []



[98]
Underfull \vbox (badness 1838) has occurred while \output is active []



[99]
Overfull \hbox (6.41049pt too wide) in paragraph at lines 161--162
\T1/ptm/m/n/12 match-ing com-mon earth-quake fre-quen-cies of 0.5--5 Hz) and dam
p-ing ra-tios (typ-i-cally $\OML/cmm/m/it/12  \OT1/cmr/m/n/12 = 0\OML/cmm/m/it
/12 :\OT1/cmr/m/n/12 02$\T1/ptm/m/n/12 --$\OT1/cmr/m/n/12 0\OML/cmm/m/it/12 :\O
T1/cmr/m/n/12 05$
 []



[100]
Overfull \hbox (28.33527pt too wide) in paragraph at lines 256--266
 [] 
 []



[101]

[102]

Package tcolorbox Warning: Using nobreak failed. Try to enlarge `lines before b
reak' or set page breaks manually on input line 360.



[103]

[104]
Underfull \vbox (badness 10000) has occurred while \output is active []



[105]

[106]
! Undefined control sequence.
<recently read> \real 
                      
l.621 ...w[->] (-5,0) -- (2,0) node[right] {$\real
                                                  (s)$};
The control sequence at the end of the top line
of your error message was never \def'ed. If you have
misspelled it (e.g., `\hobx'), type `I' and the correct
spelling (e.g., `I\hbox'). Otherwise just continue,
and I'll forget about whatever was undefined.

! Undefined control sequence.
<recently read> \imag 
                      
l.622 ...w[->] (0,-4) -- (0,4) node[above] {$\imag
                                                  (s)$};
The control sequence at the end of the top line
of your error message was never \def'ed. If you have
misspelled it (e.g., `\hobx'), type `I' and the correct
spelling (e.g., `I\hbox'). Otherwise just continue,
and I'll forget about whatever was undefined.



[107]
! Undefined control sequence.
<recently read> \real 
                      
l.695 ...w[->] (-3,0) -- (1,0) node[right] {$\real
                                                  $};
The control sequence at the end of the top line
of your error message was never \def'ed. If you have
misspelled it (e.g., `\hobx'), type `I' and the correct
spelling (e.g., `I\hbox'). Otherwise just continue,
and I'll forget about whatever was undefined.

! Undefined control sequence.
<recently read> \imag 
                      
l.696 ...] (0,-2.5) -- (0,2.5) node[above] {$\imag
                                                  $};
The control sequence at the end of the top line
of your error message was never \def'ed. If you have
misspelled it (e.g., `\hobx'), type `I' and the correct
spelling (e.g., `I\hbox'). Otherwise just continue,
and I'll forget about whatever was undefined.

! Undefined control sequence.
<recently read> \real 
                      
l.716 ...w[->] (-3,0) -- (1,0) node[right] {$\real
                                                  $};
The control sequence at the end of the top line
of your error message was never \def'ed. If you have
misspelled it (e.g., `\hobx'), type `I' and the correct
spelling (e.g., `I\hbox'). Otherwise just continue,
and I'll forget about whatever was undefined.

! Undefined control sequence.
<recently read> \imag 
                      
l.717 ...] (0,-2.5) -- (0,2.5) node[above] {$\imag
                                                  $};
The control sequence at the end of the top line
of your error message was never \def'ed. If you have
misspelled it (e.g., `\hobx'), type `I' and the correct
spelling (e.g., `I\hbox'). Otherwise just continue,
and I'll forget about whatever was undefined.

! Undefined control sequence.
<recently read> \real 
                      
l.737 ...w[->] (-3,0) -- (1,0) node[right] {$\real
                                                  $};
The control sequence at the end of the top line
of your error message was never \def'ed. If you have
misspelled it (e.g., `\hobx'), type `I' and the correct
spelling (e.g., `I\hbox'). Otherwise just continue,
and I'll forget about whatever was undefined.

! Undefined control sequence.
<recently read> \imag 
                      
l.738 ...] (0,-2.5) -- (0,2.5) node[above] {$\imag
                                                  $};
The control sequence at the end of the top line
of your error message was never \def'ed. If you have
misspelled it (e.g., `\hobx'), type `I' and the correct
spelling (e.g., `I\hbox'). Otherwise just continue,
and I'll forget about whatever was undefined.

Missing character: There is no ° (U+00B0) in font cmr12!
Missing character: There is no ° (U+00B0) in font cmr12!

! LaTeX Error: Environment experimentbox undefined.

See the LaTeX manual or LaTeX Companion for explanation.
Type  H <return>  for immediate help.
 ...                                              
                                                  
l.767 \begin{experimentbox}
                           [Learning Objectives]
Your command was ignored.
Type  I <command> <return>  to replace it with another command,
or  <return>  to continue without it.



[108]

! LaTeX Error: \begin{document} ended by \end{experimentbox}.

See the LaTeX manual or LaTeX Companion for explanation.
Type  H <return>  for immediate help.
 ...                                              
                                                  
l.775 \end{experimentbox}
                         
Your command was ignored.
Type  I <command> <return>  to replace it with another command,
or  <return>  to continue without it.



[109]

[110]

[111]

[112]

[113]

[114]

[115]
! Undefined control sequence.
<recently read> \real 
                      
l.1204 .... This defines a vertical line at $\real
                                                  (s) = -2$; poles must lie ...
The control sequence at the end of the top line
of your error message was never \def'ed. If you have
misspelled it (e.g., `\hobx'), type `I' and the correct
spelling (e.g., `I\hbox'). Otherwise just continue,
and I'll forget about whatever was undefined.



[116]
Missing character: There is no ° (U+00B0) in font cmr12!
! Undefined control sequence.
<recently read> \real 
                      
l.1250 ...[->] (-5,0) -- (1,0) node[right] {$\real
                                                  (s)$};
The control sequence at the end of the top line
of your error message was never \def'ed. If you have
misspelled it (e.g., `\hobx'), type `I' and the correct
spelling (e.g., `I\hbox'). Otherwise just continue,
and I'll forget about whatever was undefined.

! Undefined control sequence.
<recently read> \imag 
                      
l.1251 ...[->] (0,-3) -- (0,3) node[above] {$\imag
                                                  (s)$};
The control sequence at the end of the top line
of your error message was never \def'ed. If you have
misspelled it (e.g., `\hobx'), type `I' and the correct
spelling (e.g., `I\hbox'). Otherwise just continue,
and I'll forget about whatever was undefined.

Missing character: There is no ° (U+00B0) in font cmr12!

Underfull \vbox (badness 4217) has occurred while \output is active []



[117]
! Undefined control sequence.
<recently read> \real 
                      
l.1279 ...the shaded region: to the left of $\real
                                                  (s) = -2$ and within $\pm ...
The control sequence at the end of the top line
of your error message was never \def'ed. If you have
misspelled it (e.g., `\hobx'), type `I' and the correct
spelling (e.g., `I\hbox'). Otherwise just continue,
and I'll forget about whatever was undefined.

Missing character: There is no ° (U+00B0) in font cmr12!


[118]

[119]
! Undefined control sequence.
<argument> |\real 
                  (s_{dominant})|
l.1424 t_s \approx \frac{4}{|\real(s_{dominant})|}
                                                   = \frac{4}{2} = \boxed{2\...
The control sequence at the end of the top line
of your error message was never \def'ed. If you have
misspelled it (e.g., `\hobx'), type `I' and the correct
spelling (e.g., `I\hbox'). Otherwise just continue,
and I'll forget about whatever was undefined.



[120]

[121]
Overfull \hbox (20.14488pt too wide) in paragraph at lines 1495--1496
[]\T1/ptm/m/n/12 Prove that for an un-der-damped second-order sys-tem, the log-a
-rith-mic decre-ment $\OML/cmm/m/it/12  \OT1/cmr/m/n/12 = [](\OML/cmm/m/it/12 
x[]=x[]\OT1/cmr/m/n/12 )$
 []

) (./Part_II_System_Behavior/ch06_stability.tex

[122]
Chapter 6.

Underfull \vbox (badness 2351) has occurred while \output is active []



[123

]

[124]
Underfull \vbox (badness 10000) has occurred while \output is active []



[125]

[126]
Missing character: There is no ° (U+00B0) in font cmr12!


[127]

[128]

[129]

[130]

[131]
Overfull \hbox (177.34895pt too wide) detected at line 489
[][][][][] \OT1/cmr/m/n/12 = []
 []



[132]

! LaTeX Error: Environment experimentbox undefined.

See the LaTeX manual or LaTeX Companion for explanation.
Type  H <return>  for immediate help.
 ...                                              
                                                  
l.527 \begin{experimentbox}
                           [Laboratory Exercise: Op-Amp Feedback Stability]
Your command was ignored.
Type  I <command> <return>  to replace it with another command,
or  <return>  to continue without it.


! LaTeX Error: \begin{document} ended by \end{experimentbox}.

See the LaTeX manual or LaTeX Companion for explanation.
Type  H <return>  for immediate help.
 ...                                              
                                                  
l.536 \end{experimentbox}
                         
Your command was ignored.
Type  I <command> <return>  to replace it with another command,
or  <return>  to continue without it.



[133]

! Package Listings Error: Couldn't load requested style.

See the Listings package documentation for explanation.
Type  H <return>  for immediate help.
 ...                                              
                                                  
l.614 ...r position control with adjustable gain}]
                                                  
The following styles weren't loadable:
    ,arduino$
This may cause errors in the sequel.


! Package Listings Error: style arduino undefined.

See the Listings package documentation for explanation.
Type  H <return>  for immediate help.
 ...                                              
                                                  
l.614 ...r position control with adjustable gain}]
                                                  
The style is not loadable. Try typing  <return>  to proceed.
If that doesn't work, type  X <return>  to quit.



[134]
Underfull \vbox (badness 10000) has occurred while \output is active []



[135]

[136]

[137]

[138]

[139]

[140]

[141]

[142]) (./Part_II_System_Behavior/ch07_transient_steady_state.tex

[143]

[144

]
Chapter 7.


[145]
Overfull \hbox (3.1976pt too wide) in paragraph at lines 38--39
[]\T1/ptm/m/n/12 The in-stru-men-ta-tion companies---notably Foxboro, Tay-lor In
-stru-ment, and Leeds & Northrup---
 []



[146]
Overfull \hbox (11.94423pt too wide) in paragraph at lines 73--74
[]\T1/ptm/b/n/12 Avoid os-cil-la-tion\T1/ptm/m/n/12 : Hunt-ing around the tar-ge
t po-si-tion wastes time and may lose track entirely---
 []


Overfull \hbox (6.47203pt too wide) in paragraph at lines 93--94
[]\T1/ptm/m/n/12 The ``quarter-amplitude damp-ing'' cri-te-rion spec-i-fied that
 each suc-ces-sive os-cil-la-tion peak should
 []




Package fancyhdr Warning: \headheight is too small (14.5pt): 
(fancyhdr)                Make it at least 26.98592pt, for example:
(fancyhdr)                \setlength{\headheight}{26.98592pt}.
(fancyhdr)                You might also make \topmargin smaller:
(fancyhdr)                \addtolength{\topmargin}{-12.48592pt}.

[147]

[148]

! LaTeX Error: Environment applicationbox undefined.

See the LaTeX manual or LaTeX Companion for explanation.
Type  H <return>  for immediate help.
 ...                                              
                                                  
l.156 \begin{applicationbox}
                            [Settling Time: The Critical Specification]
Your command was ignored.
Type  I <command> <return>  to replace it with another command,
or  <return>  to continue without it.


! LaTeX Error: \begin{document} ended by \end{applicationbox}.

See the LaTeX manual or LaTeX Companion for explanation.
Type  H <return>  for immediate help.
 ...                                              
                                                  
l.158 \end{applicationbox}
                          
Your command was ignored.
Type  I <command> <return>  to replace it with another command,
or  <return>  to continue without it.


Overfull \hbox (2.57127pt too wide) in paragraph at lines 180--182
\T1/ptm/m/n/12 Com-puter Nu-mer-i-cal Con-trol (CNC) ma-chine tools present the clas-sic accuracy-versus-speed trade-
 []



[149]
Overfull \hbox (12.21965pt too wide) in paragraph at lines 201--202
[]\T1/ptm/m/n/12 The per-for-mance specifications---particularly ve-loc-ity er-r
or con-stants and set-tling times---directly
 []



[150]

[151]
Underfull \vbox (badness 1237) has occurred while \output is active []



[152]

[153]

[154]

! Package pgfkeys Error: I do not know the key '/tikz/controlblue' and I am goi
ng to ignore it. Perhaps you misspelled it.

See the pgfkeys package documentation for explanation.
Type  H <return>  for immediate help.
 ...                                              
                                                  
l.543 ... 0.5/sqrt(0.75)*sin(deg(sqrt(0.75)*x)))};
                                                  
(That was another \errmessage.)


! Package pgfkeys Error: I do not know the key '/tikz/controlblue' and I am goi
ng to ignore it. Perhaps you misspelled it.

See the pgfkeys package documentation for explanation.
Type  H <return>  for immediate help.
 ...                                              
                                                  
l.579 \end{axis}
                
(That was another \errmessage.)



[155]

[156]

[157]
Underfull \vbox (badness 1297) has occurred while \output is active []



[158]

[159]

[160]

[161]

! LaTeX Error: Not allowed in LR mode.

See the LaTeX manual or LaTeX Companion for explanation.
Type  H <return>  for immediate help.
 ...                                              
                                                  
l.978 \node[block] (arduino) at (0,0) {Arduino\\(
                                                 Controller)};
You've lost some text.  Try typing  <return>  to proceed.
If that doesn't work, type  X <return>  to quit.


! LaTeX Error: Not allowed in LR mode.

See the LaTeX manual or LaTeX Companion for explanation.
Type  H <return>  for immediate help.
 ...                                              
                                                  
l.979 \node[block] (driver) at (4,0) {H-Bridge\\D
                                                 river};
You've lost some text.  Try typing  <return>  to proceed.
If that doesn't work, type  X <return>  to quit.


! LaTeX Error: Not allowed in LR mode.

See the LaTeX manual or LaTeX Companion for explanation.
Type  H <return>  for immediate help.
 ...                                              
                                                  
l.980 \node[block] (motor) at (8,0) {DC Motor\\+
                                                 Gearbox};
You've lost some text.  Try typing  <return>  to proceed.
If that doesn't work, type  X <return>  to quit.


! LaTeX Error: Not allowed in LR mode.

See the LaTeX manual or LaTeX Companion for explanation.
Type  H <return>  for immediate help.
 ...                                              
                                                  
l.982 ...[smallblock] (pc) at (-4,0) {PC/Serial\\M
                                                  onitor};
You've lost some text.  Try typing  <return>  to proceed.
If that doesn't work, type  X <return>  to quit.



[162]

[163]

[164]
Underfull \vbox (badness 1354) has occurred while \output is active []



[165]
Underfull \vbox (badness 1616) has occurred while \output is active []



[166]

[167]
Underfull \vbox (badness 10000) has occurred while \output is active []



[168]

[169]

[170]

[171]
Underfull \vbox (badness 10000) has occurred while \output is active []



[172]
Underfull \vbox (badness 10000) has occurred while \output is active []



[173]

[174]

[175]

[176]) (./Part_II_System_Behavior/ch08_linearization.tex

[177]

[178

]
Chapter 8.


[179]
Overfull \hbox (9.5638pt too wide) in paragraph at lines 39--40
[]\T1/ptm/m/n/12 This is the equa-tion of sim-ple har-monic mo-tion, with the we
ll-known so-lu-tion $\OML/cmm/m/it/12 \OT1/cmr/m/n/12 (\OML/cmm/m/it/12 t\OT1/
cmr/m/n/12 ) = \OML/cmm/m/it/12 A []\OT1/cmr/m/n/12 (\OML/cmm/m/it/12 ![]t \OT1
/cmr/m/n/12 +
 []



[180]

[181]

[182]

[183]

[184]

[185]

[186]

[187]
Missing character: There is no ° (U+00B0) in font cmr12!
Missing character: There is no ° (U+00B0) in font cmr12!
Missing character: There is no ° (U+00B0) in font cmr12!
Missing character: There is no ° (U+00B0) in font cmr12!
Missing character: There is no ° (U+00B0) in font cmr12!
Missing character: There is no ° (U+00B0) in font cmr12!
Missing character: There is no ° (U+00B0) in font cmr12!
Missing character: There is no ° (U+00B0) in font cmr12!
Missing character: There is no ° (U+00B0) in font cmr12!
Missing character: There is no ° (U+00B0) in font cmr12!
Missing character: There is no ° (U+00B0) in font cmr12!


[188]

[189]
Missing character: There is no ° (U+00B0) in font cmr12!


[190]
Missing character: There is no ° (U+00B0) in font cmr12!
Missing character: There is no ° (U+00B0) in font cmr12!
Missing character: There is no ° (U+00B0) in font cmr12!
Missing character: There is no ° (U+00B0) in font cmr12!
Missing character: There is no ° (U+00B0) in font cmr12!
Missing character: There is no ° (U+00B0) in font cmr12!
Missing character: There is no ° (U+00B0) in font cmr12!
Missing character: There is no ° (U+00B0) in font cmr12!


[191]
Missing character: There is no ° (U+00B0) in font cmr12!
Missing character: There is no ° (U+00B0) in font cmr12!
Missing character: There is no ° (U+00B0) in font cmr12!


[192]
NOTE: coordinate (--,--,--) [--](was (0.30150753768844,nan,--) [--]) has been dr
opped because it is unbounding (in 2).
NOTE: coordinate (--,--,--) [--](was (0.32160804020101,nan,--) [--]) has been dr
opped because it is unbounding (in 2).
NOTE: coordinate (--,--,--) [--](was (0.34170854271357,nan,--) [--]) has been dr
opped because it is unbounding (in 2).
NOTE: coordinate (--,--,--) [--](was (0.36180904522613,nan,--) [--]) has been dr
opped because it is unbounding (in 2).
NOTE: coordinate (--,--,--) [--](was (0.38190954773869,nan,--) [--]) has been dr
opped because it is unbounding (in 2).
NOTE: coordinate (--,--,--) [--](was (0.40201005025126,nan,--) [--]) has been dr
opped because it is unbounding (in 2).
NOTE: coordinate (--,--,--) [--](was (0.42211055276382,nan,--) [--]) has been dr
opped because it is unbounding (in 2).
NOTE: coordinate (--,--,--) [--](was (0.44221105527638,nan,--) [--]) has been dr
opped because it is unbounding (in 2).
NOTE: coordinate (--,--,--) [--](was (0.46231155778894,nan,--) [--]) has been dr
opped because it is unbounding (in 2).
NOTE: coordinate (--,--,--) [--](was (0.48241206030151,nan,--) [--]) has been dr
opped because it is unbounding (in 2).
NOTE: coordinate (--,--,--) [--](was (0.50251256281407,nan,--) [--]) has been dr
opped because it is unbounding (in 2).
NOTE: coordinate (--,--,--) [--](was (0.52261306532663,nan,--) [--]) has been dr
opped because it is unbounding (in 2).
NOTE: coordinate (--,--,--) [--](was (0.5427135678392,nan,--) [--]) has been dro
pped because it is unbounding (in 2).
NOTE: coordinate (--,--,--) [--](was (0.56281407035176,nan,--) [--]) has been dr
opped because it is unbounding (in 2).
NOTE: coordinate (--,--,--) [--](was (0.58291457286432,nan,--) [--]) has been dr
opped because it is unbounding (in 2).
NOTE: coordinate (--,--,--) [--](was (0.60301507537688,nan,--) [--]) has been dr
opped because it is unbounding (in 2).
NOTE: coordinate (--,--,--) [--](was (0.62311557788945,nan,--) [--]) has been dr
opped because it is unbounding (in 2).
NOTE: coordinate (--,--,--) [--](was (0.64321608040201,nan,--) [--]) has been dr
opped because it is unbounding (in 2).
NOTE: coordinate (--,--,--) [--](was (0.66331658291457,nan,--) [--]) has been dr
opped because it is unbounding (in 2).
NOTE: coordinate (--,--,--) [--](was (0.68341708542714,nan,--) [--]) has been dr
opped because it is unbounding (in 2).
NOTE: coordinate (--,--,--) [--](was (0.7035175879397,nan,--) [--]) has been dro
pped because it is unbounding (in 2).
NOTE: coordinate (--,--,--) [--](was (0.72361809045226,nan,--) [--]) has been dr
opped because it is unbounding (in 2).
NOTE: coordinate (--,--,--) [--](was (0.74371859296482,nan,--) [--]) has been dr
opped because it is unbounding (in 2).
NOTE: coordinate (--,--,--) [--](was (0.76381909547739,nan,--) [--]) has been dr
opped because it is unbounding (in 2).
NOTE: coordinate (--,--,--) [--](was (0.78391959798995,nan,--) [--]) has been dr
opped because it is unbounding (in 2).
NOTE: coordinate (--,--,--) [--](was (0.80402010050251,nan,--) [--]) has been dr
opped because it is unbounding (in 2).
NOTE: coordinate (--,--,--) [--](was (0.82412060301508,nan,--) [--]) has been dr
opped because it is unbounding (in 2).
NOTE: coordinate (--,--,--) [--](was (0.84422110552764,nan,--) [--]) has been dr
opped because it is unbounding (in 2).
NOTE: coordinate (--,--,--) [--](was (0.8643216080402,nan,--) [--]) has been dro
pped because it is unbounding (in 2).
NOTE: coordinate (--,--,--) [--](was (0.88442211055276,nan,--) [--]) has been dr
opped because it is unbounding (in 2).
NOTE: coordinate (--,--,--) [--](was (1.4874371859296,nan,--) [--]) has been dro
pped because it is unbounding (in 2).
NOTE: coordinate (--,--,--) [--](was (1.5075376884422,nan,--) [--]) has been dro
pped because it is unbounding (in 2).
NOTE: coordinate (--,--,--) [--](was (1.5276381909548,nan,--) [--]) has been dro
pped because it is unbounding (in 2).
NOTE: coordinate (--,--,--) [--](was (1.5477386934673,nan,--) [--]) has been dro
pped because it is unbounding (in 2).
NOTE: coordinate (--,--,--) [--](was (1.5678391959799,nan,--) [--]) has been dro
pped because it is unbounding (in 2).
NOTE: coordinate (--,--,--) [--](was (1.5879396984925,nan,--) [--]) has been dro
pped because it is unbounding (in 2).
NOTE: coordinate (--,--,--) [--](was (1.608040201005,nan,--) [--]) has been drop
ped because it is unbounding (in 2).
NOTE: coordinate (--,--,--) [--](was (1.6281407035176,nan,--) [--]) has been dro
pped because it is unbounding (in 2).
NOTE: coordinate (--,--,--) [--](was (1.6482412060302,nan,--) [--]) has been dro
pped because it is unbounding (in 2).
NOTE: coordinate (--,--,--) [--](was (1.6683417085427,nan,--) [--]) has been dro
pped because it is unbounding (in 2).
NOTE: coordinate (--,--,--) [--](was (1.6884422110553,nan,--) [--]) has been dro
pped because it is unbounding (in 2).
NOTE: coordinate (--,--,--) [--](was (1.7085427135678,nan,--) [--]) has been dro
pped because it is unbounding (in 2).
NOTE: coordinate (--,--,--) [--](was (1.7286432160804,nan,--) [--]) has been dro
pped because it is unbounding (in 2).
NOTE: coordinate (--,--,--) [--](was (1.748743718593,nan,--) [--]) has been drop
ped because it is unbounding (in 2).
NOTE: coordinate (--,--,--) [--](was (1.7688442211055,nan,--) [--]) has been dro
pped because it is unbounding (in 2).
NOTE: coordinate (--,--,--) [--](was (1.7889447236181,nan,--) [--]) has been dro
pped because it is unbounding (in 2).
NOTE: coordinate (--,--,--) [--](was (1.8090452261307,nan,--) [--]) has been dro
pped because it is unbounding (in 2).
NOTE: coordinate (--,--,--) [--](was (1.8291457286432,nan,--) [--]) has been dro
pped because it is unbounding (in 2).
NOTE: coordinate (--,--,--) [--](was (1.8492462311558,nan,--) [--]) has been dro
pped because it is unbounding (in 2).
NOTE: coordinate (--,--,--) [--](was (1.8693467336683,nan,--) [--]) has been dro
pped because it is unbounding (in 2).
NOTE: coordinate (--,--,--) [--](was (1.8894472361809,nan,--) [--]) has been dro
pped because it is unbounding (in 2).
NOTE: coordinate (--,--,--) [--](was (1.9095477386935,nan,--) [--]) has been dro
pped because it is unbounding (in 2).
NOTE: coordinate (--,--,--) [--](was (1.929648241206,nan,--) [--]) has been drop
ped because it is unbounding (in 2).
NOTE: coordinate (--,--,--) [--](was (1.9497487437186,nan,--) [--]) has been dro
pped because it is unbounding (in 2).
NOTE: coordinate (--,--,--) [--](was (1.9698492462312,nan,--) [--]) has been dro
pped because it is unbounding (in 2).
NOTE: coordinate (--,--,--) [--](was (1.9899497487437,nan,--) [--]) has been dro
pped because it is unbounding (in 2).
NOTE: coordinate (--,--,--) [--](was (2.0100502512563,nan,--) [--]) has been dro
pped because it is unbounding (in 2).
NOTE: coordinate (--,--,--) [--](was (2.0301507537688,nan,--) [--]) has been dro
pped because it is unbounding (in 2).
NOTE: coordinate (--,--,--) [--](was (2.0502512562814,nan,--) [--]) has been dro
pped because it is unbounding (in 2).
NOTE: coordinate (--,--,--) [--](was (2.6733668341709,nan,--) [--]) has been dro
pped because it is unbounding (in 2).
NOTE: coordinate (--,--,--) [--](was (2.6934673366834,nan,--) [--]) has been dro
pped because it is unbounding (in 2).
NOTE: coordinate (--,--,--) [--](was (2.713567839196,nan,--) [--]) has been drop
ped because it is unbounding (in 2).
NOTE: coordinate (--,--,--) [--](was (2.7336683417085,nan,--) [--]) has been dro
pped because it is unbounding (in 2).
NOTE: coordinate (--,--,--) [--](was (2.7537688442211,nan,--) [--]) has been dro
pped because it is unbounding (in 2).
NOTE: coordinate (--,--,--) [--](was (2.7738693467337,nan,--) [--]) has been dro
pped because it is unbounding (in 2).
NOTE: coordinate (--,--,--) [--](was (2.7939698492462,nan,--) [--]) has been dro
pped because it is unbounding (in 2).
NOTE: coordinate (--,--,--) [--](was (2.8140703517588,nan,--) [--]) has been dro
pped because it is unbounding (in 2).
NOTE: coordinate (--,--,--) [--](was (2.8341708542714,nan,--) [--]) has been dro
pped because it is unbounding (in 2).
NOTE: coordinate (--,--,--) [--](was (2.8542713567839,nan,--) [--]) has been dro
pped because it is unbounding (in 2).
NOTE: coordinate (--,--,--) [--](was (2.8743718592965,nan,--) [--]) has been dro
pped because it is unbounding (in 2).
NOTE: coordinate (--,--,--) [--](was (2.894472361809,nan,--) [--]) has been drop
ped because it is unbounding (in 2).
NOTE: coordinate (--,--,--) [--](was (2.9145728643216,nan,--) [--]) has been dro
pped because it is unbounding (in 2).
NOTE: coordinate (--,--,--) [--](was (2.9346733668342,nan,--) [--]) has been dro
pped because it is unbounding (in 2).
NOTE: coordinate (--,--,--) [--](was (2.9547738693467,nan,--) [--]) has been dro
pped because it is unbounding (in 2).
NOTE: coordinate (--,--,--) [--](was (2.9748743718593,nan,--) [--]) has been dro
pped because it is unbounding (in 2).
NOTE: coordinate (--,--,--) [--](was (2.9949748743719,nan,--) [--]) has been dro
pped because it is unbounding (in 2).
NOTE: coordinate (--,--,--) [--](was (3.0150753768844,nan,--) [--]) has been dro
pped because it is unbounding (in 2).
NOTE: coordinate (--,--,--) [--](was (3.035175879397,nan,--) [--]) has been drop
ped because it is unbounding (in 2).
NOTE: coordinate (--,--,--) [--](was (3.0552763819095,nan,--) [--]) has been dro
pped because it is unbounding (in 2).
NOTE: coordinate (--,--,--) [--](was (3.0753768844221,nan,--) [--]) has been dro
pped because it is unbounding (in 2).
NOTE: coordinate (--,--,--) [--](was (3.0954773869347,nan,--) [--]) has been dro
pped because it is unbounding (in 2).
NOTE: coordinate (--,--,--) [--](was (3.1155778894472,nan,--) [--]) has been dro
pped because it is unbounding (in 2).
NOTE: coordinate (--,--,--) [--](was (3.1356783919598,nan,--) [--]) has been dro
pped because it is unbounding (in 2).
NOTE: coordinate (--,--,--) [--](was (3.1557788944724,nan,--) [--]) has been dro
pped because it is unbounding (in 2).
NOTE: coordinate (--,--,--) [--](was (3.1758793969849,nan,--) [--]) has been dro
pped because it is unbounding (in 2).
NOTE: coordinate (--,--,--) [--](was (3.1959798994975,nan,--) [--]) has been dro
pped because it is unbounding (in 2).
NOTE: coordinate (--,--,--) [--](was (3.2160804020101,nan,--) [--]) has been dro
pped because it is unbounding (in 2).
NOTE: coordinate (--,--,--) [--](was (3.2361809045226,nan,--) [--]) has been dro
pped because it is unbounding (in 2).
NOTE: coordinate (--,--,--) [--](was (3.8391959798995,nan,--) [--]) has been dro
pped because it is unbounding (in 2).
NOTE: coordinate (--,--,--) [--](was (3.8592964824121,nan,--) [--]) has been dro
pped because it is unbounding (in 2).
NOTE: coordinate (--,--,--) [--](was (3.8793969849246,nan,--) [--]) has been dro
pped because it is unbounding (in 2).
NOTE: coordinate (--,--,--) [--](was (3.8994974874372,nan,--) [--]) has been dro
pped because it is unbounding (in 2).
NOTE: coordinate (--,--,--) [--](was (3.9195979899497,nan,--) [--]) has been dro
pped because it is unbounding (in 2).
NOTE: coordinate (--,--,--) [--](was (3.9396984924623,nan,--) [--]) has been dro
pped because it is unbounding (in 2).
NOTE: coordinate (--,--,--) [--](was (3.9597989949749,nan,--) [--]) has been dro
pped because it is unbounding (in 2).
NOTE: coordinate (--,--,--) [--](was (3.9798994974874,nan,--) [--]) has been dro
pped because it is unbounding (in 2).
NOTE: coordinate (--,--,--) [--](was (4.0,nan,--) [--]) has been dropped because
 it is unbounding (in 2).
Missing character: There is no ° (U+00B0) in font cmr12!
Missing character: There is no ° (U+00B0) in font cmr12!


[193]

[194]

[195]

[196]
Missing character: There is no ° (U+00B0) in font cmr12!
(/usr/local/texlive/2025/texmf-dist/tex/latex/listings/lstlang1.sty
File: lstlang1.sty 2024/09/23 1.10c listings language file
)

[197]
Underfull \vbox (badness 10000) has occurred while \output is active []



[198]
Missing character: There is no ° (U+00B0) in font cmr12!
Missing character: There is no ° (U+00B0) in font cmr12!
Missing character: There is no ° (U+00B0) in font cmr12!


[199]

[200]
Overfull \hbox (2.53674pt too wide) in paragraph at lines 1170--1171
[]\T1/ptm/m/n/12 Lin-ear tools (trans-fer func-tions, Bode plots, state feed-bac
k) are pow-er-ful and well-understood 
 []



[201]
Missing character: There is no ° (U+00B0) in font cmr12!
Missing character: There is no ° (U+00B0) in font cmr12!
Missing character: There is no ° (U+00B0) in font cmr12!
Missing character: There is no ° (U+00B0) in font cmr12!
Missing character: There is no ° (U+00B0) in font cmr12!

! LaTeX Error: \begin{document} ended by \end{chapter}.

See the LaTeX manual or LaTeX Companion for explanation.
Type  H <return>  for immediate help.
 ...                                              
                                                  
l.1221 \end{chapter}
                    
Your command was ignored.
Type  I <command> <return>  to replace it with another command,
or  <return>  to continue without it.

! Extra \endgroup.
\end  ...end#1\endcsname \@checkend {#1}\endgroup 
                                                  \UseHook {env/#1/after}\if...
l.1221 \end{chapter}
                    
Things are pretty mixed up, but I think the worst is over.

)

[202]

[203

]

[204] (./Part_III_Classical_Control/ch09_feedback_sensitivity.tex
Chapter 9.
! Use of \pgffor@dots@stripcontext doesn't match its definition.
\pgffor@dotsend ->9
                   /49
l.39     }
          
If you say, e.g., `\def\a1{...}', then you must always
put `1' after `\a', since control sequence names are
made up of letters only. The macro here has not been
followed by the required stuff, so I'm ignoring it.

! Undefined control sequence.
\pgffor@dots@value@process ...ext #1\pgffor@@stop 
                                                  \expandafter \pgffor@dots@...
l.39     }
          
The control sequence at the end of the top line
of your error message was never \def'ed. If you have
misspelled it (e.g., `\hobx'), type `I' and the correct
spelling (e.g., `I\hbox'). Otherwise just continue,
and I'll forget about whatever was undefined.

! Undefined control sequence.
\pgffor@dots@value@process ...k \pgffor@dotsvalue 
                                                  \pgffor@@stop \ifpgffor@al...
l.39     }
          
The control sequence at the end of the top line
of your error message was never \def'ed. If you have
misspelled it (e.g., `\hobx'), type `I' and the correct
spelling (e.g., `I\hbox'). Otherwise just continue,
and I'll forget about whatever was undefined.

Runaway argument?
ndefined\ifpgffor@alphabeticsequence \else \ifpgffor@assign@parse \begingroup \
ETC.
! Paragraph ended before \pgffor@@dotscharcheck was complete.
<to be read again> 
                   \par 
l.40 
     
I suspect you've forgotten a `}', causing me to apply this
control sequence to too much text. How can we recover?
My plan is to forget the whole thing and hope for the best.

! Extra }, or forgotten \endgroup.
\endpgfpicture ...globally \endgroup \hss \egroup 
                                                  \pgf@restore@layerlist@fro...
l.61 \end{tikzpicture}
                      
I've deleted a group-closing symbol because it seems to be
spurious, as in `$x}$'. But perhaps the } is legitimate and
you forgot something else, as in `\hbox{$x}'. In such cases
the way to recover is to insert both the forgotten and the
deleted material, e.g., by typing `I$}'.

! Missing } inserted.
<inserted text> 
                }
l.61 \end{tikzpicture}
                      
I've inserted something that you may have forgotten.
(See the <inserted text> above.)
With luck, this will get me unwedged. But if you
really didn't forget anything, try typing `2' now; then
my insertion and my current dilemma will both disappear.

! Extra }, or forgotten \endgroup.
\endpgfpicture ...dpicture \endgroup \hss \egroup 
                                                  \pgfsys@typesetpicturebox ...
l.61 \end{tikzpicture}
                      
I've deleted a group-closing symbol because it seems to be
spurious, as in `$x}$'. But perhaps the } is legitimate and
you forgot something else, as in `\hbox{$x}'. In such cases
the way to recover is to insert both the forgotten and the
deleted material, e.g., by typing `I$}'.

! Missing } inserted.
<inserted text> 
                }
l.61 \end{tikzpicture}
                      
I've inserted something that you may have forgotten.
(See the <inserted text> above.)
With luck, this will get me unwedged. But if you
really didn't forget anything, try typing `2' now; then
my insertion and my current dilemma will both disappear.

! Extra }, or forgotten \endgroup.
\@endfloatbox ...pagefalse \outer@nobreak \egroup 
                                                  \color@endbox 
l.64 \end{figure}
                 
I've deleted a group-closing symbol because it seems to be
spurious, as in `$x}$'. But perhaps the } is legitimate and
you forgot something else, as in `\hbox{$x}'. In such cases
the way to recover is to insert both the forgotten and the
deleted material, e.g., by typing `I$}'.


! LaTeX Error: Not in outer par mode.

See the LaTeX manual or LaTeX Companion for explanation.
Type  H <return>  for immediate help.
 ...                                              
                                                  
l.88 \begin{figure}[htbp]
                         
You've lost some text.  Try typing  <return>  to proceed.
If that doesn't work, type  X <return>  to quit.


! LaTeX Error: Not in outer par mode.

See the LaTeX manual or LaTeX Companion for explanation.
Type  H <return>  for immediate help.
 ...                                              
                                                  
l.200 \begin{figure}[htbp]
                          
You've lost some text.  Try typing  <return>  to proceed.
If that doesn't work, type  X <return>  to quit.

Missing character: There is no ° (U+00B0) in font cmr12!
Missing character: There is no ° (U+00B0) in font cmr12!

LaTeX Warning: Reference `fig:standard_feedback' on page 205 undefined on input
 line 252.


! LaTeX Error: Not in outer par mode.

See the LaTeX manual or LaTeX Companion for explanation.
Type  H <return>  for immediate help.
 ...                                              
                                                  
l.254 \begin{figure}[htbp]
                          
You've lost some text.  Try typing  <return>  to proceed.
If that doesn't work, type  X <return>  to quit.


LaTeX Warning: Reference `eq:error' on page 205 undefined on input line 327.


LaTeX Warning: Reference `eq:control' on page 205 undefined on input line 327.


LaTeX Warning: Reference `eq:plant' on page 205 undefined on input line 327.


LaTeX Warning: Reference `eq:complete_output' on page 205 undefined on input li
ne 380.


! LaTeX Error: Not in outer par mode.

See the LaTeX manual or LaTeX Companion for explanation.
Type  H <return>  for immediate help.
 ...                                              
                                                  
l.502 \begin{figure}[htbp]
                          
You've lost some text.  Try typing  <return>  to proceed.
If that doesn't work, type  X <return>  to quit.

Package pgfplots info on input line 517: Using 'lua backend=false' for axis: xm
ode=log unsupported (yet).
Package pgfplots info on input line 517: Using 'lua backend=false' for axis: ym
ode=log unsupported (yet).
Missing character: There is no ° (U+00B0) in font cmr12!
Missing character: There is no ° (U+00B0) in font cmr12!

LaTeX Warning: Reference `eq:complete_output' on page 205 undefined on input li
ne 564.


! LaTeX Error: Not in outer par mode.

See the LaTeX manual or LaTeX Companion for explanation.
Type  H <return>  for immediate help.
 ...                                              
                                                  
l.597 \begin{figure}[htbp]
                          
You've lost some text.  Try typing  <return>  to proceed.
If that doesn't work, type  X <return>  to quit.


! Package Listings Error: Couldn't load requested style.

See the Listings package documentation for explanation.
Type  H <return>  for immediate help.
 ...                                              
                                                  
l.663 ... with disturbance rejection measurement}]
                                                  
The following styles weren't loadable:
    ,arduino$
This may cause errors in the sequel.


! Package Listings Error: style arduino undefined.

See the Listings package documentation for explanation.
Type  H <return>  for immediate help.
 ...                                              
                                                  
l.663 ... with disturbance rejection measurement}]
                                                  
The style is not loadable. Try typing  <return>  to proceed.
If that doesn't work, type  X <return>  to quit.


LaTeX Warning: Reference `tab:drr_results' on page 205 undefined on input line 
798.


! LaTeX Error: Not in outer par mode.

See the LaTeX manual or LaTeX Companion for explanation.
Type  H <return>  for immediate help.
 ...                                              
                                                  
l.800 \begin{table}[htbp]
                         
You've lost some text.  Try typing  <return>  to proceed.
If that doesn't work, type  X <return>  to quit.


! LaTeX Error: Not in outer par mode.

See the LaTeX manual or LaTeX Companion for explanation.
Type  H <return>  for immediate help.
 ...                                              
                                                  
l.819 \begin{figure}[htbp]
                          
You've lost some text.  Try typing  <return>  to proceed.
If that doesn't work, type  X <return>  to quit.

Missing character: There is no ° (U+00B0) in font cmr12!
Missing character: There is no ° (U+00B0) in font cmr12!

! LaTeX Error: Not in outer par mode.

See the LaTeX manual or LaTeX Companion for explanation.
Type  H <return>  for immediate help.
 ...                                              
                                                  
l.1065 \begin{figure}[htbp]
                           
You've lost some text.  Try typing  <return>  to proceed.
If that doesn't work, type  X <return>  to quit.


LaTeX Warning: Reference `ex:opamp' on page 205 undefined on input line 1087.

Missing character: There is no ° (U+00B0) in font cmr12!

! LaTeX Error: Not in outer par mode.

See the LaTeX manual or LaTeX Companion for explanation.
Type  H <return>  for immediate help.
 ...                                              
                                                  
l.1236 \begin{figure}[htbp]
                           
You've lost some text.  Try typing  <return>  to proceed.
If that doesn't work, type  X <return>  to quit.


LaTeX Warning: Reference `sec:practical_experiment' on page 205 undefined on in
put line 1377.

) (./Part_III_Classical_Control/ch10_pid_control.tex
Chapter 10.
! Undefined control sequence.
l.31 \delta(t) = \Kp
                     \cdot e(t)
The control sequence at the end of the top line
of your error message was never \def'ed. If you have
misspelled it (e.g., `\hobx'), type `I' and the correct
spelling (e.g., `I\hbox'). Otherwise just continue,
and I'll forget about whatever was undefined.

! Undefined control sequence.
<recently read> \Kp 
                    
l.34 ...t{actual}}$ is the heading error, and $\Kp
                                                  $ is the proportional gain.
The control sequence at the end of the top line
of your error message was never \def'ed. If you have
misspelled it (e.g., `\hobx'), type `I' and the correct
spelling (e.g., `I\hbox'). Otherwise just continue,
and I'll forget about whatever was undefined.


! LaTeX Error: Not in outer par mode.

See the LaTeX manual or LaTeX Companion for explanation.
Type  H <return>  for immediate help.
 ...                                              
                                                  
l.38 \begin{figure}[htbp]
                         
You've lost some text.  Try typing  <return>  to proceed.
If that doesn't work, type  X <return>  to quit.

! Undefined control sequence.
l.55 ...ve, blue] at (4,0.3) {\small $\delta = \Kp
                                                   e$};
The control sequence at the end of the top line
of your error message was never \def'ed. If you have
misspelled it (e.g., `\hobx'), type `I' and the correct
spelling (e.g., `I\hbox'). Otherwise just continue,
and I'll forget about whatever was undefined.

! Undefined control sequence.
l.85 \delta(t) = \Kp
                     e(t) + \Ki \int_0^t e(\tau) \, d\tau + \Kd \frac{de(t)}...
The control sequence at the end of the top line
of your error message was never \def'ed. If you have
misspelled it (e.g., `\hobx'), type `I' and the correct
spelling (e.g., `I\hbox'). Otherwise just continue,
and I'll forget about whatever was undefined.

! Undefined control sequence.
l.85 \delta(t) = \Kp e(t) + \Ki
                                \int_0^t e(\tau) \, d\tau + \Kd \frac{de(t)}...
The control sequence at the end of the top line
of your error message was never \def'ed. If you have
misspelled it (e.g., `\hobx'), type `I' and the correct
spelling (e.g., `I\hbox'). Otherwise just continue,
and I'll forget about whatever was undefined.

! Undefined control sequence.
l.85 ...e(t) + \Ki \int_0^t e(\tau) \, d\tau + \Kd
                                                   \frac{de(t)}{dt}
The control sequence at the end of the top line
of your error message was never \def'ed. If you have
misspelled it (e.g., `\hobx'), type `I' and the correct
spelling (e.g., `I\hbox'). Otherwise just continue,
and I'll forget about whatever was undefined.


! LaTeX Error: Not in outer par mode.

See the LaTeX manual or LaTeX Companion for explanation.
Type  H <return>  for immediate help.
 ...                                              
                                                  
l.107 \begin{figure}[htbp]
                          
You've lost some text.  Try typing  <return>  to proceed.
If that doesn't work, type  X <return>  to quit.

! Undefined control sequence.
<recently read> \Ti 
                    
l.171 ...etermined the integral time constant $\Ti
                                                  $. Derivative action was i...
The control sequence at the end of the top line
of your error message was never \def'ed. If you have
misspelled it (e.g., `\hobx'), type `I' and the correct
spelling (e.g., `I\hbox'). Otherwise just continue,
and I'll forget about whatever was undefined.

! Undefined control sequence.
l.206 u(t) = \Kp
                 \left[ e(t) + \frac{1}{\Ti} \int_0^t e(\tau) \, d\tau \right]
The control sequence at the end of the top line
of your error message was never \def'ed. If you have
misspelled it (e.g., `\hobx'), type `I' and the correct
spelling (e.g., `I\hbox'). Otherwise just continue,
and I'll forget about whatever was undefined.

! Undefined control sequence.
<argument> \Ti 
               
l.206 u(t) = \Kp \left[ e(t) + \frac{1}{\Ti}
                                             \int_0^t e(\tau) \, d\tau \right]
The control sequence at the end of the top line
of your error message was never \def'ed. If you have
misspelled it (e.g., `\hobx'), type `I' and the correct
spelling (e.g., `I\hbox'). Otherwise just continue,
and I'll forget about whatever was undefined.

! Undefined control sequence.
<recently read> \Kp 
                    
l.208 ...ured}}$, and typical values might be $\Kp
                                                   = 2$--$5$ and $\Ti = 5$--...
The control sequence at the end of the top line
of your error message was never \def'ed. If you have
misspelled it (e.g., `\hobx'), type `I' and the correct
spelling (e.g., `I\hbox'). Otherwise just continue,
and I'll forget about whatever was undefined.

! Undefined control sequence.
<recently read> \Ti 
                    
l.208 ...l values might be $\Kp = 2$--$5$ and $\Ti
                                                   = 5$--$15$ minutes.
The control sequence at the end of the top line
of your error message was never \def'ed. If you have
misspelled it (e.g., `\hobx'), type `I' and the correct
spelling (e.g., `I\hbox'). Otherwise just continue,
and I'll forget about whatever was undefined.


Overfull \hbox (15.2923pt too wide) in paragraph at lines 216--217
[]\T1/ptm/b/n/12 At-ti-tude con-trollers\T1/ptm/m/n/12 : PID loops con-trol-ling
 ori-en-ta-tion an-gles (outer loop, run-ning at 250--1000
 []

! Undefined control sequence.
<argument>  \Kp 
                &\approx 20\text {--}30 \\ \Ki &\approx 1\text {--}3 \\ \Kd ...
l.231 \end{align}
                 
The control sequence at the end of the top line
of your error message was never \def'ed. If you have
misspelled it (e.g., `\hobx'), type `I' and the correct
spelling (e.g., `I\hbox'). Otherwise just continue,
and I'll forget about whatever was undefined.

! Undefined control sequence.
<argument>  \Kp &\approx 20\text {--}30 \\ \Ki 
                                               &\approx 1\text {--}3 \\ \Kd ...
l.231 \end{align}
                 
The control sequence at the end of the top line
of your error message was never \def'ed. If you have
misspelled it (e.g., `\hobx'), type `I' and the correct
spelling (e.g., `I\hbox'). Otherwise just continue,
and I'll forget about whatever was undefined.

! Undefined control sequence.
<argument> ...\\ \Ki &\approx 1\text {--}3 \\ \Kd 
                                                  &\approx 50\text {--}100 
l.231 \end{align}
                 
The control sequence at the end of the top line
of your error message was never \def'ed. If you have
misspelled it (e.g., `\hobx'), type `I' and the correct
spelling (e.g., `I\hbox'). Otherwise just continue,
and I'll forget about whatever was undefined.

! Undefined control sequence.
<argument>  \Kp 
                &\approx 20\text {--}30 \\ \Ki &\approx 1\text {--}3 \\ \Kd ...
l.231 \end{align}
                 
The control sequence at the end of the top line
of your error message was never \def'ed. If you have
misspelled it (e.g., `\hobx'), type `I' and the correct
spelling (e.g., `I\hbox'). Otherwise just continue,
and I'll forget about whatever was undefined.

! Undefined control sequence.
<argument>  \Kp &\approx 20\text {--}30 \\ \Ki 
                                               &\approx 1\text {--}3 \\ \Kd ...
l.231 \end{align}
                 
The control sequence at the end of the top line
of your error message was never \def'ed. If you have
misspelled it (e.g., `\hobx'), type `I' and the correct
spelling (e.g., `I\hbox'). Otherwise just continue,
and I'll forget about whatever was undefined.

! Undefined control sequence.
<argument> ...\\ \Ki &\approx 1\text {--}3 \\ \Kd 
                                                  &\approx 50\text {--}100 
l.231 \end{align}
                 
The control sequence at the end of the top line
of your error message was never \def'ed. If you have
misspelled it (e.g., `\hobx'), type `I' and the correct
spelling (e.g., `I\hbox'). Otherwise just continue,
and I'll forget about whatever was undefined.

! Undefined control sequence.
<argument> \m@th $\displaystyle u(t) = \Kp 
                                           e(t) + \Ki \int _0^t e(\tau ) \, ...
l.260 ... e(\tau) \, d\tau + \Kd \frac{de(t)}{dt}}
                                                  
The control sequence at the end of the top line
of your error message was never \def'ed. If you have
misspelled it (e.g., `\hobx'), type `I' and the correct
spelling (e.g., `I\hbox'). Otherwise just continue,
and I'll forget about whatever was undefined.

! Undefined control sequence.
<argument> ...\displaystyle u(t) = \Kp e(t) + \Ki 
                                                  \int _0^t e(\tau ) \, d\ta...
l.260 ... e(\tau) \, d\tau + \Kd \frac{de(t)}{dt}}
                                                  
The control sequence at the end of the top line
of your error message was never \def'ed. If you have
misspelled it (e.g., `\hobx'), type `I' and the correct
spelling (e.g., `I\hbox'). Otherwise just continue,
and I'll forget about whatever was undefined.

! Undefined control sequence.
<argument> ...i \int _0^t e(\tau ) \, d\tau + \Kd 
                                                  \frac {de(t)}{dt}$
l.260 ... e(\tau) \, d\tau + \Kd \frac{de(t)}{dt}}
                                                  
The control sequence at the end of the top line
of your error message was never \def'ed. If you have
misspelled it (e.g., `\hobx'), type `I' and the correct
spelling (e.g., `I\hbox'). Otherwise just continue,
and I'll forget about whatever was undefined.

! Undefined control sequence.
<recently read> \Kp 
                    
l.263 where $\Kp
                $ is the proportional gain, $\Ki$ is the integral gain, and ...
The control sequence at the end of the top line
of your error message was never \def'ed. If you have
misspelled it (e.g., `\hobx'), type `I' and the correct
spelling (e.g., `I\hbox'). Otherwise just continue,
and I'll forget about whatever was undefined.

! Undefined control sequence.
<recently read> \Ki 
                    
l.263 where $\Kp$ is the proportional gain, $\Ki
                                                $ is the integral gain, and ...
The control sequence at the end of the top line
of your error message was never \def'ed. If you have
misspelled it (e.g., `\hobx'), type `I' and the correct
spelling (e.g., `I\hbox'). Otherwise just continue,
and I'll forget about whatever was undefined.

! Undefined control sequence.
<recently read> \Kd 
                    
l.263 ...ain, $\Ki$ is the integral gain, and $\Kd
                                                  $ is the derivative gain.
The control sequence at the end of the top line
of your error message was never \def'ed. If you have
misspelled it (e.g., `\hobx'), type `I' and the correct
spelling (e.g., `I\hbox'). Otherwise just continue,
and I'll forget about whatever was undefined.

! Undefined control sequence.
l.268 u(t) = \Kp
                 \left[ e(t) + \frac{1}{\Ti} \int_0^t e(\tau) \, d\tau + \Td...
The control sequence at the end of the top line
of your error message was never \def'ed. If you have
misspelled it (e.g., `\hobx'), type `I' and the correct
spelling (e.g., `I\hbox'). Otherwise just continue,
and I'll forget about whatever was undefined.

! Undefined control sequence.
<argument> \Ti 
               
l.268 u(t) = \Kp \left[ e(t) + \frac{1}{\Ti}
                                             \int_0^t e(\tau) \, d\tau + \Td...
The control sequence at the end of the top line
of your error message was never \def'ed. If you have
misspelled it (e.g., `\hobx'), type `I' and the correct
spelling (e.g., `I\hbox'). Otherwise just continue,
and I'll forget about whatever was undefined.

! Undefined control sequence.
l.268 ...c{1}{\Ti} \int_0^t e(\tau) \, d\tau + \Td
                                                   \frac{de(t)}{dt} \right]
The control sequence at the end of the top line
of your error message was never \def'ed. If you have
misspelled it (e.g., `\hobx'), type `I' and the correct
spelling (e.g., `I\hbox'). Otherwise just continue,
and I'll forget about whatever was undefined.

! Undefined control sequence.
<recently read> \Ti 
                    
l.271 where $\Ti
                 = \Kp/\Ki$ is the \textbf{integral time} (or \textbf{reset ...
The control sequence at the end of the top line
of your error message was never \def'ed. If you have
misspelled it (e.g., `\hobx'), type `I' and the correct
spelling (e.g., `I\hbox'). Otherwise just continue,
and I'll forget about whatever was undefined.

! Undefined control sequence.
l.271 where $\Ti = \Kp
                      /\Ki$ is the \textbf{integral time} (or \textbf{reset ...
The control sequence at the end of the top line
of your error message was never \def'ed. If you have
misspelled it (e.g., `\hobx'), type `I' and the correct
spelling (e.g., `I\hbox'). Otherwise just continue,
and I'll forget about whatever was undefined.

! Undefined control sequence.
l.271 where $\Ti = \Kp/\Ki
                          $ is the \textbf{integral time} (or \textbf{reset ...
The control sequence at the end of the top line
of your error message was never \def'ed. If you have
misspelled it (e.g., `\hobx'), type `I' and the correct
spelling (e.g., `I\hbox'). Otherwise just continue,
and I'll forget about whatever was undefined.

! Undefined control sequence.
<recently read> \Td 
                    
l.271 ...l time} (or \textbf{reset time}) and $\Td
                                                   = \Kd/\Kp$ is the \textbf...
The control sequence at the end of the top line
of your error message was never \def'ed. If you have
misspelled it (e.g., `\hobx'), type `I' and the correct
spelling (e.g., `I\hbox'). Otherwise just continue,
and I'll forget about whatever was undefined.

! Undefined control sequence.
l.271 ...} (or \textbf{reset time}) and $\Td = \Kd
                                                  /\Kp$ is the \textbf{deriv...
The control sequence at the end of the top line
of your error message was never \def'ed. If you have
misspelled it (e.g., `\hobx'), type `I' and the correct
spelling (e.g., `I\hbox'). Otherwise just continue,
and I'll forget about whatever was undefined.

! Undefined control sequence.
l.271 ...r \textbf{reset time}) and $\Td = \Kd/\Kp
                                                  $ is the \textbf{derivativ...
The control sequence at the end of the top line
of your error message was never \def'ed. If you have
misspelled it (e.g., `\hobx'), type `I' and the correct
spelling (e.g., `I\hbox'). Otherwise just continue,
and I'll forget about whatever was undefined.

! Undefined control sequence.
l.275 \Ki
          = \frac{\Kp}{\Ti}, \qquad \Kd = \Kp \Td
The control sequence at the end of the top line
of your error message was never \def'ed. If you have
misspelled it (e.g., `\hobx'), type `I' and the correct
spelling (e.g., `I\hbox'). Otherwise just continue,
and I'll forget about whatever was undefined.

! Undefined control sequence.
<argument> \Kp 
               
l.275 \Ki = \frac{\Kp}{\Ti}
                           , \qquad \Kd = \Kp \Td
The control sequence at the end of the top line
of your error message was never \def'ed. If you have
misspelled it (e.g., `\hobx'), type `I' and the correct
spelling (e.g., `I\hbox'). Otherwise just continue,
and I'll forget about whatever was undefined.

! Undefined control sequence.
<argument> \Ti 
               
l.275 \Ki = \frac{\Kp}{\Ti}
                           , \qquad \Kd = \Kp \Td
The control sequence at the end of the top line
of your error message was never \def'ed. If you have
misspelled it (e.g., `\hobx'), type `I' and the correct
spelling (e.g., `I\hbox'). Otherwise just continue,
and I'll forget about whatever was undefined.

! Undefined control sequence.
l.275 \Ki = \frac{\Kp}{\Ti}, \qquad \Kd
                                        = \Kp \Td
The control sequence at the end of the top line
of your error message was never \def'ed. If you have
misspelled it (e.g., `\hobx'), type `I' and the correct
spelling (e.g., `I\hbox'). Otherwise just continue,
and I'll forget about whatever was undefined.

! Undefined control sequence.
l.275 \Ki = \frac{\Kp}{\Ti}, \qquad \Kd = \Kp
                                              \Td
The control sequence at the end of the top line
of your error message was never \def'ed. If you have
misspelled it (e.g., `\hobx'), type `I' and the correct
spelling (e.g., `I\hbox'). Otherwise just continue,
and I'll forget about whatever was undefined.

! Undefined control sequence.
l.275 \Ki = \frac{\Kp}{\Ti}, \qquad \Kd = \Kp \Td
                                                 
The control sequence at the end of the top line
of your error message was never \def'ed. If you have
misspelled it (e.g., `\hobx'), type `I' and the correct
spelling (e.g., `I\hbox'). Otherwise just continue,
and I'll forget about whatever was undefined.


LaTeX Warning: Reference `eq:pid_time' on page 205 undefined on input line 280.


! Undefined control sequence.
<argument>  U(s) &= \Kp 
                        E(s) + \Ki \frac {E(s)}{s} + \Kd s E(s) \\ &= \left ...
l.284 \end{align}
                 
The control sequence at the end of the top line
of your error message was never \def'ed. If you have
misspelled it (e.g., `\hobx'), type `I' and the correct
spelling (e.g., `I\hbox'). Otherwise just continue,
and I'll forget about whatever was undefined.

! Undefined control sequence.
<argument>  U(s) &= \Kp E(s) + \Ki 
                                   \frac {E(s)}{s} + \Kd s E(s) \\ &= \left ...
l.284 \end{align}
                 
The control sequence at the end of the top line
of your error message was never \def'ed. If you have
misspelled it (e.g., `\hobx'), type `I' and the correct
spelling (e.g., `I\hbox'). Otherwise just continue,
and I'll forget about whatever was undefined.

! Undefined control sequence.
<argument> ...Kp E(s) + \Ki \frac {E(s)}{s} + \Kd 
                                                  s E(s) \\ &= \left ( \Kp +...
l.284 \end{align}
                 
The control sequence at the end of the top line
of your error message was never \def'ed. If you have
misspelled it (e.g., `\hobx'), type `I' and the correct
spelling (e.g., `I\hbox'). Otherwise just continue,
and I'll forget about whatever was undefined.

! Undefined control sequence.
<argument> ...}{s} + \Kd s E(s) \\ &= \left ( \Kp 
                                                  + \frac {\Ki }{s} + \Kd s ...
l.284 \end{align}
                 
The control sequence at the end of the top line
of your error message was never \def'ed. If you have
misspelled it (e.g., `\hobx'), type `I' and the correct
spelling (e.g., `I\hbox'). Otherwise just continue,
and I'll forget about whatever was undefined.

! Undefined control sequence.
<argument> \Ki 
               
l.284 \end{align}
                 
The control sequence at the end of the top line
of your error message was never \def'ed. If you have
misspelled it (e.g., `\hobx'), type `I' and the correct
spelling (e.g., `I\hbox'). Otherwise just continue,
and I'll forget about whatever was undefined.

! Undefined control sequence.
<argument> ...\left ( \Kp + \frac {\Ki }{s} + \Kd 
                                                  s \right ) E(s) 
l.284 \end{align}
                 
The control sequence at the end of the top line
of your error message was never \def'ed. If you have
misspelled it (e.g., `\hobx'), type `I' and the correct
spelling (e.g., `I\hbox'). Otherwise just continue,
and I'll forget about whatever was undefined.

! Undefined control sequence.
<argument>  U(s) &= \Kp 
                        E(s) + \Ki \frac {E(s)}{s} + \Kd s E(s) \\ &= \left ...
l.284 \end{align}
                 
The control sequence at the end of the top line
of your error message was never \def'ed. If you have
misspelled it (e.g., `\hobx'), type `I' and the correct
spelling (e.g., `I\hbox'). Otherwise just continue,
and I'll forget about whatever was undefined.

! Undefined control sequence.
<argument>  U(s) &= \Kp E(s) + \Ki 
                                   \frac {E(s)}{s} + \Kd s E(s) \\ &= \left ...
l.284 \end{align}
                 
The control sequence at the end of the top line
of your error message was never \def'ed. If you have
misspelled it (e.g., `\hobx'), type `I' and the correct
spelling (e.g., `I\hbox'). Otherwise just continue,
and I'll forget about whatever was undefined.

! Undefined control sequence.
<argument> ...Kp E(s) + \Ki \frac {E(s)}{s} + \Kd 
                                                  s E(s) \\ &= \left ( \Kp +...
l.284 \end{align}
                 
The control sequence at the end of the top line
of your error message was never \def'ed. If you have
misspelled it (e.g., `\hobx'), type `I' and the correct
spelling (e.g., `I\hbox'). Otherwise just continue,
and I'll forget about whatever was undefined.

! Undefined control sequence.
<argument> ...}{s} + \Kd s E(s) \\ &= \left ( \Kp 
                                                  + \frac {\Ki }{s} + \Kd s ...
l.284 \end{align}
                 
The control sequence at the end of the top line
of your error message was never \def'ed. If you have
misspelled it (e.g., `\hobx'), type `I' and the correct
spelling (e.g., `I\hbox'). Otherwise just continue,
and I'll forget about whatever was undefined.

! Undefined control sequence.
<argument> \Ki 
               
l.284 \end{align}
                 
The control sequence at the end of the top line
of your error message was never \def'ed. If you have
misspelled it (e.g., `\hobx'), type `I' and the correct
spelling (e.g., `I\hbox'). Otherwise just continue,
and I'll forget about whatever was undefined.

! Undefined control sequence.
<argument> ...\left ( \Kp + \frac {\Ki }{s} + \Kd 
                                                  s \right ) E(s) 
l.284 \end{align}
                 
The control sequence at the end of the top line
of your error message was never \def'ed. If you have
misspelled it (e.g., `\hobx'), type `I' and the correct
spelling (e.g., `I\hbox'). Otherwise just continue,
and I'll forget about whatever was undefined.

! Undefined control sequence.
<argument> ...yle C(s) = \frac {U(s)}{E(s)} = \Kp 
                                                  + \frac {\Ki }{s} + \Kd s$
l.288 ...(s)}{E(s)} = \Kp + \frac{\Ki}{s} + \Kd s}
                                                  
The control sequence at the end of the top line
of your error message was never \def'ed. If you have
misspelled it (e.g., `\hobx'), type `I' and the correct
spelling (e.g., `I\hbox'). Otherwise just continue,
and I'll forget about whatever was undefined.

! Undefined control sequence.
<argument> \Ki 
               
l.288 ...(s)}{E(s)} = \Kp + \frac{\Ki}{s} + \Kd s}
                                                  
The control sequence at the end of the top line
of your error message was never \def'ed. If you have
misspelled it (e.g., `\hobx'), type `I' and the correct
spelling (e.g., `I\hbox'). Otherwise just continue,
and I'll forget about whatever was undefined.

! Undefined control sequence.
<argument> ...E(s)} = \Kp + \frac {\Ki }{s} + \Kd 
                                                  s$
l.288 ...(s)}{E(s)} = \Kp + \frac{\Ki}{s} + \Kd s}
                                                  
The control sequence at the end of the top line
of your error message was never \def'ed. If you have
misspelled it (e.g., `\hobx'), type `I' and the correct
spelling (e.g., `I\hbox'). Otherwise just continue,
and I'll forget about whatever was undefined.

! Undefined control sequence.
l.294 C(s) = \Kp
                 \left( 1 + \frac{1}{\Ti s} + \Td s \right)
The control sequence at the end of the top line
of your error message was never \def'ed. If you have
misspelled it (e.g., `\hobx'), type `I' and the correct
spelling (e.g., `I\hbox'). Otherwise just continue,
and I'll forget about whatever was undefined.

! Undefined control sequence.
<argument> \Ti 
               s
l.294 C(s) = \Kp \left( 1 + \frac{1}{\Ti s}
                                            + \Td s \right)
The control sequence at the end of the top line
of your error message was never \def'ed. If you have
misspelled it (e.g., `\hobx'), type `I' and the correct
spelling (e.g., `I\hbox'). Otherwise just continue,
and I'll forget about whatever was undefined.

! Undefined control sequence.
l.294 C(s) = \Kp \left( 1 + \frac{1}{\Ti s} + \Td
                                                  s \right)
The control sequence at the end of the top line
of your error message was never \def'ed. If you have
misspelled it (e.g., `\hobx'), type `I' and the correct
spelling (e.g., `I\hbox'). Otherwise just continue,
and I'll forget about whatever was undefined.

! Undefined control sequence.
<argument> \Kd 
               s^2 + \Kp s + \Ki 
l.300 C(s) = \frac{\Kd s^2 + \Kp s + \Ki}{s}
                                             = \Kp \cdot \frac{\Ti \Td s^2 +...
The control sequence at the end of the top line
of your error message was never \def'ed. If you have
misspelled it (e.g., `\hobx'), type `I' and the correct
spelling (e.g., `I\hbox'). Otherwise just continue,
and I'll forget about whatever was undefined.

! Undefined control sequence.
<argument> \Kd s^2 + \Kp 
                         s + \Ki 
l.300 C(s) = \frac{\Kd s^2 + \Kp s + \Ki}{s}
                                             = \Kp \cdot \frac{\Ti \Td s^2 +...
The control sequence at the end of the top line
of your error message was never \def'ed. If you have
misspelled it (e.g., `\hobx'), type `I' and the correct
spelling (e.g., `I\hbox'). Otherwise just continue,
and I'll forget about whatever was undefined.

! Undefined control sequence.
<argument> \Kd s^2 + \Kp s + \Ki 
                                 
l.300 C(s) = \frac{\Kd s^2 + \Kp s + \Ki}{s}
                                             = \Kp \cdot \frac{\Ti \Td s^2 +...
The control sequence at the end of the top line
of your error message was never \def'ed. If you have
misspelled it (e.g., `\hobx'), type `I' and the correct
spelling (e.g., `I\hbox'). Otherwise just continue,
and I'll forget about whatever was undefined.

! Undefined control sequence.
l.300 C(s) = \frac{\Kd s^2 + \Kp s + \Ki}{s} = \Kp
                                                   \cdot \frac{\Ti \Td s^2 +...
The control sequence at the end of the top line
of your error message was never \def'ed. If you have
misspelled it (e.g., `\hobx'), type `I' and the correct
spelling (e.g., `I\hbox'). Otherwise just continue,
and I'll forget about whatever was undefined.

! Undefined control sequence.
<argument> \Ti 
               \Td s^2 + \Ti s + 1
l.300 ...dot \frac{\Ti \Td s^2 + \Ti s + 1}{\Ti s}
                                                  
The control sequence at the end of the top line
of your error message was never \def'ed. If you have
misspelled it (e.g., `\hobx'), type `I' and the correct
spelling (e.g., `I\hbox'). Otherwise just continue,
and I'll forget about whatever was undefined.

! Undefined control sequence.
<argument> \Ti \Td 
                   s^2 + \Ti s + 1
l.300 ...dot \frac{\Ti \Td s^2 + \Ti s + 1}{\Ti s}
                                                  
The control sequence at the end of the top line
of your error message was never \def'ed. If you have
misspelled it (e.g., `\hobx'), type `I' and the correct
spelling (e.g., `I\hbox'). Otherwise just continue,
and I'll forget about whatever was undefined.

! Undefined control sequence.
<argument> \Ti \Td s^2 + \Ti 
                             s + 1
l.300 ...dot \frac{\Ti \Td s^2 + \Ti s + 1}{\Ti s}
                                                  
The control sequence at the end of the top line
of your error message was never \def'ed. If you have
misspelled it (e.g., `\hobx'), type `I' and the correct
spelling (e.g., `I\hbox'). Otherwise just continue,
and I'll forget about whatever was undefined.

! Undefined control sequence.
<argument> \Ti 
               s
l.300 ...dot \frac{\Ti \Td s^2 + \Ti s + 1}{\Ti s}
                                                  
The control sequence at the end of the top line
of your error message was never \def'ed. If you have
misspelled it (e.g., `\hobx'), type `I' and the correct
spelling (e.g., `I\hbox'). Otherwise just continue,
and I'll forget about whatever was undefined.

! Undefined control sequence.
<argument> -\Kp 
                \pm \sqrt {\Kp ^2 - 4\Kd \Ki }
l.312 ...ac{-\Kp \pm \sqrt{\Kp^2 - 4\Kd\Ki}}{2\Kd}
                                                  
The control sequence at the end of the top line
of your error message was never \def'ed. If you have
misspelled it (e.g., `\hobx'), type `I' and the correct
spelling (e.g., `I\hbox'). Otherwise just continue,
and I'll forget about whatever was undefined.

! Undefined control sequence.
<argument> -\Kp \pm \sqrt {\Kp 
                               ^2 - 4\Kd \Ki }
l.312 ...ac{-\Kp \pm \sqrt{\Kp^2 - 4\Kd\Ki}}{2\Kd}
                                                  
The control sequence at the end of the top line
of your error message was never \def'ed. If you have
misspelled it (e.g., `\hobx'), type `I' and the correct
spelling (e.g., `I\hbox'). Otherwise just continue,
and I'll forget about whatever was undefined.

! Undefined control sequence.
<argument> -\Kp \pm \sqrt {\Kp ^2 - 4\Kd 
                                         \Ki }
l.312 ...ac{-\Kp \pm \sqrt{\Kp^2 - 4\Kd\Ki}}{2\Kd}
                                                  
The control sequence at the end of the top line
of your error message was never \def'ed. If you have
misspelled it (e.g., `\hobx'), type `I' and the correct
spelling (e.g., `I\hbox'). Otherwise just continue,
and I'll forget about whatever was undefined.

! Undefined control sequence.
<argument> -\Kp \pm \sqrt {\Kp ^2 - 4\Kd \Ki 
                                             }
l.312 ...ac{-\Kp \pm \sqrt{\Kp^2 - 4\Kd\Ki}}{2\Kd}
                                                  
The control sequence at the end of the top line
of your error message was never \def'ed. If you have
misspelled it (e.g., `\hobx'), type `I' and the correct
spelling (e.g., `I\hbox'). Otherwise just continue,
and I'll forget about whatever was undefined.

! Undefined control sequence.
<argument> 2\Kd 
                
l.312 ...ac{-\Kp \pm \sqrt{\Kp^2 - 4\Kd\Ki}}{2\Kd}
                                                  
The control sequence at the end of the top line
of your error message was never \def'ed. If you have
misspelled it (e.g., `\hobx'), type `I' and the correct
spelling (e.g., `I\hbox'). Otherwise just continue,
and I'll forget about whatever was undefined.


! LaTeX Error: Not in outer par mode.

See the LaTeX manual or LaTeX Companion for explanation.
Type  H <return>  for immediate help.
 ...                                              
                                                  
l.315 \begin{figure}[htbp]
                          
You've lost some text.  Try typing  <return>  to proceed.
If that doesn't work, type  X <return>  to quit.

! Undefined control sequence.
<recently read> \Kp 
                    
l.337     \node[block] (P) at (6,2) {$\Kp
                                         $};
The control sequence at the end of the top line
of your error message was never \def'ed. If you have
misspelled it (e.g., `\hobx'), type `I' and the correct
spelling (e.g., `I\hbox'). Otherwise just continue,
and I'll forget about whatever was undefined.

! Undefined control sequence.
<argument> \Ki 
               
l.340 ...(I) at (6,0) {$\displaystyle\frac{\Ki}{s}
                                                  $};
The control sequence at the end of the top line
of your error message was never \def'ed. If you have
misspelled it (e.g., `\hobx'), type `I' and the correct
spelling (e.g., `I\hbox'). Otherwise just continue,
and I'll forget about whatever was undefined.

! Undefined control sequence.
<recently read> \Kd 
                    
l.343     \node[block] (D) at (6,-2) {$\Kd
                                           s$};
The control sequence at the end of the top line
of your error message was never \def'ed. If you have
misspelled it (e.g., `\hobx'), type `I' and the correct
spelling (e.g., `I\hbox'). Otherwise just continue,
and I'll forget about whatever was undefined.


Overfull \hbox (31.62318pt too wide) in paragraph at lines 382--383
 [][] 
 []

! Undefined control sequence.
<argument> ... parallel paths: proportional ($\Kp 
                                                  $), integral ($\Ki /s$), a...
l.383 ...ed to produce the control signal $U(s)$.}
                                                  
The control sequence at the end of the top line
of your error message was never \def'ed. If you have
misspelled it (e.g., `\hobx'), type `I' and the correct
spelling (e.g., `I\hbox'). Otherwise just continue,
and I'll forget about whatever was undefined.

! Undefined control sequence.
<argument> ...oportional ($\Kp $), integral ($\Ki 
                                                  /s$), and derivative ($\Kd...
l.383 ...ed to produce the control signal $U(s)$.}
                                                  
The control sequence at the end of the top line
of your error message was never \def'ed. If you have
misspelled it (e.g., `\hobx'), type `I' and the correct
spelling (e.g., `I\hbox'). Otherwise just continue,
and I'll forget about whatever was undefined.

! Undefined control sequence.
<argument> ...al ($\Ki /s$), and derivative ($\Kd 
                                                  s$). The outputs are summe...
l.383 ...ed to produce the control signal $U(s)$.}
                                                  
The control sequence at the end of the top line
of your error message was never \def'ed. If you have
misspelled it (e.g., `\hobx'), type `I' and the correct
spelling (e.g., `I\hbox'). Otherwise just continue,
and I'll forget about whatever was undefined.

! Undefined control sequence.
<recently read> \Kp 
                    
l.383 ...ed to produce the control signal $U(s)$.}
                                                  
The control sequence at the end of the top line
of your error message was never \def'ed. If you have
misspelled it (e.g., `\hobx'), type `I' and the correct
spelling (e.g., `I\hbox'). Otherwise just continue,
and I'll forget about whatever was undefined.

! Undefined control sequence.
<recently read> \Ki 
                    
l.383 ...ed to produce the control signal $U(s)$.}
                                                  
The control sequence at the end of the top line
of your error message was never \def'ed. If you have
misspelled it (e.g., `\hobx'), type `I' and the correct
spelling (e.g., `I\hbox'). Otherwise just continue,
and I'll forget about whatever was undefined.

! Undefined control sequence.
<recently read> \Kd 
                    
l.383 ...ed to produce the control signal $U(s)$.}
                                                  
The control sequence at the end of the top line
of your error message was never \def'ed. If you have
misspelled it (e.g., `\hobx'), type `I' and the correct
spelling (e.g., `I\hbox'). Otherwise just continue,
and I'll forget about whatever was undefined.

! Undefined control sequence.
<recently read> \Kp 
                    
l.383 ...ed to produce the control signal $U(s)$.}
                                                  
The control sequence at the end of the top line
of your error message was never \def'ed. If you have
misspelled it (e.g., `\hobx'), type `I' and the correct
spelling (e.g., `I\hbox'). Otherwise just continue,
and I'll forget about whatever was undefined.

! Undefined control sequence.
<recently read> \Ki 
                    
l.383 ...ed to produce the control signal $U(s)$.}
                                                  
The control sequence at the end of the top line
of your error message was never \def'ed. If you have
misspelled it (e.g., `\hobx'), type `I' and the correct
spelling (e.g., `I\hbox'). Otherwise just continue,
and I'll forget about whatever was undefined.

! Undefined control sequence.
<recently read> \Kd 
                    
l.383 ...ed to produce the control signal $U(s)$.}
                                                  
The control sequence at the end of the top line
of your error message was never \def'ed. If you have
misspelled it (e.g., `\hobx'), type `I' and the correct
spelling (e.g., `I\hbox'). Otherwise just continue,
and I'll forget about whatever was undefined.

! Undefined control sequence.
l.389 ...ith proportional-only control $C(s) = \Kp
                                                  $ and a plant $G(s)$. The ...
The control sequence at the end of the top line
of your error message was never \def'ed. If you have
misspelled it (e.g., `\hobx'), type `I' and the correct
spelling (e.g., `I\hbox'). Otherwise just continue,
and I'll forget about whatever was undefined.

! Undefined control sequence.
<argument> \Kp 
               G(s)
l.391 T(s) = \frac{\Kp G(s)}{1 + \Kp G(s)}
                                          
The control sequence at the end of the top line
of your error message was never \def'ed. If you have
misspelled it (e.g., `\hobx'), type `I' and the correct
spelling (e.g., `I\hbox'). Otherwise just continue,
and I'll forget about whatever was undefined.

! Undefined control sequence.
<argument> 1 + \Kp 
                   G(s)
l.391 T(s) = \frac{\Kp G(s)}{1 + \Kp G(s)}
                                          
The control sequence at the end of the top line
of your error message was never \def'ed. If you have
misspelled it (e.g., `\hobx'), type `I' and the correct
spelling (e.g., `I\hbox'). Otherwise just continue,
and I'll forget about whatever was undefined.

! Undefined control sequence.
<recently read> \Kp 
                    
l.394 ...ffect on transient response:} Higher $\Kp
                                                  $ generally produces faste...
The control sequence at the end of the top line
of your error message was never \def'ed. If you have
misspelled it (e.g., `\hobx'), type `I' and the correct
spelling (e.g., `I\hbox'). Otherwise just continue,
and I'll forget about whatever was undefined.

! Undefined control sequence.
<argument> 1 + \Kp 
                   G(s)
l.398 ..._{s \to 0} s \cdot \frac{1}{1 + \Kp G(s)}
                                                   \cdot \frac{1}{s} = \frac...
The control sequence at the end of the top line
of your error message was never \def'ed. If you have
misspelled it (e.g., `\hobx'), type `I' and the correct
spelling (e.g., `I\hbox'). Otherwise just continue,
and I'll forget about whatever was undefined.

! Undefined control sequence.
<argument> 1 + \Kp 
                   G(0)
l.398 ...cdot \frac{1}{s} = \frac{1}{1 + \Kp G(0)}
                                                  
The control sequence at the end of the top line
of your error message was never \def'ed. If you have
misspelled it (e.g., `\hobx'), type `I' and the correct
spelling (e.g., `I\hbox'). Otherwise just continue,
and I'll forget about whatever was undefined.

! Undefined control sequence.
<argument> 1 + \Kp 
                   K_{\text {plant}}
l.403 ...ss} = \frac{1}{1 + \Kp K_{\text{plant}}}}
                                                  
The control sequence at the end of the top line
of your error message was never \def'ed. If you have
misspelled it (e.g., `\hobx'), type `I' and the correct
spelling (e.g., `I\hbox'). Otherwise just continue,
and I'll forget about whatever was undefined.

! Undefined control sequence.
<recently read> \Kp 
                    
l.407 ...Type 0 plants}. Even with very large $\Kp
                                                  $, some residual error rem...
The control sequence at the end of the top line
of your error message was never \def'ed. If you have
misspelled it (e.g., `\hobx'), type `I' and the correct
spelling (e.g., `I\hbox'). Otherwise just continue,
and I'll forget about whatever was undefined.

! Undefined control sequence.
<recently read> \Kp 
                    
l.410 ...ty DC gain. A P-only controller with $\Kp
                                                   = 4$ is used.
The control sequence at the end of the top line
of your error message was never \def'ed. If you have
misspelled it (e.g., `\hobx'), type `I' and the correct
spelling (e.g., `I\hbox'). Otherwise just continue,
and I'll forget about whatever was undefined.

! Undefined control sequence.
<argument> 1 + \Kp 
                   
l.424 \frac{1}{1 + \Kp}
                        = 0.05 \implies \Kp = 19
The control sequence at the end of the top line
of your error message was never \def'ed. If you have
misspelled it (e.g., `\hobx'), type `I' and the correct
spelling (e.g., `I\hbox'). Otherwise just continue,
and I'll forget about whatever was undefined.

! Undefined control sequence.
l.424 \frac{1}{1 + \Kp} = 0.05 \implies \Kp
                                            = 19
The control sequence at the end of the top line
of your error message was never \def'ed. If you have
misspelled it (e.g., `\hobx'), type `I' and the correct
spelling (e.g., `I\hbox'). Otherwise just continue,
and I'll forget about whatever was undefined.

! Undefined control sequence.
l.434 u_I(t) = \Ki
                   \int_0^t e(\tau) \, d\tau
The control sequence at the end of the top line
of your error message was never \def'ed. If you have
misspelled it (e.g., `\hobx'), type `I' and the correct
spelling (e.g., `I\hbox'). Otherwise just continue,
and I'll forget about whatever was undefined.

! Undefined control sequence.
<recently read> \Ki 
                    
l.439 ... \neq 0$. The integral term grows as $\Ki
                                                   e_0 t$, continuously incr...
The control sequence at the end of the top line
of your error message was never \def'ed. If you have
misspelled it (e.g., `\hobx'), type `I' and the correct
spelling (e.g., `I\hbox'). Otherwise just continue,
and I'll forget about whatever was undefined.

! Undefined control sequence.
l.443 C(s) = \Kp
                 + \frac{\Ki}{s} = \frac{\Kp s + \Ki}{s}
The control sequence at the end of the top line
of your error message was never \def'ed. If you have
misspelled it (e.g., `\hobx'), type `I' and the correct
spelling (e.g., `I\hbox'). Otherwise just continue,
and I'll forget about whatever was undefined.

! Undefined control sequence.
<argument> \Ki 
               
l.443 C(s) = \Kp + \frac{\Ki}{s}
                                 = \frac{\Kp s + \Ki}{s}
The control sequence at the end of the top line
of your error message was never \def'ed. If you have
misspelled it (e.g., `\hobx'), type `I' and the correct
spelling (e.g., `I\hbox'). Otherwise just continue,
and I'll forget about whatever was undefined.

! Undefined control sequence.
<argument> \Kp 
               s + \Ki 
l.443 ...p + \frac{\Ki}{s} = \frac{\Kp s + \Ki}{s}
                                                  
The control sequence at the end of the top line
of your error message was never \def'ed. If you have
misspelled it (e.g., `\hobx'), type `I' and the correct
spelling (e.g., `I\hbox'). Otherwise just continue,
and I'll forget about whatever was undefined.

! Undefined control sequence.
<argument> \Kp s + \Ki 
                       
l.443 ...p + \frac{\Ki}{s} = \frac{\Kp s + \Ki}{s}
                                                  
The control sequence at the end of the top line
of your error message was never \def'ed. If you have
misspelled it (e.g., `\hobx'), type `I' and the correct
spelling (e.g., `I\hbox'). Otherwise just continue,
and I'll forget about whatever was undefined.

! Undefined control sequence.
l.456 u_D(t) = \Kd
                   \frac{de(t)}{dt}
The control sequence at the end of the top line
of your error message was never \def'ed. If you have
misspelled it (e.g., `\hobx'), type `I' and the correct
spelling (e.g., `I\hbox'). Otherwise just continue,
and I'll forget about whatever was undefined.

! Undefined control sequence.
<recently read> \Kd 
                    
l.461 ... domain perspective:} The derivative $\Kd
                                                   s$ has magnitude $|\Kd s|...
The control sequence at the end of the top line
of your error message was never \def'ed. If you have
misspelled it (e.g., `\hobx'), type `I' and the correct
spelling (e.g., `I\hbox'). Otherwise just continue,
and I'll forget about whatever was undefined.

! Undefined control sequence.
l.461 ...he derivative $\Kd s$ has magnitude $|\Kd
                                                   s| = \Kd \omega$ increasi...
The control sequence at the end of the top line
of your error message was never \def'ed. If you have
misspelled it (e.g., `\hobx'), type `I' and the correct
spelling (e.g., `I\hbox'). Otherwise just continue,
and I'll forget about whatever was undefined.

! Undefined control sequence.
l.461 ...tive $\Kd s$ has magnitude $|\Kd s| = \Kd
                                                   \omega$ increasing with f...
The control sequence at the end of the top line
of your error message was never \def'ed. If you have
misspelled it (e.g., `\hobx'), type `I' and the correct
spelling (e.g., `I\hbox'). Otherwise just continue,
and I'll forget about whatever was undefined.

Missing character: There is no ° (U+00B0) in font cmr12!
! Undefined control sequence.
<argument> \Kd 
               s
l.469 D(s) = \frac{\Kd s}{1 + \frac{\Kd}{N\Kp} s}
                                                  = \frac{\Kd s}{1 + \frac{\...
The control sequence at the end of the top line
of your error message was never \def'ed. If you have
misspelled it (e.g., `\hobx'), type `I' and the correct
spelling (e.g., `I\hbox'). Otherwise just continue,
and I'll forget about whatever was undefined.

! Undefined control sequence.
<argument> \Kd 
               
l.469 D(s) = \frac{\Kd s}{1 + \frac{\Kd}{N\Kp} s}
                                                  = \frac{\Kd s}{1 + \frac{\...
The control sequence at the end of the top line
of your error message was never \def'ed. If you have
misspelled it (e.g., `\hobx'), type `I' and the correct
spelling (e.g., `I\hbox'). Otherwise just continue,
and I'll forget about whatever was undefined.

! Undefined control sequence.
<argument> N\Kp 
                
l.469 D(s) = \frac{\Kd s}{1 + \frac{\Kd}{N\Kp} s}
                                                  = \frac{\Kd s}{1 + \frac{\...
The control sequence at the end of the top line
of your error message was never \def'ed. If you have
misspelled it (e.g., `\hobx'), type `I' and the correct
spelling (e.g., `I\hbox'). Otherwise just continue,
and I'll forget about whatever was undefined.

! Undefined control sequence.
<argument> \Kd 
               s
l.469 ...p} s} = \frac{\Kd s}{1 + \frac{\Td}{N} s}
                                                  
The control sequence at the end of the top line
of your error message was never \def'ed. If you have
misspelled it (e.g., `\hobx'), type `I' and the correct
spelling (e.g., `I\hbox'). Otherwise just continue,
and I'll forget about whatever was undefined.

! Undefined control sequence.
<argument> \Td 
               
l.469 ...p} s} = \frac{\Kd s}{1 + \frac{\Td}{N} s}
                                                  
The control sequence at the end of the top line
of your error message was never \def'ed. If you have
misspelled it (e.g., `\hobx'), type `I' and the correct
spelling (e.g., `I\hbox'). Otherwise just continue,
and I'll forget about whatever was undefined.


! LaTeX Error: Not in outer par mode.

See the LaTeX manual or LaTeX Companion for explanation.
Type  H <return>  for immediate help.
 ...                                              
                                                  
l.474 \begin{figure}[htbp]
                          
You've lost some text.  Try typing  <return>  to proceed.
If that doesn't work, type  X <return>  to quit.


LaTeX Warning: Reference `tab:pid_effects' on page 205 undefined on input line 
521.


! LaTeX Error: Not in outer par mode.

See the LaTeX manual or LaTeX Companion for explanation.
Type  H <return>  for immediate help.
 ...                                              
                                                  
l.523 \begin{table}[htbp]
                         
You've lost some text.  Try typing  <return>  to proceed.
If that doesn't work, type  X <return>  to quit.

! Undefined control sequence.
<recently read> \Kp 
                    
l.531 Increase $\Kp
                   $ & Decrease & Increase & Small change & Decrease & Degra...
The control sequence at the end of the top line
of your error message was never \def'ed. If you have
misspelled it (e.g., `\hobx'), type `I' and the correct
spelling (e.g., `I\hbox'). Otherwise just continue,
and I'll forget about whatever was undefined.

! Undefined control sequence.
<recently read> \Ki 
                    
l.532 Increase $\Ki
                   $ & Decrease & Increase & Increase & Eliminate & Degrade \\
The control sequence at the end of the top line
of your error message was never \def'ed. If you have
misspelled it (e.g., `\hobx'), type `I' and the correct
spelling (e.g., `I\hbox'). Otherwise just continue,
and I'll forget about whatever was undefined.

! Undefined control sequence.
<recently read> \Kd 
                    
l.533 Increase $\Kd
                   $ & Minor & Decrease & Decrease & No effect & Improve$^*$ \\
The control sequence at the end of the top line
of your error message was never \def'ed. If you have
misspelled it (e.g., `\hobx'), type `I' and the correct
spelling (e.g., `I\hbox'). Otherwise just continue,
and I'll forget about whatever was undefined.


! LaTeX Error: Not in outer par mode.

See the LaTeX manual or LaTeX Companion for explanation.
Type  H <return>  for immediate help.
 ...                                              
                                                  
l.539 \begin{figure}[htbp]
                          
You've lost some text.  Try typing  <return>  to proceed.
If that doesn't work, type  X <return>  to quit.


! LaTeX Error: Environment subfigure undefined.

See the LaTeX manual or LaTeX Companion for explanation.
Type  H <return>  for immediate help.
 ...                                              
                                                  
l.541 \begin{subfigure}
                       [b]{0.48\textwidth}
Your command was ignored.
Type  I <command> <return>  to replace it with another command,
or  <return>  to continue without it.

! Missing number, treated as zero.
<to be read again> 
                   }
l.541 \begin{subfigure}[b]{0.48\textwidth}
                                          
A number should have been here; I inserted `0'.
(If you can't figure out why I needed to see a number,
look up `weird error' in the index to The TeXbook.)

! Illegal unit of measure (pt inserted).
<to be read again> 
                   }
l.541 \begin{subfigure}[b]{0.48\textwidth}
                                          
Dimensions can be in units of em, ex, in, pt, pc,
cm, mm, dd, cc, nd, nc, bp, or sp; but yours is a new one!
I'll assume that you meant to say pt, for printer's points.
To recover gracefully from this error, it's best to
delete the erroneous units; e.g., type `2' to delete
two letters. (See Chapter 27 of The TeXbook.)

! Undefined control sequence.
<recently read> \Kp 
                    
l.564 \end{axis}
                
The control sequence at the end of the top line
of your error message was never \def'ed. If you have
misspelled it (e.g., `\hobx'), type `I' and the correct
spelling (e.g., `I\hbox'). Otherwise just continue,
and I'll forget about whatever was undefined.

! Undefined control sequence.
<recently read> \Kp 
                    
l.564 \end{axis}
                
The control sequence at the end of the top line
of your error message was never \def'ed. If you have
misspelled it (e.g., `\hobx'), type `I' and the correct
spelling (e.g., `I\hbox'). Otherwise just continue,
and I'll forget about whatever was undefined.

! Undefined control sequence.
<recently read> \Kp 
                    
l.564 \end{axis}
                
The control sequence at the end of the top line
of your error message was never \def'ed. If you have
misspelled it (e.g., `\hobx'), type `I' and the correct
spelling (e.g., `I\hbox'). Otherwise just continue,
and I'll forget about whatever was undefined.

! Undefined control sequence.
<recently read> \Kp 
                    
l.564 \end{axis}
                
The control sequence at the end of the top line
of your error message was never \def'ed. If you have
misspelled it (e.g., `\hobx'), type `I' and the correct
spelling (e.g., `I\hbox'). Otherwise just continue,
and I'll forget about whatever was undefined.


! LaTeX Error: \begin{figure} on input line 539 ended by \end{subfigure}.

See the LaTeX manual or LaTeX Companion for explanation.
Type  H <return>  for immediate help.
 ...                                              
                                                  
l.566 \end{subfigure}
                     
Your command was ignored.
Type  I <command> <return>  to replace it with another command,
or  <return>  to continue without it.


! LaTeX Error: Environment subfigure undefined.

See the LaTeX manual or LaTeX Companion for explanation.
Type  H <return>  for immediate help.
 ...                                              
                                                  
l.568 \begin{subfigure}
                       [b]{0.48\textwidth}
Your command was ignored.
Type  I <command> <return>  to replace it with another command,
or  <return>  to continue without it.

! Missing number, treated as zero.
<to be read again> 
                   }
l.568 \begin{subfigure}[b]{0.48\textwidth}
                                          
A number should have been here; I inserted `0'.
(If you can't figure out why I needed to see a number,
look up `weird error' in the index to The TeXbook.)

! Illegal unit of measure (pt inserted).
<to be read again> 
                   }
l.568 \begin{subfigure}[b]{0.48\textwidth}
                                          
Dimensions can be in units of em, ex, in, pt, pc,
cm, mm, dd, cc, nd, nc, bp, or sp; but yours is a new one!
I'll assume that you meant to say pt, for printer's points.
To recover gracefully from this error, it's best to
delete the erroneous units; e.g., type `2' to delete
two letters. (See Chapter 27 of The TeXbook.)

! Undefined control sequence.
<recently read> \Ki 
                    
l.591 \end{axis}
                
The control sequence at the end of the top line
of your error message was never \def'ed. If you have
misspelled it (e.g., `\hobx'), type `I' and the correct
spelling (e.g., `I\hbox'). Otherwise just continue,
and I'll forget about whatever was undefined.

! Undefined control sequence.
<recently read> \Ki 
                    
l.591 \end{axis}
                
The control sequence at the end of the top line
of your error message was never \def'ed. If you have
misspelled it (e.g., `\hobx'), type `I' and the correct
spelling (e.g., `I\hbox'). Otherwise just continue,
and I'll forget about whatever was undefined.

! Undefined control sequence.
<recently read> \Ki 
                    
l.591 \end{axis}
                
The control sequence at the end of the top line
of your error message was never \def'ed. If you have
misspelled it (e.g., `\hobx'), type `I' and the correct
spelling (e.g., `I\hbox'). Otherwise just continue,
and I'll forget about whatever was undefined.

! Undefined control sequence.
<recently read> \Ki 
                    
l.591 \end{axis}
                
The control sequence at the end of the top line
of your error message was never \def'ed. If you have
misspelled it (e.g., `\hobx'), type `I' and the correct
spelling (e.g., `I\hbox'). Otherwise just continue,
and I'll forget about whatever was undefined.


! LaTeX Error: \begin{figure} on input line 539 ended by \end{subfigure}.

See the LaTeX manual or LaTeX Companion for explanation.
Type  H <return>  for immediate help.
 ...                                              
                                                  
l.593 \end{subfigure}
                     
Your command was ignored.
Type  I <command> <return>  to replace it with another command,
or  <return>  to continue without it.


Overfull \hbox (4.07146pt too wide) in paragraph at lines 541--594
 [] 
 []


Overfull \hbox (4.07146pt too wide) in paragraph at lines 541--594
 [] 
 []


! LaTeX Error: Environment subfigure undefined.

See the LaTeX manual or LaTeX Companion for explanation.
Type  H <return>  for immediate help.
 ...                                              
                                                  
l.597 \begin{subfigure}
                       [b]{0.48\textwidth}
Your command was ignored.
Type  I <command> <return>  to replace it with another command,
or  <return>  to continue without it.

! Missing number, treated as zero.
<to be read again> 
                   }
l.597 \begin{subfigure}[b]{0.48\textwidth}
                                          
A number should have been here; I inserted `0'.
(If you can't figure out why I needed to see a number,
look up `weird error' in the index to The TeXbook.)

! Illegal unit of measure (pt inserted).
<to be read again> 
                   }
l.597 \begin{subfigure}[b]{0.48\textwidth}
                                          
Dimensions can be in units of em, ex, in, pt, pc,
cm, mm, dd, cc, nd, nc, bp, or sp; but yours is a new one!
I'll assume that you meant to say pt, for printer's points.
To recover gracefully from this error, it's best to
delete the erroneous units; e.g., type `2' to delete
two letters. (See Chapter 27 of The TeXbook.)

! Undefined control sequence.
<recently read> \Kd 
                    
l.620 \end{axis}
                
The control sequence at the end of the top line
of your error message was never \def'ed. If you have
misspelled it (e.g., `\hobx'), type `I' and the correct
spelling (e.g., `I\hbox'). Otherwise just continue,
and I'll forget about whatever was undefined.

! Undefined control sequence.
<recently read> \Kd 
                    
l.620 \end{axis}
                
The control sequence at the end of the top line
of your error message was never \def'ed. If you have
misspelled it (e.g., `\hobx'), type `I' and the correct
spelling (e.g., `I\hbox'). Otherwise just continue,
and I'll forget about whatever was undefined.

! Undefined control sequence.
<recently read> \Kd 
                    
l.620 \end{axis}
                
The control sequence at the end of the top line
of your error message was never \def'ed. If you have
misspelled it (e.g., `\hobx'), type `I' and the correct
spelling (e.g., `I\hbox'). Otherwise just continue,
and I'll forget about whatever was undefined.

! Undefined control sequence.
<recently read> \Kd 
                    
l.620 \end{axis}
                
The control sequence at the end of the top line
of your error message was never \def'ed. If you have
misspelled it (e.g., `\hobx'), type `I' and the correct
spelling (e.g., `I\hbox'). Otherwise just continue,
and I'll forget about whatever was undefined.


! LaTeX Error: \begin{figure} on input line 539 ended by \end{subfigure}.

See the LaTeX manual or LaTeX Companion for explanation.
Type  H <return>  for immediate help.
 ...                                              
                                                  
l.622 \end{subfigure}
                     
Your command was ignored.
Type  I <command> <return>  to replace it with another command,
or  <return>  to continue without it.


Overfull \hbox (4.07146pt too wide) in paragraph at lines 597--623
 [] 
 []

! Undefined control sequence.
<argument> ...ID gain. (Top left) Increasing $\Kp 
                                                  $: faster rise but more ov...
l.623 ...d$: reduces overshoot and settling time.}
                                                  
The control sequence at the end of the top line
of your error message was never \def'ed. If you have
misspelled it (e.g., `\hobx'), type `I' and the correct
spelling (e.g., `I\hbox'). Otherwise just continue,
and I'll forget about whatever was undefined.

! Undefined control sequence.
<argument> ...offset. (Top right) Increasing $\Ki 
                                                  $: eliminates steady-state...
l.623 ...d$: reduces overshoot and settling time.}
                                                  
The control sequence at the end of the top line
of your error message was never \def'ed. If you have
misspelled it (e.g., `\hobx'), type `I' and the correct
spelling (e.g., `I\hbox'). Otherwise just continue,
and I'll forget about whatever was undefined.

! Undefined control sequence.
<argument> ...cillation. (Bottom) Increasing $\Kd 
                                                  $: reduces overshoot and s...
l.623 ...d$: reduces overshoot and settling time.}
                                                  
The control sequence at the end of the top line
of your error message was never \def'ed. If you have
misspelled it (e.g., `\hobx'), type `I' and the correct
spelling (e.g., `I\hbox'). Otherwise just continue,
and I'll forget about whatever was undefined.

! Undefined control sequence.
<recently read> \Kp 
                    
l.623 ...d$: reduces overshoot and settling time.}
                                                  
The control sequence at the end of the top line
of your error message was never \def'ed. If you have
misspelled it (e.g., `\hobx'), type `I' and the correct
spelling (e.g., `I\hbox'). Otherwise just continue,
and I'll forget about whatever was undefined.

! Undefined control sequence.
<recently read> \Ki 
                    
l.623 ...d$: reduces overshoot and settling time.}
                                                  
The control sequence at the end of the top line
of your error message was never \def'ed. If you have
misspelled it (e.g., `\hobx'), type `I' and the correct
spelling (e.g., `I\hbox'). Otherwise just continue,
and I'll forget about whatever was undefined.

! Undefined control sequence.
<recently read> \Kd 
                    
l.623 ...d$: reduces overshoot and settling time.}
                                                  
The control sequence at the end of the top line
of your error message was never \def'ed. If you have
misspelled it (e.g., `\hobx'), type `I' and the correct
spelling (e.g., `I\hbox'). Otherwise just continue,
and I'll forget about whatever was undefined.

! Undefined control sequence.
<recently read> \Kp 
                    
l.623 ...d$: reduces overshoot and settling time.}
                                                  
The control sequence at the end of the top line
of your error message was never \def'ed. If you have
misspelled it (e.g., `\hobx'), type `I' and the correct
spelling (e.g., `I\hbox'). Otherwise just continue,
and I'll forget about whatever was undefined.

! Undefined control sequence.
<recently read> \Ki 
                    
l.623 ...d$: reduces overshoot and settling time.}
                                                  
The control sequence at the end of the top line
of your error message was never \def'ed. If you have
misspelled it (e.g., `\hobx'), type `I' and the correct
spelling (e.g., `I\hbox'). Otherwise just continue,
and I'll forget about whatever was undefined.

! Undefined control sequence.
<recently read> \Kd 
                    
l.623 ...d$: reduces overshoot and settling time.}
                                                  
The control sequence at the end of the top line
of your error message was never \def'ed. If you have
misspelled it (e.g., `\hobx'), type `I' and the correct
spelling (e.g., `I\hbox'). Otherwise just continue,
and I'll forget about whatever was undefined.

! Undefined control sequence.
l.631 \textbf{P Controller:} $C(s) = \Kp
                                        $
The control sequence at the end of the top line
of your error message was never \def'ed. If you have
misspelled it (e.g., `\hobx'), type `I' and the correct
spelling (e.g., `I\hbox'). Otherwise just continue,
and I'll forget about whatever was undefined.

! Undefined control sequence.
l.637 \textbf{PI Controller:} $C(s) = \Kp
                                          + \dfrac{\Ki}{s} = \Kp\left(1 + \d...
The control sequence at the end of the top line
of your error message was never \def'ed. If you have
misspelled it (e.g., `\hobx'), type `I' and the correct
spelling (e.g., `I\hbox'). Otherwise just continue,
and I'll forget about whatever was undefined.

! Undefined control sequence.
<argument> \Ki 
               
l.637 ...Controller:} $C(s) = \Kp + \dfrac{\Ki}{s}
                                                   = \Kp\left(1 + \dfrac{1}{...
The control sequence at the end of the top line
of your error message was never \def'ed. If you have
misspelled it (e.g., `\hobx'), type `I' and the correct
spelling (e.g., `I\hbox'). Otherwise just continue,
and I'll forget about whatever was undefined.

! Undefined control sequence.
l.637 ...ller:} $C(s) = \Kp + \dfrac{\Ki}{s} = \Kp
                                                  \left(1 + \dfrac{1}{\Ti s}...
The control sequence at the end of the top line
of your error message was never \def'ed. If you have
misspelled it (e.g., `\hobx'), type `I' and the correct
spelling (e.g., `I\hbox'). Otherwise just continue,
and I'll forget about whatever was undefined.

! Undefined control sequence.
<argument> \Ti 
               s
l.637 ...c{\Ki}{s} = \Kp\left(1 + \dfrac{1}{\Ti s}
                                                  \right)$
The control sequence at the end of the top line
of your error message was never \def'ed. If you have
misspelled it (e.g., `\hobx'), type `I' and the correct
spelling (e.g., `I\hbox'). Otherwise just continue,
and I'll forget about whatever was undefined.

! Undefined control sequence.
l.644 \textbf{PD Controller:} $C(s) = \Kp
                                          + \Kd s = \Kp(1 + \Td s)$
The control sequence at the end of the top line
of your error message was never \def'ed. If you have
misspelled it (e.g., `\hobx'), type `I' and the correct
spelling (e.g., `I\hbox'). Otherwise just continue,
and I'll forget about whatever was undefined.

! Undefined control sequence.
l.644 \textbf{PD Controller:} $C(s) = \Kp + \Kd
                                                s = \Kp(1 + \Td s)$
The control sequence at the end of the top line
of your error message was never \def'ed. If you have
misspelled it (e.g., `\hobx'), type `I' and the correct
spelling (e.g., `I\hbox'). Otherwise just continue,
and I'll forget about whatever was undefined.

! Undefined control sequence.
l.644 ...PD Controller:} $C(s) = \Kp + \Kd s = \Kp
                                                  (1 + \Td s)$
The control sequence at the end of the top line
of your error message was never \def'ed. If you have
misspelled it (e.g., `\hobx'), type `I' and the correct
spelling (e.g., `I\hbox'). Otherwise just continue,
and I'll forget about whatever was undefined.

! Undefined control sequence.
l.644 ...oller:} $C(s) = \Kp + \Kd s = \Kp(1 + \Td
                                                   s)$
The control sequence at the end of the top line
of your error message was never \def'ed. If you have
misspelled it (e.g., `\hobx'), type `I' and the correct
spelling (e.g., `I\hbox'). Otherwise just continue,
and I'll forget about whatever was undefined.


! LaTeX Error: Not in outer par mode.

See the LaTeX manual or LaTeX Companion for explanation.
Type  H <return>  for immediate help.
 ...                                              
                                                  
l.677 \begin{figure}[htbp]
                          
You've lost some text.  Try typing  <return>  to proceed.
If that doesn't work, type  X <return>  to quit.


! Package Listings Error: Couldn't load requested style.

See the Listings package documentation for explanation.
Type  H <return>  for immediate help.
 ...                                              
                                                  
l.743 ...ion={Arduino PID Temperature Controller}]
                                                  
The following styles weren't loadable:
    ,arduino$
This may cause errors in the sequel.


! Package Listings Error: style arduino undefined.

See the Listings package documentation for explanation.
Type  H <return>  for immediate help.
 ...                                              
                                                  
l.743 ...ion={Arduino PID Temperature Controller}]
                                                  
The style is not loadable. Try typing  <return>  to proceed.
If that doesn't work, type  X <return>  to quit.

! Undefined control sequence.
<recently read> \Kp 
                    
l.878     \item Start with low $\Kp
                                   $ (e.g., 10) and increase gradually
The control sequence at the end of the top line
of your error message was never \def'ed. If you have
misspelled it (e.g., `\hobx'), type `I' and the correct
spelling (e.g., `I\hbox'). Otherwise just continue,
and I'll forget about whatever was undefined.

! Undefined control sequence.
<recently read> \Kp 
                    
l.880     \item Note: Higher $\Kp
                                 $ reduces but never eliminates the offset
The control sequence at the end of the top line
of your error message was never \def'ed. If you have
misspelled it (e.g., `\hobx'), type `I' and the correct
spelling (e.g., `I\hbox'). Otherwise just continue,
and I'll forget about whatever was undefined.

! Undefined control sequence.
<recently read> \Kp 
                    
l.887     \item Keep $\Kp
                         $ from Step 2
The control sequence at the end of the top line
of your error message was never \def'ed. If you have
misspelled it (e.g., `\hobx'), type `I' and the correct
spelling (e.g., `I\hbox'). Otherwise just continue,
and I'll forget about whatever was undefined.

! Undefined control sequence.
<recently read> \Ki 
                    
l.888     \item Start with small $\Ki
                                     $ (e.g., 0.1) and increase
The control sequence at the end of the top line
of your error message was never \def'ed. If you have
misspelled it (e.g., `\hobx'), type `I' and the correct
spelling (e.g., `I\hbox'). Otherwise just continue,
and I'll forget about whatever was undefined.

! Undefined control sequence.
<recently read> \Ki 
                    
l.890     \item Note: Too much $\Ki
                                   $ causes overshoot and oscillation
The control sequence at the end of the top line
of your error message was never \def'ed. If you have
misspelled it (e.g., `\hobx'), type `I' and the correct
spelling (e.g., `I\hbox'). Otherwise just continue,
and I'll forget about whatever was undefined.

! Undefined control sequence.
<recently read> \Kp 
                    
l.897     \item Keep $\Kp
                         $ and $\Ki$ from previous steps
The control sequence at the end of the top line
of your error message was never \def'ed. If you have
misspelled it (e.g., `\hobx'), type `I' and the correct
spelling (e.g., `I\hbox'). Otherwise just continue,
and I'll forget about whatever was undefined.

! Undefined control sequence.
<recently read> \Ki 
                    
l.897     \item Keep $\Kp$ and $\Ki
                                   $ from previous steps
The control sequence at the end of the top line
of your error message was never \def'ed. If you have
misspelled it (e.g., `\hobx'), type `I' and the correct
spelling (e.g., `I\hbox'). Otherwise just continue,
and I'll forget about whatever was undefined.

! Undefined control sequence.
<recently read> \Kd 
                    
l.898     \item Start with small $\Kd
                                     $ (e.g., 5) and increase
The control sequence at the end of the top line
of your error message was never \def'ed. If you have
misspelled it (e.g., `\hobx'), type `I' and the correct
spelling (e.g., `I\hbox'). Otherwise just continue,
and I'll forget about whatever was undefined.

! Undefined control sequence.
<recently read> \Kd 
                    
l.900     \item Note: Too much $\Kd
                                   $ may cause high-frequency oscillation (n...
The control sequence at the end of the top line
of your error message was never \def'ed. If you have
misspelled it (e.g., `\hobx'), type `I' and the correct
spelling (e.g., `I\hbox'). Otherwise just continue,
and I'll forget about whatever was undefined.


LaTeX Warning: Reference `fig:experimental_results' on page 205 undefined on in
put line 905.


! LaTeX Error: Not in outer par mode.

See the LaTeX manual or LaTeX Companion for explanation.
Type  H <return>  for immediate help.
 ...                                              
                                                  
l.907 \begin{figure}[htbp]
                          
You've lost some text.  Try typing  <return>  to proceed.
If that doesn't work, type  X <return>  to quit.

! Undefined control sequence.
l.960 A proportional controller $C(s) = \Kp
                                           $ is used. Calculate the steady-s...
The control sequence at the end of the top line
of your error message was never \def'ed. If you have
misspelled it (e.g., `\hobx'), type `I' and the correct
spelling (e.g., `I\hbox'). Otherwise just continue,
and I'll forget about whatever was undefined.

! Undefined control sequence.
<recently read> \Kp 
                    
l.960 ...e error to a unit step reference for $\Kp
                                                   = 1, 5, 20$.
The control sequence at the end of the top line
of your error message was never \def'ed. If you have
misspelled it (e.g., `\hobx'), type `I' and the correct
spelling (e.g., `I\hbox'). Otherwise just continue,
and I'll forget about whatever was undefined.

! Undefined control sequence.
<argument> \Kp 
               G(s)
l.966 T(s) = \frac{\Kp G(s)}{1 + \Kp G(s)}
                                           = \frac{\Kp \cdot \frac{10}{s+2}}...
The control sequence at the end of the top line
of your error message was never \def'ed. If you have
misspelled it (e.g., `\hobx'), type `I' and the correct
spelling (e.g., `I\hbox'). Otherwise just continue,
and I'll forget about whatever was undefined.

! Undefined control sequence.
<argument> 1 + \Kp 
                   G(s)
l.966 T(s) = \frac{\Kp G(s)}{1 + \Kp G(s)}
                                           = \frac{\Kp \cdot \frac{10}{s+2}}...
The control sequence at the end of the top line
of your error message was never \def'ed. If you have
misspelled it (e.g., `\hobx'), type `I' and the correct
spelling (e.g., `I\hbox'). Otherwise just continue,
and I'll forget about whatever was undefined.

! Undefined control sequence.
<argument> \Kp 
               \cdot \frac {10}{s+2}
l.966 ...c{10}{s+2}}{1 + \Kp \cdot \frac{10}{s+2}}
                                                   = \frac{10\Kp}{s + 2 + 10...
The control sequence at the end of the top line
of your error message was never \def'ed. If you have
misspelled it (e.g., `\hobx'), type `I' and the correct
spelling (e.g., `I\hbox'). Otherwise just continue,
and I'll forget about whatever was undefined.

! Undefined control sequence.
<argument> 1 + \Kp 
                   \cdot \frac {10}{s+2}
l.966 ...c{10}{s+2}}{1 + \Kp \cdot \frac{10}{s+2}}
                                                   = \frac{10\Kp}{s + 2 + 10...
The control sequence at the end of the top line
of your error message was never \def'ed. If you have
misspelled it (e.g., `\hobx'), type `I' and the correct
spelling (e.g., `I\hbox'). Otherwise just continue,
and I'll forget about whatever was undefined.

! Undefined control sequence.
<argument> 10\Kp 
                 
l.966 ...c{10}{s+2}} = \frac{10\Kp}{s + 2 + 10\Kp}
                                                  
The control sequence at the end of the top line
of your error message was never \def'ed. If you have
misspelled it (e.g., `\hobx'), type `I' and the correct
spelling (e.g., `I\hbox'). Otherwise just continue,
and I'll forget about whatever was undefined.

! Undefined control sequence.
<argument> s + 2 + 10\Kp 
                         
l.966 ...c{10}{s+2}} = \frac{10\Kp}{s + 2 + 10\Kp}
                                                  
The control sequence at the end of the top line
of your error message was never \def'ed. If you have
misspelled it (e.g., `\hobx'), type `I' and the correct
spelling (e.g., `I\hbox'). Otherwise just continue,
and I'll forget about whatever was undefined.

! Undefined control sequence.
<argument> s + 2 + 10\Kp 
                         
l.971 ... = 1 - T(s) = \frac{s + 2}{s + 2 + 10\Kp}
                                                  
The control sequence at the end of the top line
of your error message was never \def'ed. If you have
misspelled it (e.g., `\hobx'), type `I' and the correct
spelling (e.g., `I\hbox'). Otherwise just continue,
and I'll forget about whatever was undefined.

! Undefined control sequence.
<argument> s + 2 + 10\Kp 
                         
l.976 ...to 0} s \cdot \frac{s + 2}{s + 2 + 10\Kp}
                                                   \cdot \frac{1}{s} = \frac...
The control sequence at the end of the top line
of your error message was never \def'ed. If you have
misspelled it (e.g., `\hobx'), type `I' and the correct
spelling (e.g., `I\hbox'). Otherwise just continue,
and I'll forget about whatever was undefined.

! Undefined control sequence.
<argument> 2 + 10\Kp 
                     
l.976 ...} \cdot \frac{1}{s} = \frac{2}{2 + 10\Kp}
                                                  
The control sequence at the end of the top line
of your error message was never \def'ed. If you have
misspelled it (e.g., `\hobx'), type `I' and the correct
spelling (e.g., `I\hbox'). Otherwise just continue,
and I'll forget about whatever was undefined.

! Undefined control sequence.
<argument>  \Kp 
                = 1: \quad e_{ss} &= \frac {2}{2 + 10} = \frac {2}{12} = 0.1...
l.984 \end{align*}
                  
The control sequence at the end of the top line
of your error message was never \def'ed. If you have
misspelled it (e.g., `\hobx'), type `I' and the correct
spelling (e.g., `I\hbox'). Otherwise just continue,
and I'll forget about whatever was undefined.

! Undefined control sequence.
<argument> ...}{12} = 0.167 \quad (16.7\%) \\ \Kp 
                                                  = 5: \quad e_{ss} &= \frac...
l.984 \end{align*}
                  
The control sequence at the end of the top line
of your error message was never \def'ed. If you have
misspelled it (e.g., `\hobx'), type `I' and the correct
spelling (e.g., `I\hbox'). Otherwise just continue,
and I'll forget about whatever was undefined.

! Undefined control sequence.
<argument> ...2}{52} = 0.038 \quad (3.8\%) \\ \Kp 
                                                  = 20: \quad e_{ss} &= \fra...
l.984 \end{align*}
                  
The control sequence at the end of the top line
of your error message was never \def'ed. If you have
misspelled it (e.g., `\hobx'), type `I' and the correct
spelling (e.g., `I\hbox'). Otherwise just continue,
and I'll forget about whatever was undefined.

! Undefined control sequence.
<argument>  \Kp 
                = 1: \quad e_{ss} &= \frac {2}{2 + 10} = \frac {2}{12} = 0.1...
l.984 \end{align*}
                  
The control sequence at the end of the top line
of your error message was never \def'ed. If you have
misspelled it (e.g., `\hobx'), type `I' and the correct
spelling (e.g., `I\hbox'). Otherwise just continue,
and I'll forget about whatever was undefined.

! Undefined control sequence.
<argument> ...}{12} = 0.167 \quad (16.7\%) \\ \Kp 
                                                  = 5: \quad e_{ss} &= \frac...
l.984 \end{align*}
                  
The control sequence at the end of the top line
of your error message was never \def'ed. If you have
misspelled it (e.g., `\hobx'), type `I' and the correct
spelling (e.g., `I\hbox'). Otherwise just continue,
and I'll forget about whatever was undefined.

! Undefined control sequence.
<argument> ...2}{52} = 0.038 \quad (3.8\%) \\ \Kp 
                                                  = 20: \quad e_{ss} &= \fra...
l.984 \end{align*}
                  
The control sequence at the end of the top line
of your error message was never \def'ed. If you have
misspelled it (e.g., `\hobx'), type `I' and the correct
spelling (e.g., `I\hbox'). Otherwise just continue,
and I'll forget about whatever was undefined.

! Undefined control sequence.
<recently read> \Kp 
                    
l.986 \textbf{Observation:} Even with $\Kp
                                           = 20$, there is still nearly 1\% ...
The control sequence at the end of the top line
of your error message was never \def'ed. If you have
misspelled it (e.g., `\hobx'), type `I' and the correct
spelling (e.g., `I\hbox'). Otherwise just continue,
and I'll forget about whatever was undefined.


LaTeX Warning: Reference `ex:p_only_error' on page 205 undefined on input line 
991.

! Undefined control sequence.
l.997 C(s) = \Kp
                 + \frac{\Ki}{s} = \frac{\Kp s + \Ki}{s}
The control sequence at the end of the top line
of your error message was never \def'ed. If you have
misspelled it (e.g., `\hobx'), type `I' and the correct
spelling (e.g., `I\hbox'). Otherwise just continue,
and I'll forget about whatever was undefined.

! Undefined control sequence.
<argument> \Ki 
               
l.997 C(s) = \Kp + \frac{\Ki}{s}
                                 = \frac{\Kp s + \Ki}{s}
The control sequence at the end of the top line
of your error message was never \def'ed. If you have
misspelled it (e.g., `\hobx'), type `I' and the correct
spelling (e.g., `I\hbox'). Otherwise just continue,
and I'll forget about whatever was undefined.

! Undefined control sequence.
<argument> \Kp 
               s + \Ki 
l.997 ...p + \frac{\Ki}{s} = \frac{\Kp s + \Ki}{s}
                                                  
The control sequence at the end of the top line
of your error message was never \def'ed. If you have
misspelled it (e.g., `\hobx'), type `I' and the correct
spelling (e.g., `I\hbox'). Otherwise just continue,
and I'll forget about whatever was undefined.

! Undefined control sequence.
<argument> \Kp s + \Ki 
                       
l.997 ...p + \frac{\Ki}{s} = \frac{\Kp s + \Ki}{s}
                                                  
The control sequence at the end of the top line
of your error message was never \def'ed. If you have
misspelled it (e.g., `\hobx'), type `I' and the correct
spelling (e.g., `I\hbox'). Otherwise just continue,
and I'll forget about whatever was undefined.

! Undefined control sequence.
<argument> (\Kp 
                s + \Ki )
l.1002 L(s) = C(s)G(s) = \frac{(\Kp s + \Ki)}{s}
                                                 \cdot \frac{10}{s + 2} = \f...
The control sequence at the end of the top line
of your error message was never \def'ed. If you have
misspelled it (e.g., `\hobx'), type `I' and the correct
spelling (e.g., `I\hbox'). Otherwise just continue,
and I'll forget about whatever was undefined.

! Undefined control sequence.
<argument> (\Kp s + \Ki 
                        )
l.1002 L(s) = C(s)G(s) = \frac{(\Kp s + \Ki)}{s}
                                                 \cdot \frac{10}{s + 2} = \f...
The control sequence at the end of the top line
of your error message was never \def'ed. If you have
misspelled it (e.g., `\hobx'), type `I' and the correct
spelling (e.g., `I\hbox'). Otherwise just continue,
and I'll forget about whatever was undefined.

! Undefined control sequence.
<argument> 10(\Kp 
                  s + \Ki )
l.1002 ... + 2} = \frac{10(\Kp s + \Ki)}{s(s + 2)}
                                                  
The control sequence at the end of the top line
of your error message was never \def'ed. If you have
misspelled it (e.g., `\hobx'), type `I' and the correct
spelling (e.g., `I\hbox'). Otherwise just continue,
and I'll forget about whatever was undefined.

! Undefined control sequence.
<argument> 10(\Kp s + \Ki 
                          )
l.1002 ... + 2} = \frac{10(\Kp s + \Ki)}{s(s + 2)}
                                                  
The control sequence at the end of the top line
of your error message was never \def'ed. If you have
misspelled it (e.g., `\hobx'), type `I' and the correct
spelling (e.g., `I\hbox'). Otherwise just continue,
and I'll forget about whatever was undefined.

! Undefined control sequence.
<argument> s(s+2) + 10(\Kp 
                           s + \Ki )
l.1007 ... \frac{s(s+2)}{s(s+2) + 10(\Kp s + \Ki)}
                                                  
The control sequence at the end of the top line
of your error message was never \def'ed. If you have
misspelled it (e.g., `\hobx'), type `I' and the correct
spelling (e.g., `I\hbox'). Otherwise just continue,
and I'll forget about whatever was undefined.

! Undefined control sequence.
<argument> s(s+2) + 10(\Kp s + \Ki 
                                   )
l.1007 ... \frac{s(s+2)}{s(s+2) + 10(\Kp s + \Ki)}
                                                  
The control sequence at the end of the top line
of your error message was never \def'ed. If you have
misspelled it (e.g., `\hobx'), type `I' and the correct
spelling (e.g., `I\hbox'). Otherwise just continue,
and I'll forget about whatever was undefined.

! Undefined control sequence.
<argument> s(s+2) + 10(\Kp 
                           s + \Ki )
l.1012 ... \frac{s(s+2)}{s(s+2) + 10(\Kp s + \Ki)}
                                                   \cdot \frac{1}{s}
The control sequence at the end of the top line
of your error message was never \def'ed. If you have
misspelled it (e.g., `\hobx'), type `I' and the correct
spelling (e.g., `I\hbox'). Otherwise just continue,
and I'll forget about whatever was undefined.

! Undefined control sequence.
<argument> s(s+2) + 10(\Kp s + \Ki 
                                   )
l.1012 ... \frac{s(s+2)}{s(s+2) + 10(\Kp s + \Ki)}
                                                   \cdot \frac{1}{s}
The control sequence at the end of the top line
of your error message was never \def'ed. If you have
misspelled it (e.g., `\hobx'), type `I' and the correct
spelling (e.g., `I\hbox'). Otherwise just continue,
and I'll forget about whatever was undefined.

! Undefined control sequence.
<argument> s(s+2) + 10(\Kp 
                           s + \Ki )
l.1017 ... \frac{s(s+2)}{s(s+2) + 10(\Kp s + \Ki)}
                                                   = \frac{0 \cdot 2}{0 \cdo...
The control sequence at the end of the top line
of your error message was never \def'ed. If you have
misspelled it (e.g., `\hobx'), type `I' and the correct
spelling (e.g., `I\hbox'). Otherwise just continue,
and I'll forget about whatever was undefined.

! Undefined control sequence.
<argument> s(s+2) + 10(\Kp s + \Ki 
                                   )
l.1017 ... \frac{s(s+2)}{s(s+2) + 10(\Kp s + \Ki)}
                                                   = \frac{0 \cdot 2}{0 \cdo...
The control sequence at the end of the top line
of your error message was never \def'ed. If you have
misspelled it (e.g., `\hobx'), type `I' and the correct
spelling (e.g., `I\hbox'). Otherwise just continue,
and I'll forget about whatever was undefined.

! Undefined control sequence.
<argument> 0 \cdot 2 + 10 \cdot \Ki 
                                    
l.1017 ...rac{0 \cdot 2}{0 \cdot 2 + 10 \cdot \Ki}
                                                   = \frac{0}{10\Ki} = 0
The control sequence at the end of the top line
of your error message was never \def'ed. If you have
misspelled it (e.g., `\hobx'), type `I' and the correct
spelling (e.g., `I\hbox'). Otherwise just continue,
and I'll forget about whatever was undefined.

! Undefined control sequence.
<argument> 10\Ki 
                 
l.1017 ...cdot 2 + 10 \cdot \Ki} = \frac{0}{10\Ki}
                                                   = 0
The control sequence at the end of the top line
of your error message was never \def'ed. If you have
misspelled it (e.g., `\hobx'), type `I' and the correct
spelling (e.g., `I\hbox'). Otherwise just continue,
and I'll forget about whatever was undefined.

! Undefined control sequence.
<recently read> \Kp 
                    
l.1020 ...egardless of the specific values of $\Kp
                                                  $ and $\Ki$ (provided the ...
The control sequence at the end of the top line
of your error message was never \def'ed. If you have
misspelled it (e.g., `\hobx'), type `I' and the correct
spelling (e.g., `I\hbox'). Otherwise just continue,
and I'll forget about whatever was undefined.

! Undefined control sequence.
<recently read> \Ki 
                    
l.1020 ...of the specific values of $\Kp$ and $\Ki
                                                  $ (provided the closed-loo...
The control sequence at the end of the top line
of your error message was never \def'ed. If you have
misspelled it (e.g., `\hobx'), type `I' and the correct
spelling (e.g., `I\hbox'). Otherwise just continue,
and I'll forget about whatever was undefined.

! Undefined control sequence.
<recently read> \Kp 
                    
l.1030 ...p response with (a) P-only control ($\Kp
                                                   = 10$) and (b) PD control...
The control sequence at the end of the top line
of your error message was never \def'ed. If you have
misspelled it (e.g., `\hobx'), type `I' and the correct
spelling (e.g., `I\hbox'). Otherwise just continue,
and I'll forget about whatever was undefined.

! Undefined control sequence.
<recently read> \Kp 
                    
l.1030 ...ol ($\Kp = 10$) and (b) PD control ($\Kp
                                                   = 10$, $\Kd = 2$).
The control sequence at the end of the top line
of your error message was never \def'ed. If you have
misspelled it (e.g., `\hobx'), type `I' and the correct
spelling (e.g., `I\hbox'). Otherwise just continue,
and I'll forget about whatever was undefined.

! Undefined control sequence.
<recently read> \Kd 
                    
l.1030 ...0$) and (b) PD control ($\Kp = 10$, $\Kd
                                                   = 2$).
The control sequence at the end of the top line
of your error message was never \def'ed. If you have
misspelled it (e.g., `\hobx'), type `I' and the correct
spelling (e.g., `I\hbox'). Otherwise just continue,
and I'll forget about whatever was undefined.

! Undefined control sequence.
l.1082 C(s) = \Kp
                 \left(1 + \frac{1}{\Ti s}\right) = \Kp \cdot \frac{\Ti s + ...
The control sequence at the end of the top line
of your error message was never \def'ed. If you have
misspelled it (e.g., `\hobx'), type `I' and the correct
spelling (e.g., `I\hbox'). Otherwise just continue,
and I'll forget about whatever was undefined.

! Undefined control sequence.
<argument> \Ti 
               s
l.1082 C(s) = \Kp\left(1 + \frac{1}{\Ti s}
                                          \right) = \Kp \cdot \frac{\Ti s + ...
The control sequence at the end of the top line
of your error message was never \def'ed. If you have
misspelled it (e.g., `\hobx'), type `I' and the correct
spelling (e.g., `I\hbox'). Otherwise just continue,
and I'll forget about whatever was undefined.

! Undefined control sequence.
l.1082 ...Kp\left(1 + \frac{1}{\Ti s}\right) = \Kp
                                                   \cdot \frac{\Ti s + 1}{\T...
The control sequence at the end of the top line
of your error message was never \def'ed. If you have
misspelled it (e.g., `\hobx'), type `I' and the correct
spelling (e.g., `I\hbox'). Otherwise just continue,
and I'll forget about whatever was undefined.

! Undefined control sequence.
<argument> \Ti 
               s + 1
l.1082 ...ght) = \Kp \cdot \frac{\Ti s + 1}{\Ti s}
                                                  
The control sequence at the end of the top line
of your error message was never \def'ed. If you have
misspelled it (e.g., `\hobx'), type `I' and the correct
spelling (e.g., `I\hbox'). Otherwise just continue,
and I'll forget about whatever was undefined.

! Undefined control sequence.
<argument> \Ti 
               s
l.1082 ...ght) = \Kp \cdot \frac{\Ti s + 1}{\Ti s}
                                                  
The control sequence at the end of the top line
of your error message was never \def'ed. If you have
misspelled it (e.g., `\hobx'), type `I' and the correct
spelling (e.g., `I\hbox'). Otherwise just continue,
and I'll forget about whatever was undefined.

! Undefined control sequence.
l.1087 L(s) = C(s)G(s) = \Kp
                             \cdot \frac{\Ti s + 1}{\Ti s} \cdot \frac{5}{s ...
The control sequence at the end of the top line
of your error message was never \def'ed. If you have
misspelled it (e.g., `\hobx'), type `I' and the correct
spelling (e.g., `I\hbox'). Otherwise just continue,
and I'll forget about whatever was undefined.

! Undefined control sequence.
<argument> \Ti 
               s + 1
l.1087 ...G(s) = \Kp \cdot \frac{\Ti s + 1}{\Ti s}
                                                   \cdot \frac{5}{s + 1} = \...
The control sequence at the end of the top line
of your error message was never \def'ed. If you have
misspelled it (e.g., `\hobx'), type `I' and the correct
spelling (e.g., `I\hbox'). Otherwise just continue,
and I'll forget about whatever was undefined.

! Undefined control sequence.
<argument> \Ti 
               s
l.1087 ...G(s) = \Kp \cdot \frac{\Ti s + 1}{\Ti s}
                                                   \cdot \frac{5}{s + 1} = \...
The control sequence at the end of the top line
of your error message was never \def'ed. If you have
misspelled it (e.g., `\hobx'), type `I' and the correct
spelling (e.g., `I\hbox'). Otherwise just continue,
and I'll forget about whatever was undefined.

! Undefined control sequence.
<argument> 5\Kp 
                (\Ti s + 1)
l.1087 ...} = \frac{5\Kp(\Ti s + 1)}{\Ti s(s + 1)}
                                                  
The control sequence at the end of the top line
of your error message was never \def'ed. If you have
misspelled it (e.g., `\hobx'), type `I' and the correct
spelling (e.g., `I\hbox'). Otherwise just continue,
and I'll forget about whatever was undefined.

! Undefined control sequence.
<argument> 5\Kp (\Ti 
                     s + 1)
l.1087 ...} = \frac{5\Kp(\Ti s + 1)}{\Ti s(s + 1)}
                                                  
The control sequence at the end of the top line
of your error message was never \def'ed. If you have
misspelled it (e.g., `\hobx'), type `I' and the correct
spelling (e.g., `I\hbox'). Otherwise just continue,
and I'll forget about whatever was undefined.

! Undefined control sequence.
<argument> \Ti 
               s(s + 1)
l.1087 ...} = \frac{5\Kp(\Ti s + 1)}{\Ti s(s + 1)}
                                                  
The control sequence at the end of the top line
of your error message was never \def'ed. If you have
misspelled it (e.g., `\hobx'), type `I' and the correct
spelling (e.g., `I\hbox'). Otherwise just continue,
and I'll forget about whatever was undefined.

! Undefined control sequence.
<recently read> \Ti 
                    
l.1092 Setting $\Ti
                    = 1$ cancels the pole at $s = -1$:
The control sequence at the end of the top line
of your error message was never \def'ed. If you have
misspelled it (e.g., `\hobx'), type `I' and the correct
spelling (e.g., `I\hbox'). Otherwise just continue,
and I'll forget about whatever was undefined.

! Undefined control sequence.
<argument> 5\Kp 
                (s + 1)
l.1094 L(s) = \frac{5\Kp(s + 1)}{s(s + 1)}
                                           = \frac{5\Kp}{s}
The control sequence at the end of the top line
of your error message was never \def'ed. If you have
misspelled it (e.g., `\hobx'), type `I' and the correct
spelling (e.g., `I\hbox'). Otherwise just continue,
and I'll forget about whatever was undefined.

! Undefined control sequence.
<argument> 5\Kp 
                
l.1094 ...{5\Kp(s + 1)}{s(s + 1)} = \frac{5\Kp}{s}
                                                  
The control sequence at the end of the top line
of your error message was never \def'ed. If you have
misspelled it (e.g., `\hobx'), type `I' and the correct
spelling (e.g., `I\hbox'). Otherwise just continue,
and I'll forget about whatever was undefined.

! Undefined control sequence.
l.1099 For $L(s) = 5\Kp
                       /s$:
The control sequence at the end of the top line
of your error message was never \def'ed. If you have
misspelled it (e.g., `\hobx'), type `I' and the correct
spelling (e.g., `I\hbox'). Otherwise just continue,
and I'll forget about whatever was undefined.

Missing character: There is no ° (U+00B0) in font cmr12!
Missing character: There is no ° (U+00B0) in font cmr12!
Missing character: There is no ° (U+00B0) in font cmr12!
Missing character: There is no ° (U+00B0) in font cmr12!
Missing character: There is no ° (U+00B0) in font cmr12!
! Undefined control sequence.
<argument> 5\Kp 
                
l.1107 ...)| = 1 \implies \frac{5\Kp}{\omega_{gc}}
                                                   = 1 \implies \omega_{gc} ...
The control sequence at the end of the top line
of your error message was never \def'ed. If you have
misspelled it (e.g., `\hobx'), type `I' and the correct
spelling (e.g., `I\hbox'). Otherwise just continue,
and I'll forget about whatever was undefined.

! Undefined control sequence.
l.1107 ...ga_{gc}} = 1 \implies \omega_{gc} = 5\Kp
                                                  
The control sequence at the end of the top line
of your error message was never \def'ed. If you have
misspelled it (e.g., `\hobx'), type `I' and the correct
spelling (e.g., `I\hbox'). Otherwise just continue,
and I'll forget about whatever was undefined.

! Undefined control sequence.
<recently read> \Kp 
                    
l.1110 ...$\omega_{gc} = 5$ rad/s), we choose $\Kp
                                                   = 1$.
The control sequence at the end of the top line
of your error message was never \def'ed. If you have
misspelled it (e.g., `\hobx'), type `I' and the correct
spelling (e.g., `I\hbox'). Otherwise just continue,
and I'll forget about whatever was undefined.

! Undefined control sequence.
<recently read> \Kp 
                    
l.1127 Determine the range of $\Kp
                                  $ for which the following PID-controlled s...
The control sequence at the end of the top line
of your error message was never \def'ed. If you have
misspelled it (e.g., `\hobx'), type `I' and the correct
spelling (e.g., `I\hbox'). Otherwise just continue,
and I'll forget about whatever was undefined.

! Undefined control sequence.
<argument> ...ext {Controller:} \quad C(s) &= \Kp 
                                                  + \frac {0.5}{s} + 0.5s 
l.1131 \end{align*}
                   
The control sequence at the end of the top line
of your error message was never \def'ed. If you have
misspelled it (e.g., `\hobx'), type `I' and the correct
spelling (e.g., `I\hbox'). Otherwise just continue,
and I'll forget about whatever was undefined.

! Undefined control sequence.
<argument> ...ext {Controller:} \quad C(s) &= \Kp 
                                                  + \frac {0.5}{s} + 0.5s 
l.1131 \end{align*}
                   
The control sequence at the end of the top line
of your error message was never \def'ed. If you have
misspelled it (e.g., `\hobx'), type `I' and the correct
spelling (e.g., `I\hbox'). Otherwise just continue,
and I'll forget about whatever was undefined.

! Undefined control sequence.
l.1137 C(s) = \Kp
                  + \frac{0.5}{s} + 0.5s = \frac{0.5s^2 + \Kp s + 0.5}{s} = ...
The control sequence at the end of the top line
of your error message was never \def'ed. If you have
misspelled it (e.g., `\hobx'), type `I' and the correct
spelling (e.g., `I\hbox'). Otherwise just continue,
and I'll forget about whatever was undefined.

! Undefined control sequence.
<argument> 0.5s^2 + \Kp 
                        s + 0.5
l.1137 ... + 0.5s = \frac{0.5s^2 + \Kp s + 0.5}{s}
                                                   = \frac{0.5(s^2 + 2\Kp s ...
The control sequence at the end of the top line
of your error message was never \def'ed. If you have
misspelled it (e.g., `\hobx'), type `I' and the correct
spelling (e.g., `I\hbox'). Otherwise just continue,
and I'll forget about whatever was undefined.

! Undefined control sequence.
<argument> 0.5(s^2 + 2\Kp 
                          s + 1)
l.1137 ....5}{s} = \frac{0.5(s^2 + 2\Kp s + 1)}{s}
                                                  
The control sequence at the end of the top line
of your error message was never \def'ed. If you have
misspelled it (e.g., `\hobx'), type `I' and the correct
spelling (e.g., `I\hbox'). Otherwise just continue,
and I'll forget about whatever was undefined.

! Undefined control sequence.
<argument> 0.5(s^2 + 2\Kp 
                          s + 1)
l.1146 1 + \frac{0.5(s^2 + 2\Kp s + 1)}{s}
                                           \cdot \frac{1}{s(s+1)(s+2)} = 0
The control sequence at the end of the top line
of your error message was never \def'ed. If you have
misspelled it (e.g., `\hobx'), type `I' and the correct
spelling (e.g., `I\hbox'). Otherwise just continue,
and I'll forget about whatever was undefined.

! Undefined control sequence.
l.1151 s^2(s+1)(s+2) + 0.5(s^2 + 2\Kp
                                      s + 1) = 0
The control sequence at the end of the top line
of your error message was never \def'ed. If you have
misspelled it (e.g., `\hobx'), type `I' and the correct
spelling (e.g., `I\hbox'). Otherwise just continue,
and I'll forget about whatever was undefined.

! Undefined control sequence.
l.1156 s^2(s^2 + 3s + 2) + 0.5s^2 + \Kp
                                        s + 0.5 = 0
The control sequence at the end of the top line
of your error message was never \def'ed. If you have
misspelled it (e.g., `\hobx'), type `I' and the correct
spelling (e.g., `I\hbox'). Otherwise just continue,
and I'll forget about whatever was undefined.

! Undefined control sequence.
l.1159 s^4 + 3s^3 + 2s^2 + 0.5s^2 + \Kp
                                        s + 0.5 = 0
The control sequence at the end of the top line
of your error message was never \def'ed. If you have
misspelled it (e.g., `\hobx'), type `I' and the correct
spelling (e.g., `I\hbox'). Otherwise just continue,
and I'll forget about whatever was undefined.

! Undefined control sequence.
l.1162 s^4 + 3s^3 + 2.5s^2 + \Kp
                                 s + 0.5 = 0
The control sequence at the end of the top line
of your error message was never \def'ed. If you have
misspelled it (e.g., `\hobx'), type `I' and the correct
spelling (e.g., `I\hbox'). Otherwise just continue,
and I'll forget about whatever was undefined.

! Undefined control sequence.
<recently read> \Kp 
                    
l.1169 $s^3$ & 3 & $\Kp
                       $ \\
The control sequence at the end of the top line
of your error message was never \def'ed. If you have
misspelled it (e.g., `\hobx'), type `I' and the correct
spelling (e.g., `I\hbox'). Otherwise just continue,
and I'll forget about whatever was undefined.

! Undefined control sequence.
<argument> 7.5 - \Kp 
                     
l.1170 $s^2$ & $\dfrac{7.5 - \Kp}{3}
                                    $ & 0.5 \\
The control sequence at the end of the top line
of your error message was never \def'ed. If you have
misspelled it (e.g., `\hobx'), type `I' and the correct
spelling (e.g., `I\hbox'). Otherwise just continue,
and I'll forget about whatever was undefined.

! Undefined control sequence.
<argument> (7.5-\Kp 
                    )\Kp - 4.5
l.1171 ...& $\dfrac{(7.5-\Kp)\Kp - 4.5}{7.5 - \Kp}
                                                  $ & 0 \\
The control sequence at the end of the top line
of your error message was never \def'ed. If you have
misspelled it (e.g., `\hobx'), type `I' and the correct
spelling (e.g., `I\hbox'). Otherwise just continue,
and I'll forget about whatever was undefined.

! Undefined control sequence.
<argument> (7.5-\Kp )\Kp 
                         - 4.5
l.1171 ...& $\dfrac{(7.5-\Kp)\Kp - 4.5}{7.5 - \Kp}
                                                  $ & 0 \\
The control sequence at the end of the top line
of your error message was never \def'ed. If you have
misspelled it (e.g., `\hobx'), type `I' and the correct
spelling (e.g., `I\hbox'). Otherwise just continue,
and I'll forget about whatever was undefined.

! Undefined control sequence.
<argument> 7.5 - \Kp 
                     
l.1171 ...& $\dfrac{(7.5-\Kp)\Kp - 4.5}{7.5 - \Kp}
                                                  $ & 0 \\
The control sequence at the end of the top line
of your error message was never \def'ed. If you have
misspelled it (e.g., `\hobx'), type `I' and the correct
spelling (e.g., `I\hbox'). Otherwise just continue,
and I'll forget about whatever was undefined.

! Undefined control sequence.
<argument> 7.5 - \Kp 
                     
l.1178 \textbf{Condition 1:} $\dfrac{7.5 - \Kp}{3}
                                                   > 0 \implies \Kp < 7.5$
The control sequence at the end of the top line
of your error message was never \def'ed. If you have
misspelled it (e.g., `\hobx'), type `I' and the correct
spelling (e.g., `I\hbox'). Otherwise just continue,
and I'll forget about whatever was undefined.

! Undefined control sequence.
l.1178 ...} $\dfrac{7.5 - \Kp}{3} > 0 \implies \Kp
                                                   < 7.5$
The control sequence at the end of the top line
of your error message was never \def'ed. If you have
misspelled it (e.g., `\hobx'), type `I' and the correct
spelling (e.g., `I\hbox'). Otherwise just continue,
and I'll forget about whatever was undefined.

! Undefined control sequence.
<argument> (7.5-\Kp 
                    )\Kp - 4.5
l.1180 ...} $\dfrac{(7.5-\Kp)\Kp - 4.5}{7.5 - \Kp}
                                                   > 0$
The control sequence at the end of the top line
of your error message was never \def'ed. If you have
misspelled it (e.g., `\hobx'), type `I' and the correct
spelling (e.g., `I\hbox'). Otherwise just continue,
and I'll forget about whatever was undefined.

! Undefined control sequence.
<argument> (7.5-\Kp )\Kp 
                         - 4.5
l.1180 ...} $\dfrac{(7.5-\Kp)\Kp - 4.5}{7.5 - \Kp}
                                                   > 0$
The control sequence at the end of the top line
of your error message was never \def'ed. If you have
misspelled it (e.g., `\hobx'), type `I' and the correct
spelling (e.g., `I\hbox'). Otherwise just continue,
and I'll forget about whatever was undefined.

! Undefined control sequence.
<argument> 7.5 - \Kp 
                     
l.1180 ...} $\dfrac{(7.5-\Kp)\Kp - 4.5}{7.5 - \Kp}
                                                   > 0$
The control sequence at the end of the top line
of your error message was never \def'ed. If you have
misspelled it (e.g., `\hobx'), type `I' and the correct
spelling (e.g., `I\hbox'). Otherwise just continue,
and I'll forget about whatever was undefined.

! Undefined control sequence.
<recently read> \Kp 
                    
l.1182 Since $\Kp
                  < 7.5$, the denominator is positive, so we need:
The control sequence at the end of the top line
of your error message was never \def'ed. If you have
misspelled it (e.g., `\hobx'), type `I' and the correct
spelling (e.g., `I\hbox'). Otherwise just continue,
and I'll forget about whatever was undefined.

! Undefined control sequence.
l.1184 (7.5 - \Kp
                 )\Kp - 4.5 > 0
The control sequence at the end of the top line
of your error message was never \def'ed. If you have
misspelled it (e.g., `\hobx'), type `I' and the correct
spelling (e.g., `I\hbox'). Otherwise just continue,
and I'll forget about whatever was undefined.

! Undefined control sequence.
l.1184 (7.5 - \Kp)\Kp
                      - 4.5 > 0
The control sequence at the end of the top line
of your error message was never \def'ed. If you have
misspelled it (e.g., `\hobx'), type `I' and the correct
spelling (e.g., `I\hbox'). Otherwise just continue,
and I'll forget about whatever was undefined.

! Undefined control sequence.
l.1187 -\Kp
           ^2 + 7.5\Kp - 4.5 > 0
The control sequence at the end of the top line
of your error message was never \def'ed. If you have
misspelled it (e.g., `\hobx'), type `I' and the correct
spelling (e.g., `I\hbox'). Otherwise just continue,
and I'll forget about whatever was undefined.

! Undefined control sequence.
l.1187 -\Kp^2 + 7.5\Kp
                       - 4.5 > 0
The control sequence at the end of the top line
of your error message was never \def'ed. If you have
misspelled it (e.g., `\hobx'), type `I' and the correct
spelling (e.g., `I\hbox'). Otherwise just continue,
and I'll forget about whatever was undefined.

! Undefined control sequence.
l.1190 \Kp
          ^2 - 7.5\Kp + 4.5 < 0
The control sequence at the end of the top line
of your error message was never \def'ed. If you have
misspelled it (e.g., `\hobx'), type `I' and the correct
spelling (e.g., `I\hbox'). Otherwise just continue,
and I'll forget about whatever was undefined.

! Undefined control sequence.
l.1190 \Kp^2 - 7.5\Kp
                      + 4.5 < 0
The control sequence at the end of the top line
of your error message was never \def'ed. If you have
misspelled it (e.g., `\hobx'), type `I' and the correct
spelling (e.g., `I\hbox'). Otherwise just continue,
and I'll forget about whatever was undefined.

! Undefined control sequence.
l.1195 \Kp
           = \frac{7.5 \pm \sqrt{56.25 - 18}}{2} = \frac{7.5 \pm \sqrt{38.25...
The control sequence at the end of the top line
of your error message was never \def'ed. If you have
misspelled it (e.g., `\hobx'), type `I' and the correct
spelling (e.g., `I\hbox'). Otherwise just continue,
and I'll forget about whatever was undefined.

! Undefined control sequence.
<recently read> \Kp 
                    
l.1198 So $\Kp
               \in (0.66, 6.84)$
The control sequence at the end of the top line
of your error message was never \def'ed. If you have
misspelled it (e.g., `\hobx'), type `I' and the correct
spelling (e.g., `I\hbox'). Otherwise just continue,
and I'll forget about whatever was undefined.

! Undefined control sequence.
<argument> \m@th $\displaystyle 0.66 < \Kp 
                                           < 6.84$
l.1200 ... Condition 1: $\boxed{0.66 < \Kp < 6.84}
                                                  $
The control sequence at the end of the top line
of your error message was never \def'ed. If you have
misspelled it (e.g., `\hobx'), type `I' and the correct
spelling (e.g., `I\hbox'). Otherwise just continue,
and I'll forget about whatever was undefined.

! Undefined control sequence.
l.1202 ...trolled system is stable for $0.66 < \Kp
                                                   < 6.84$. Outside this ran...
The control sequence at the end of the top line
of your error message was never \def'ed. If you have
misspelled it (e.g., `\hobx'), type `I' and the correct
spelling (e.g., `I\hbox'). Otherwise just continue,
and I'll forget about whatever was undefined.

! Undefined control sequence.
<recently read> \Kp 
                    
l.1207 ...-time PID controller has parameters $\Kp
                                                   = 2$, $\Ti = 4$ s, $\Td =...
The control sequence at the end of the top line
of your error message was never \def'ed. If you have
misspelled it (e.g., `\hobx'), type `I' and the correct
spelling (e.g., `I\hbox'). Otherwise just continue,
and I'll forget about whatever was undefined.

! Undefined control sequence.
<recently read> \Ti 
                    
l.1207 ...ontroller has parameters $\Kp = 2$, $\Ti
                                                   = 4$ s, $\Td = 0.5$ s. De...
The control sequence at the end of the top line
of your error message was never \def'ed. If you have
misspelled it (e.g., `\hobx'), type `I' and the correct
spelling (e.g., `I\hbox'). Otherwise just continue,
and I'll forget about whatever was undefined.

! Undefined control sequence.
<recently read> \Td 
                    
l.1207 ... parameters $\Kp = 2$, $\Ti = 4$ s, $\Td
                                                   = 0.5$ s. Derive the disc...
The control sequence at the end of the top line
of your error message was never \def'ed. If you have
misspelled it (e.g., `\hobx'), type `I' and the correct
spelling (e.g., `I\hbox'). Otherwise just continue,
and I'll forget about whatever was undefined.

! Undefined control sequence.
l.1213 u(t) = \Kp
                  \left[ e(t) + \frac{1}{\Ti} \int_0^t e(\tau) d\tau + \Td \...
The control sequence at the end of the top line
of your error message was never \def'ed. If you have
misspelled it (e.g., `\hobx'), type `I' and the correct
spelling (e.g., `I\hbox'). Otherwise just continue,
and I'll forget about whatever was undefined.

! Undefined control sequence.
<argument> \Ti 
               
l.1213 u(t) = \Kp \left[ e(t) + \frac{1}{\Ti}
                                              \int_0^t e(\tau) d\tau + \Td \...
The control sequence at the end of the top line
of your error message was never \def'ed. If you have
misspelled it (e.g., `\hobx'), type `I' and the correct
spelling (e.g., `I\hbox'). Otherwise just continue,
and I'll forget about whatever was undefined.

! Undefined control sequence.
l.1213 ...rac{1}{\Ti} \int_0^t e(\tau) d\tau + \Td
                                                   \frac{de(t)}{dt} \right]
The control sequence at the end of the top line
of your error message was never \def'ed. If you have
misspelled it (e.g., `\hobx'), type `I' and the correct
spelling (e.g., `I\hbox'). Otherwise just continue,
and I'll forget about whatever was undefined.

! Undefined control sequence.
l.1220 P[k] = \Kp
                  \cdot e[k]
The control sequence at the end of the top line
of your error message was never \def'ed. If you have
misspelled it (e.g., `\hobx'), type `I' and the correct
spelling (e.g., `I\hbox'). Otherwise just continue,
and I'll forget about whatever was undefined.

! Undefined control sequence.
<argument> \Kp 
               T_s
l.1225 I[k] = I[k-1] + \frac{\Kp T_s}{\Ti}
                                           e[k]
The control sequence at the end of the top line
of your error message was never \def'ed. If you have
misspelled it (e.g., `\hobx'), type `I' and the correct
spelling (e.g., `I\hbox'). Otherwise just continue,
and I'll forget about whatever was undefined.

! Undefined control sequence.
<argument> \Ti 
               
l.1225 I[k] = I[k-1] + \frac{\Kp T_s}{\Ti}
                                           e[k]
The control sequence at the end of the top line
of your error message was never \def'ed. If you have
misspelled it (e.g., `\hobx'), type `I' and the correct
spelling (e.g., `I\hbox'). Otherwise just continue,
and I'll forget about whatever was undefined.

! Undefined control sequence.
<argument> \Kp 
               \Td 
l.1230 D[k] = \frac{\Kp \Td}{T_s}
                                  (e[k] - e[k-1])
The control sequence at the end of the top line
of your error message was never \def'ed. If you have
misspelled it (e.g., `\hobx'), type `I' and the correct
spelling (e.g., `I\hbox'). Otherwise just continue,
and I'll forget about whatever was undefined.

! Undefined control sequence.
<argument> \Kp \Td 
                   
l.1230 D[k] = \frac{\Kp \Td}{T_s}
                                  (e[k] - e[k-1])
The control sequence at the end of the top line
of your error message was never \def'ed. If you have
misspelled it (e.g., `\hobx'), type `I' and the correct
spelling (e.g., `I\hbox'). Otherwise just continue,
and I'll forget about whatever was undefined.

! Undefined control sequence.
<recently read> \Kp 
                    
l.1240 With $\Kp
                 = 2$, $\Ti = 4$, $\Td = 0.5$, $T_s = 0.1$:
The control sequence at the end of the top line
of your error message was never \def'ed. If you have
misspelled it (e.g., `\hobx'), type `I' and the correct
spelling (e.g., `I\hbox'). Otherwise just continue,
and I'll forget about whatever was undefined.

! Undefined control sequence.
<recently read> \Ti 
                    
l.1240 With $\Kp = 2$, $\Ti
                            = 4$, $\Td = 0.5$, $T_s = 0.1$:
The control sequence at the end of the top line
of your error message was never \def'ed. If you have
misspelled it (e.g., `\hobx'), type `I' and the correct
spelling (e.g., `I\hbox'). Otherwise just continue,
and I'll forget about whatever was undefined.

! Undefined control sequence.
<recently read> \Td 
                    
l.1240 With $\Kp = 2$, $\Ti = 4$, $\Td
                                       = 0.5$, $T_s = 0.1$:
The control sequence at the end of the top line
of your error message was never \def'ed. If you have
misspelled it (e.g., `\hobx'), type `I' and the correct
spelling (e.g., `I\hbox'). Otherwise just continue,
and I'll forget about whatever was undefined.

! Undefined control sequence.
l.1249 \Delta u[k] = u[k] - u[k-1] = \Kp
                                        \left[(e[k]-e[k-1]) + \frac{T_s}{\Ti...
The control sequence at the end of the top line
of your error message was never \def'ed. If you have
misspelled it (e.g., `\hobx'), type `I' and the correct
spelling (e.g., `I\hbox'). Otherwise just continue,
and I'll forget about whatever was undefined.

! Undefined control sequence.
<argument> \Ti 
               
l.1249 ...\Kp\left[(e[k]-e[k-1]) + \frac{T_s}{\Ti}
                                                  e[k] + \frac{\Td}{T_s}(e[k...
The control sequence at the end of the top line
of your error message was never \def'ed. If you have
misspelled it (e.g., `\hobx'), type `I' and the correct
spelling (e.g., `I\hbox'). Otherwise just continue,
and I'll forget about whatever was undefined.

! Undefined control sequence.
<argument> \Td 
               
l.1249 ... + \frac{T_s}{\Ti}e[k] + \frac{\Td}{T_s}
                                                  (e[k] - 2e[k-1] + e[k-2])\...
The control sequence at the end of the top line
of your error message was never \def'ed. If you have
misspelled it (e.g., `\hobx'), type `I' and the correct
spelling (e.g., `I\hbox'). Otherwise just continue,
and I'll forget about whatever was undefined.


Overfull \hbox (1.25206pt too wide) in paragraph at lines 1263--1264
[]\T1/ptm/b/n/12 His-tor-i-cal De-vel-op-ment\T1/ptm/m/n/12 : PID con-trol evolv
ed from prac-ti-cal ship steer-ing prob-lems (Sperry,
 []

! Undefined control sequence.
l.1267     u(t) = \Kp
                      e(t) + \Ki \int_0^t e(\tau) d\tau + \Kd \frac{de(t)}{dt}
The control sequence at the end of the top line
of your error message was never \def'ed. If you have
misspelled it (e.g., `\hobx'), type `I' and the correct
spelling (e.g., `I\hbox'). Otherwise just continue,
and I'll forget about whatever was undefined.

! Undefined control sequence.
l.1267     u(t) = \Kp e(t) + \Ki
                                 \int_0^t e(\tau) d\tau + \Kd \frac{de(t)}{dt}
The control sequence at the end of the top line
of your error message was never \def'ed. If you have
misspelled it (e.g., `\hobx'), type `I' and the correct
spelling (e.g., `I\hbox'). Otherwise just continue,
and I'll forget about whatever was undefined.

! Undefined control sequence.
l.1267 ... e(t) + \Ki \int_0^t e(\tau) d\tau + \Kd
                                                   \frac{de(t)}{dt}
The control sequence at the end of the top line
of your error message was never \def'ed. If you have
misspelled it (e.g., `\hobx'), type `I' and the correct
spelling (e.g., `I\hbox'). Otherwise just continue,
and I'll forget about whatever was undefined.

! Undefined control sequence.
<recently read> \Ki 
                    
l.1296 ...z criterion, determine the range of $\Ki
                                                  $ for which the PI-control...
The control sequence at the end of the top line
of your error message was never \def'ed. If you have
misspelled it (e.g., `\hobx'), type `I' and the correct
spelling (e.g., `I\hbox'). Otherwise just continue,
and I'll forget about whatever was undefined.

! Undefined control sequence.
<recently read> \Kp 
                    
l.1296 ...$G(s) = \dfrac{1}{s(s+1)(s+3)}$ and $\Kp
                                                   = 2$ is stable.
The control sequence at the end of the top line
of your error message was never \def'ed. If you have
misspelled it (e.g., `\hobx'), type `I' and the correct
spelling (e.g., `I\hbox'). Otherwise just continue,
and I'll forget about whatever was undefined.

) (./Part_III_Classical_Control/ch11_pid_tuning.tex
Chapter 11.

Overfull \hbox (0.92896pt too wide) in paragraph at lines 78--79
[]\T1/ptm/m/n/12 The Cohen-Coon method main-tained the em-pir-i-cal, recipe-base
d phi-los-o-phy of Ziegler-Nichols
 []


LaTeX Warning: Reference `fig:process_reaction_curve' on page 205 undefined on 
input line 232.


! LaTeX Error: Not in outer par mode.

See the LaTeX manual or LaTeX Companion for explanation.
Type  H <return>  for immediate help.
 ...                                              
                                                  
l.243 \begin{figure}[htbp]
                          
You've lost some text.  Try typing  <return>  to proceed.
If that doesn't work, type  X <return>  to quit.


! LaTeX Error: Not in outer par mode.

See the LaTeX manual or LaTeX Companion for explanation.
Type  H <return>  for immediate help.
 ...                                              
                                                  
l.292 \begin{table}[htbp]
                         
You've lost some text.  Try typing  <return>  to proceed.
If that doesn't work, type  X <return>  to quit.

Missing character: There is no ° (U+00B0) in font cmr12!

! LaTeX Error: Not in outer par mode.

See the LaTeX manual or LaTeX Companion for explanation.
Type  H <return>  for immediate help.
 ...                                              
                                                  
l.338 \begin{figure}[htbp]
                          
You've lost some text.  Try typing  <return>  to proceed.
If that doesn't work, type  X <return>  to quit.


! LaTeX Error: Not in outer par mode.

See the LaTeX manual or LaTeX Companion for explanation.
Type  H <return>  for immediate help.
 ...                                              
                                                  
l.379 \begin{table}[htbp]
                         
You've lost some text.  Try typing  <return>  to proceed.
If that doesn't work, type  X <return>  to quit.


LaTeX Warning: Reference `tab:zn_closed_loop' on page 205 undefined on input li
ne 398.


! LaTeX Error: Not in outer par mode.

See the LaTeX manual or LaTeX Companion for explanation.
Type  H <return>  for immediate help.
 ...                                              
                                                  
l.409 \begin{table}[htbp]
                         
You've lost some text.  Try typing  <return>  to proceed.
If that doesn't work, type  X <return>  to quit.


! LaTeX Error: Not in outer par mode.

See the LaTeX manual or LaTeX Companion for explanation.
Type  H <return>  for immediate help.
 ...                                              
                                                  
l.451 \begin{figure}[htbp]
                          
You've lost some text.  Try typing  <return>  to proceed.
If that doesn't work, type  X <return>  to quit.

Missing character: There is no ° (U+00B0) in font cmr12!

LaTeX Warning: Reference `eq:relay_ku' on page 205 undefined on input line 543.



Overfull \hbox (19.45729pt too wide) in paragraph at lines 547--548
\T1/ptm/m/n/12 While Ziegler-Nichols and re-lated meth-ods have proven re-mark-a
bly use-ful, they have well-documented
 []


LaTeX Warning: Reference `fig:motor_control_block' on page 205 undefined on inp
ut line 585.


! LaTeX Error: Not in outer par mode.

See the LaTeX manual or LaTeX Companion for explanation.
Type  H <return>  for immediate help.
 ...                                              
                                                  
l.587 \begin{figure}[htbp]
                          
You've lost some text.  Try typing  <return>  to proceed.
If that doesn't work, type  X <return>  to quit.


Package pgf Warning: Returning node center instead of a point on node border. D
id you specify a point identical to the center of node ``encoder''? on input li
ne 604.


! LaTeX Error: Not in outer par mode.

See the LaTeX manual or LaTeX Companion for explanation.
Type  H <return>  for immediate help.
 ...                                              
                                                  
l.715 \begin{table}[htbp]
                         
You've lost some text.  Try typing  <return>  to proceed.
If that doesn't work, type  X <return>  to quit.


LaTeX Warning: Reference `tab:zn_closed_loop' on page 205 undefined on input li
ne 735.


! LaTeX Error: Not in outer par mode.

See the LaTeX manual or LaTeX Companion for explanation.
Type  H <return>  for immediate help.
 ...                                              
                                                  
l.769 \begin{table}[htbp]
                         
You've lost some text.  Try typing  <return>  to proceed.
If that doesn't work, type  X <return>  to quit.

Missing character: There is no ° (U+00B0) in font cmr12!
Missing character: There is no ° (U+00B0) in font cmr12!
Missing character: There is no ° (U+00B0) in font cmr12!
Missing character: There is no ° (U+00B0) in font cmr12!
Missing character: There is no ° (U+00B0) in font cmr12!

LaTeX Warning: Reference `tab:zn_open_loop' on page 205 undefined on input line
 845.


LaTeX Warning: Reference `tab:zn_closed_loop' on page 205 undefined on input li
ne 879.


LaTeX Warning: Reference `eq:relay_ku' on page 205 undefined on input line 971.



LaTeX Warning: Reference `tab:zn_open_loop' on page 205 undefined on input line
 1036.


LaTeX Warning: Reference `tab:zn_closed_loop' on page 205 undefined on input li
ne 1038.

) (./Part_III_Classical_Control/ch12_root_locus.tex
Chapter 12.

! Package Listings Error: Couldn't load requested style.

See the Listings package documentation for explanation.
Type  H <return>  for immediate help.
 ...                                              
                                                  
l.143 ...e,caption={MATLAB root locus generation}]
                                                  
The following styles weren't loadable:
    ,matlabstyle$
This may cause errors in the sequel.


! Package Listings Error: style matlabstyle undefined.

See the Listings package documentation for explanation.
Type  H <return>  for immediate help.
 ...                                              
                                                  
l.143 ...e,caption={MATLAB root locus generation}]
                                                  
The style is not loadable. Try typing  <return>  to proceed.
If that doesn't work, type  X <return>  to quit.


! Package Listings Error: Couldn't load requested style.

See the Listings package documentation for explanation.
Type  H <return>  for immediate help.
 ...                                              
                                                  
l.158 ...e,caption={Python root locus generation}]
                                                  
The following styles weren't loadable:
    ,pythonstyle$
This may cause errors in the sequel.


! Package Listings Error: style pythonstyle undefined.

See the Listings package documentation for explanation.
Type  H <return>  for immediate help.
 ...                                              
                                                  
l.158 ...e,caption={Python root locus generation}]
                                                  
The style is not loadable. Try typing  <return>  to proceed.
If that doesn't work, type  X <return>  to quit.

! Missing $ inserted.
<inserted text> 
                $
l.289 \begin{definition}{Root Locus}{def:root_
                                              locus}
I've inserted a begin-math/end-math symbol since I think
you left one out. Proceed, with fingers crossed.

! Extra }, or forgotten $.
l.289 ...n{definition}{Root Locus}{def:root_locus}
                                                  
I've deleted a group-closing symbol because it seems to be
spurious, as in `$x}$'. But perhaps the } is legitimate and
you forgot something else, as in `\hbox{$x}'. In such cases
the way to recover is to insert both the forgotten and the
deleted material, e.g., by typing `I$}'.


! LaTeX Error: Command \end{definition} invalid in math mode.

See the LaTeX manual or LaTeX Companion for explanation.
Type  H <return>  for immediate help.
 ...                                              
                                                  
l.291 \end{definition}
                      
Try typing  <return>  to proceed.
If that doesn't work, type  X <return>  to quit.

! Missing $ inserted.
<inserted text> 
                $
l.291 \end{definition}
                      
I've inserted a begin-math/end-math symbol since I think
you left one out. Proceed, with fingers crossed.


Overfull \hbox (213.99596pt too wide) in paragraph at lines 289--291
[][]\T1/ptm/b/n/12 Def-i-ni-tion 12.1. []\T1/ptm/m/n/12 Root Locusdef:root$[][]
\OML/cmm/m/it/12 ocusThe[]isthesetofallpointsinthecomplex$\T1/ptm/m/n/12 s$\OMS
/cmsy/m/n/12 ^^@\OML/cmm/m/it/12 planethatsatisfythecharacteristicequation$\T1/
ptm/m/n/12 1
 []

! Missing } inserted.
<inserted text> 
                }
l.291 \end{definition}
                      
I've inserted something that you may have forgotten.
(See the <inserted text> above.)
With luck, this will get me unwedged. But if you
really didn't forget anything, try typing `2' now; then
my insertion and my current dilemma will both disappear.

Missing character: There is no ° (U+00B0) in font cmr12!

LaTeX Warning: Reference `eq:KGH_minus1' on page 205 undefined on input line 31
3.

Missing character: There is no ° (U+00B0) in font cmr12!
Missing character: There is no ° (U+00B0) in font cmr12!
Missing character: There is no ° (U+00B0) in font cmr12!
Missing character: There is no ° (U+00B0) in font cmr12!
Missing character: There is no ° (U+00B0) in font cmr12!
Missing character: There is no ° (U+00B0) in font cmr12!
Missing character: There is no ° (U+00B0) in font cmr12!
Missing character: There is no ° (U+00B0) in font cmr12!
Missing character: There is no ° (U+00B0) in font cmr12!
Missing character: There is no ° (U+00B0) in font cmr12!
Missing character: There is no ° (U+00B0) in font cmr12!
Missing character: There is no ° (U+00B0) in font cmr12!
! Missing $ inserted.
<inserted text> 
                $
l.475 ...in{theorem}{Real Axis Segments}{thm:real_
                                                  axis}
I've inserted a begin-math/end-math symbol since I think
you left one out. Proceed, with fingers crossed.

! Extra }, or forgotten $.
l.475 ...eorem}{Real Axis Segments}{thm:real_axis}
                                                  
I've deleted a group-closing symbol because it seems to be
spurious, as in `$x}$'. But perhaps the } is legitimate and
you forgot something else, as in `\hbox{$x}'. In such cases
the way to recover is to insert both the forgotten and the
deleted material, e.g., by typing `I$}'.


! LaTeX Error: Command \end{theorem} invalid in math mode.

See the LaTeX manual or LaTeX Companion for explanation.
Type  H <return>  for immediate help.
 ...                                              
                                                  
l.477 \end{theorem}
                   
Try typing  <return>  to proceed.
If that doesn't work, type  X <return>  to quit.

! Missing $ inserted.
<inserted text> 
                $
l.477 \end{theorem}
                   
I've inserted a begin-math/end-math symbol since I think
you left one out. Proceed, with fingers crossed.


Overfull \hbox (338.5098pt too wide) in paragraph at lines 475--477
[][]\T1/ptm/b/n/12 The-o-rem 12.6. []\T1/ptm/m/it/12 Real Axis Segmentsthm:real$[][]\OML/cmm/m/it/12 xisApointontherealaxisbelongstotherootlocusifandonlyifitliestotheleftofanoddtotalnumberofrealpolesandzeros:
 []


Underfull \hbox (badness 10000) in paragraph at lines 475--477

 []

! Missing } inserted.
<inserted text> 
                }
l.477 \end{theorem}
                   
I've inserted something that you may have forgotten.
(See the <inserted text> above.)
With luck, this will get me unwedged. But if you
really didn't forget anything, try typing `2' now; then
my insertion and my current dilemma will both disappear.

Missing character: There is no ° (U+00B0) in font cmr12!
Missing character: There is no ° (U+00B0) in font cmr12!
Missing character: There is no ° (U+00B0) in font cmr12!
Missing character: There is no ° (U+00B0) in font cmr12!
Missing character: There is no ° (U+00B0) in font cmr12!
Missing character: There is no ° (U+00B0) in font cmr12!
Missing character: There is no ° (U+00B0) in font cmr12!
Missing character: There is no ° (U+00B0) in font cmr12!
Missing character: There is no ° (U+00B0) in font cmr12!
Missing character: There is no ° (U+00B0) in font cmr12!
Missing character: There is no ° (U+00B0) in font cmr12!
Missing character: There is no ° (U+00B0) in font cmr8!
Missing character: There is no ° (U+00B0) in font cmr12!
Missing character: There is no ° (U+00B0) in font cmr12!
Missing character: There is no ° (U+00B0) in font cmr12!
Missing character: There is no ° (U+00B0) in font cmr12!
Missing character: There is no ° (U+00B0) in font cmr12!
Missing character: There is no ° (U+00B0) in font cmr12!
Missing character: There is no ° (U+00B0) in font cmr12!
Missing character: There is no ° (U+00B0) in font cmr12!
Missing character: There is no ° (U+00B0) in font cmr12!
! Missing $ inserted.
<inserted text> 
                $
l.753 ...heorem}{Imaginary Axis Crossings}{thm:jw_
                                                  crossing}
I've inserted a begin-math/end-math symbol since I think
you left one out. Proceed, with fingers crossed.

! Extra }, or forgotten $.
l.753 ...maginary Axis Crossings}{thm:jw_crossing}
                                                  
I've deleted a group-closing symbol because it seems to be
spurious, as in `$x}$'. But perhaps the } is legitimate and
you forgot something else, as in `\hbox{$x}'. In such cases
the way to recover is to insert both the forgotten and the
deleted material, e.g., by typing `I$}'.

! Missing $ inserted.
<inserted text> 
                $
l.756     \item
                Substituting $s = j\omega$ into the characteristic equation ...
I've inserted a begin-math/end-math symbol since I think
you left one out. Proceed, with fingers crossed.

! Missing } inserted.
<inserted text> 
                }
l.756     \item
                Substituting $s = j\omega$ into the characteristic equation ...
I've inserted something that you may have forgotten.
(See the <inserted text> above.)
With luck, this will get me unwedged. But if you
really didn't forget anything, try typing `2' now; then
my insertion and my current dilemma will both disappear.

! Missing \endgroup inserted.
<inserted text> 
                \endgroup 
l.756     \item
                Substituting $s = j\omega$ into the characteristic equation ...
I've inserted something that you may have forgotten.
(See the <inserted text> above.)
With luck, this will get me unwedged. But if you
really didn't forget anything, try typing `2' now; then
my insertion and my current dilemma will both disappear.


Overfull \hbox (216.20024pt too wide) in paragraph at lines 753--756
[][]\T1/ptm/b/n/12 The-o-rem 12.9. []\T1/ptm/m/it/12 Imag-i-nary Axis Crossingst
hm:jw$[][]\OML/cmm/m/it/12 rossingThevaluesof$\T1/ptm/m/it/12 K$\OML/cmm/m/it/1
2 and$!$wheretherootlocuscrossestheimaginaryaxiscanbefoundby \OT1/cmr/m/n/12 :
 []

! Undefined control sequence.
\enit@enumerate@i ...nit@negwidth }\enit@keyfirst 
                                                  \fi 
l.756     \item
                Substituting $s = j\omega$ into the characteristic equation ...
The control sequence at the end of the top line
of your error message was never \def'ed. If you have
misspelled it (e.g., `\hobx'), type `I' and the correct
spelling (e.g., `I\hbox'). Otherwise just continue,
and I'll forget about whatever was undefined.

! Undefined control sequence.
\enit@endenumerate ->\enit@after 
                                 \endlist \ifx \enit@series \relax \else \if...
l.758 \end{enumerate}
                     
The control sequence at the end of the top line
of your error message was never \def'ed. If you have
misspelled it (e.g., `\hobx'), type `I' and the correct
spelling (e.g., `I\hbox'). Otherwise just continue,
and I'll forget about whatever was undefined.

! Undefined control sequence.
\enit@endenumerate ...\else \ifnum \enit@resuming 
                                                  =\@ne \enit@setresumekeys ...
l.758 \end{enumerate}
                     
The control sequence at the end of the top line
of your error message was never \def'ed. If you have
misspelled it (e.g., `\hobx'), type `I' and the correct
spelling (e.g., `I\hbox'). Otherwise just continue,
and I'll forget about whatever was undefined.

! Missing number, treated as zero.
<to be read again> 
                   =
l.758 \end{enumerate}
                     
A number should have been here; I inserted `0'.
(If you can't figure out why I needed to see a number,
look up `weird error' in the index to The TeXbook.)

! Undefined control sequence.
\enit@setresumekeys ...xpandafter {\enit@savekeys 
                                                  }\xdef \enit@afterlist {#2...
l.758 \end{enumerate}
                     
The control sequence at the end of the top line
of your error message was never \def'ed. If you have
misspelled it (e.g., `\hobx'), type `I' and the correct
spelling (e.g., `I\hbox'). Otherwise just continue,
and I'll forget about whatever was undefined.

! Undefined control sequence.
\enit@endenumerate ...t \fi \ifnum \enit@resuming 
                                                  =\thr@@ \enit@setresumekey...
l.758 \end{enumerate}
                     
The control sequence at the end of the top line
of your error message was never \def'ed. If you have
misspelled it (e.g., `\hobx'), type `I' and the correct
spelling (e.g., `I\hbox'). Otherwise just continue,
and I'll forget about whatever was undefined.

! Missing number, treated as zero.
<to be read again> 
                   =
l.758 \end{enumerate}
                     
A number should have been here; I inserted `0'.
(If you can't figure out why I needed to see a number,
look up `weird error' in the index to The TeXbook.)

! Undefined control sequence.
\enit@setresumekeys ...xpandafter {\enit@savekeys 
                                                  }\xdef \enit@afterlist {#2...
l.758 \end{enumerate}
                     
The control sequence at the end of the top line
of your error message was never \def'ed. If you have
misspelled it (e.g., `\hobx'), type `I' and the correct
spelling (e.g., `I\hbox'). Otherwise just continue,
and I'll forget about whatever was undefined.


! LaTeX Error: \begin{theorem} on input line 753 ended by \end{enumerate}.

See the LaTeX manual or LaTeX Companion for explanation.
Type  H <return>  for immediate help.
 ...                                              
                                                  
l.758 \end{enumerate}
                     
Your command was ignored.
Type  I <command> <return>  to replace it with another command,
or  <return>  to continue without it.


! LaTeX Error: \begin{figure} on input line 28 ended by \end{theorem}.

See the LaTeX manual or LaTeX Companion for explanation.
Type  H <return>  for immediate help.
 ...                                              
                                                  
l.759 \end{theorem}
                   
Your command was ignored.
Type  I <command> <return>  to replace it with another command,
or  <return>  to continue without it.

! Missing } inserted.
<inserted text> 
                }
l.759 \end{theorem}
                   
I've inserted something that you may have forgotten.
(See the <inserted text> above.)
With luck, this will get me unwedged. But if you
really didn't forget anything, try typing `2' now; then
my insertion and my current dilemma will both disappear.



[205

]
! Missing $ inserted.
<inserted text> 
                $
l.772 ...}{Finding Imaginary Axis Crossing}{ex:jw_
                                                  cross}
I've inserted a begin-math/end-math symbol since I think
you left one out. Proceed, with fingers crossed.

! Extra }, or forgotten $.
l.772 ...ing Imaginary Axis Crossing}{ex:jw_cross}
                                                  
I've deleted a group-closing symbol because it seems to be
spurious, as in `$x}$'. But perhaps the } is legitimate and
you forgot something else, as in `\hbox{$x}'. In such cases
the way to recover is to insert both the forgotten and the
deleted material, e.g., by typing `I$}'.

! Missing $ inserted.
<inserted text> 
                $
l.773 ...em with $G(s)H(s) = \frac{K}{s(s+1)(s+2)}
                                                  $, find where the root loc...
I've inserted a begin-math/end-math symbol since I think
you left one out. Proceed, with fingers crossed.

! Extra }, or forgotten $.
\frac  ...ck {\begingroup #1\endgroup \@@over #2}}
                                                  
l.773 ...em with $G(s)H(s) = \frac{K}{s(s+1)(s+2)}
                                                  $, find where the root loc...
I've deleted a group-closing symbol because it seems to be
spurious, as in `$x}$'. But perhaps the } is legitimate and
you forgot something else, as in `\hbox{$x}'. In such cases
the way to recover is to insert both the forgotten and the
deleted material, e.g., by typing `I$}'.


Overfull \hbox (21.7135pt too wide) in paragraph at lines 772--774
[][]\T1/ptm/b/n/12 Ex-am-ple 12.2. []\T1/ptm/m/n/12 Find-ing Imag-i-nary Axis Cr
ossingex:jw$[][]\OML/cmm/m/it/12 rossForthesystemwith$\T1/ptm/m/n/12 G(s)H(s) = $[]$,
 []

! Missing } inserted.
<inserted text> 
                }
l.801 \end{example}
                   
I've inserted something that you may have forgotten.
(See the <inserted text> above.)
With luck, this will get me unwedged. But if you
really didn't forget anything, try typing `2' now; then
my insertion and my current dilemma will both disappear.

! Missing } inserted.
<inserted text> 
                }
l.801 \end{example}
                   
I've inserted something that you may have forgotten.
(See the <inserted text> above.)
With luck, this will get me unwedged. But if you
really didn't forget anything, try typing `2' now; then
my insertion and my current dilemma will both disappear.


Underfull \vbox (badness 3826) has occurred while \output is active []



[206]
Overfull \hbox (14.6204pt too wide) in paragraph at lines 854--855
\T1/ptm/m/n/12 Un-der-stand-ing root lo-cus deeply re-quires hands-on ex-plo-rat
ion. This sec-tion presents both simulation-
 []


! Package Listings Error: Couldn't load requested style.

See the Listings package documentation for explanation.
Type  H <return>  for immediate help.
 ...                                              
                                                  
l.860 ...tive Root Locus Visualization in Python}]
                                                  
The following styles weren't loadable:
    ,pythonstyle$
This may cause errors in the sequel.


! Package Listings Error: style pythonstyle undefined.

See the Listings package documentation for explanation.
Type  H <return>  for immediate help.
 ...                                              
                                                  
l.860 ...tive Root Locus Visualization in Python}]
                                                  
The style is not loadable. Try typing  <return>  to proceed.
If that doesn't work, type  X <return>  to quit.



[207]
Underfull \vbox (badness 10000) has occurred while \output is active []



[208]

! Package Listings Error: Couldn't load requested style.

See the Listings package documentation for explanation.
Type  H <return>  for immediate help.
 ...                                              
                                                  
l.974 ...,caption={MATLAB Interactive Root Locus}]
                                                  
The following styles weren't loadable:
    ,matlabstyle$
This may cause errors in the sequel.


! Package Listings Error: style matlabstyle undefined.

See the Listings package documentation for explanation.
Type  H <return>  for immediate help.
 ...                                              
                                                  
l.974 ...,caption={MATLAB Interactive Root Locus}]
                                                  
The style is not loadable. Try typing  <return>  to proceed.
If that doesn't work, type  X <return>  to quit.


Underfull \vbox (badness 10000) has occurred while \output is active []



[209]

[210]

[211]

[212]
Missing character: There is no ° (U+00B0) in font cmr12!
Missing character: There is no ° (U+00B0) in font cmr12!
Missing character: There is no ° (U+00B0) in font cmr12!
Missing character: There is no ° (U+00B0) in font cmr12!
Missing character: There is no ° (U+00B0) in font cmr12!
Missing character: There is no ° (U+00B0) in font cmr12!
Missing character: There is no ° (U+00B0) in font cmr12!
Missing character: There is no ° (U+00B0) in font cmr12!


[213]
! Missing $ inserted.
<inserted text> 
                $
l.1270 ...{example}{Root Locus with Zero}{ex:with_
                                                  zero}
I've inserted a begin-math/end-math symbol since I think
you left one out. Proceed, with fingers crossed.

! Extra }, or forgotten $.
l.1270 ...ple}{Root Locus with Zero}{ex:with_zero}
                                                  
I've deleted a group-closing symbol because it seems to be
spurious, as in `$x}$'. But perhaps the } is legitimate and
you forgot something else, as in `\hbox{$x}'. In such cases
the way to recover is to insert both the forgotten and the
deleted material, e.g., by typing `I$}'.


! LaTeX Error: Bad math environment delimiter.

See the LaTeX manual or LaTeX Companion for explanation.
Type  H <return>  for immediate help.
 ...                                              
                                                  
l.1272 \[
         
Your command was ignored.
Type  I <command> <return>  to replace it with another command,
or  <return>  to continue without it.

! Missing \endgroup inserted.
<inserted text> 
                \endgroup 
l.1274 \]
         
I've inserted something that you may have forgotten.
(See the <inserted text> above.)
With luck, this will get me unwedged. But if you
really didn't forget anything, try typing `2' now; then
my insertion and my current dilemma will both disappear.


! LaTeX Error: \begin{example} on input line 1270 ended by \end{equation*}.

See the LaTeX manual or LaTeX Companion for explanation.
Type  H <return>  for immediate help.
 ...                                              
                                                  
l.1274 \]
         
Your command was ignored.
Type  I <command> <return>  to replace it with another command,
or  <return>  to continue without it.

! Missing $ inserted.
<inserted text> 
                $
l.1274 \]
         
I've inserted something that you may have forgotten.
(See the <inserted text> above.)
With luck, this will get me unwedged. But if you
really didn't forget anything, try typing `2' now; then
my insertion and my current dilemma will both disappear.

! Missing } inserted.
<inserted text> 
                }
l.1274 \]
         
I've inserted something that you may have forgotten.
(See the <inserted text> above.)
With luck, this will get me unwedged. But if you
really didn't forget anything, try typing `2' now; then
my insertion and my current dilemma will both disappear.


Overfull \hbox (9.4338pt too wide) in paragraph at lines 1270--1275
[][]\T1/ptm/b/n/12 Ex-am-ple 12.4. []\T1/ptm/m/n/12 Root Lo-cus with Zeroex:with
$[][]\OML/cmm/m/it/12 eroSketchtherootlocusfor \OT1/cmr/m/n/12 : \OML/cmm/m/it/
12 G\OT1/cmr/m/n/12 (\OML/cmm/m/it/12 s\OT1/cmr/m/n/12 )\OML/cmm/m/it/12 H\OT1/
cmr/m/n/12 (\OML/cmm/m/it/12 s\OT1/cmr/m/n/12 ) = []$$$ 
 []

Missing character: There is no ° (U+00B0) in font cmr12!
Missing character: There is no ° (U+00B0) in font cmr12!
Missing character: There is no ° (U+00B0) in font cmr12!
Missing character: There is no ° (U+00B0) in font cmr12!
Missing character: There is no ° (U+00B0) in font cmr12!
Missing character: There is no ° (U+00B0) in font cmr12!


[214]
Missing character: There is no ° (U+00B0) in font cmr12!

! LaTeX Error: \begin{document} ended by \end{example}.

See the LaTeX manual or LaTeX Companion for explanation.
Type  H <return>  for immediate help.
 ...                                              
                                                  
l.1377 \end{example}
                    
Your command was ignored.
Type  I <command> <return>  to replace it with another command,
or  <return>  to continue without it.

! Extra \endgroup.
\end  ...end#1\endcsname \@checkend {#1}\endgroup 
                                                  \UseHook {env/#1/after}\if...
l.1377 \end{example}
                    
Things are pretty mixed up, but I think the worst is over.

Missing character: There is no ° (U+00B0) in font cmr12!
Missing character: There is no ° (U+00B0) in font cmr12!
Missing character: There is no ° (U+00B0) in font cmr12!
Missing character: There is no ° (U+00B0) in font cmr12!
Missing character: There is no ° (U+00B0) in font cmr12!
Missing character: There is no ° (U+00B0) in font cmr12!
Missing character: There is no ° (U+00B0) in font cmr12!
Missing character: There is no ° (U+00B0) in font cmr12!
Missing character: There is no ° (U+00B0) in font cmr12!
Missing character: There is no ° (U+00B0) in font cmr12!
Missing character: There is no ° (U+00B0) in font cmr12!
Missing character: There is no ° (U+00B0) in font cmr12!
Missing character: There is no ° (U+00B0) in font cmr12!
Missing character: There is no ° (U+00B0) in font cmr12!
Missing character: There is no ° (U+00B0) in font cmr12!
Missing character: There is no ° (U+00B0) in font cmr12!
Missing character: There is no ° (U+00B0) in font cmr12!
Missing character: There is no ° (U+00B0) in font cmr12!
Missing character: There is no ° (U+00B0) in font cmr12!
Missing character: There is no ° (U+00B0) in font cmr12!
Missing character: There is no ° (U+00B0) in font cmr12!
Missing character: There is no ° (U+00B0) in font cmr12!
Missing character: There is no ° (U+00B0) in font cmr12!
Missing character: There is no ° (U+00B0) in font cmr12!
Missing character: There is no ° (U+00B0) in font cmr12!


[215]
Missing character: There is no ° (U+00B0) in font cmr12!
Missing character: There is no ° (U+00B0) in font cmr12!
! Missing $ inserted.
<inserted text> 
                $
l.1408 ...ing Gain for Specified Damping}{ex:gain_
                                                  damping}
I've inserted a begin-math/end-math symbol since I think
you left one out. Proceed, with fingers crossed.

! Extra }, or forgotten $.
l.1408 ... for Specified Damping}{ex:gain_damping}
                                                  
I've deleted a group-closing symbol because it seems to be
spurious, as in `$x}$'. But perhaps the } is legitimate and
you forgot something else, as in `\hbox{$x}'. In such cases
the way to recover is to insert both the forgotten and the
deleted material, e.g., by typing `I$}'.

! Missing $ inserted.
<inserted text> 
                $
l.1409 For the system $G(s) = \frac{K}{s(s+4)}
                                              $, find the gain $K$ that prod...
I've inserted a begin-math/end-math symbol since I think
you left one out. Proceed, with fingers crossed.

! Extra }, or forgotten $.
\frac  ...ck {\begingroup #1\endgroup \@@over #2}}
                                                  
l.1409 For the system $G(s) = \frac{K}{s(s+4)}
                                              $, find the gain $K$ that prod...
I've deleted a group-closing symbol because it seems to be
spurious, as in `$x}$'. But perhaps the } is legitimate and
you forgot something else, as in `\hbox{$x}'. In such cases
the way to recover is to insert both the forgotten and the
deleted material, e.g., by typing `I$}'.

Missing character: There is no ° (U+00B0) in font cmr12!
Missing character: There is no ° (U+00B0) in font cmr12!
Missing character: There is no ° (U+00B0) in font cmr12!
Missing character: There is no ° (U+00B0) in font cmr12!
! Missing } inserted.
<inserted text> 
                }
l.1454 \end{example}
                    
I've inserted something that you may have forgotten.
(See the <inserted text> above.)
With luck, this will get me unwedged. But if you
really didn't forget anything, try typing `2' now; then
my insertion and my current dilemma will both disappear.

! Missing } inserted.
<inserted text> 
                }
l.1454 \end{example}
                    
I've inserted something that you may have forgotten.
(See the <inserted text> above.)
With luck, this will get me unwedged. But if you
really didn't forget anything, try typing `2' now; then
my insertion and my current dilemma will both disappear.

! Missing $ inserted.
<inserted text> 
                $
l.1456 ...ility Range Determination}{ex:stability_
                                                  range}
I've inserted a begin-math/end-math symbol since I think
you left one out. Proceed, with fingers crossed.

! Extra }, or forgotten $.
l.1456 ...Range Determination}{ex:stability_range}
                                                  
I've deleted a group-closing symbol because it seems to be
spurious, as in `$x}$'. But perhaps the } is legitimate and
you forgot something else, as in `\hbox{$x}'. In such cases
the way to recover is to insert both the forgotten and the
deleted material, e.g., by typing `I$}'.

! Missing $ inserted.
<inserted text> 
                $
l.1457 ... system with characteristic equation $s^
                                                  3 + 6s^2 + 11s + 6 + K = 0...
I've inserted a begin-math/end-math symbol since I think
you left one out. Proceed, with fingers crossed.


Overfull \hbox (67.80026pt too wide) in paragraph at lines 1456--1458
[][]\T1/ptm/b/n/12 Ex-am-ple 12.7. []\T1/ptm/m/n/12 Sta-bil-ity Range Determinat
ionex:stability$[][]\OML/cmm/m/it/12 angeForthesystemwithcharacteristicequation$\T1/ptm/m/n/12 s$[][] \OT1/cmr/m/n/12 +
 []



[216]
! Missing } inserted.
<inserted text> 
                }
l.1492 \end{example}
                    
I've inserted something that you may have forgotten.
(See the <inserted text> above.)
With luck, this will get me unwedged. But if you
really didn't forget anything, try typing `2' now; then
my insertion and my current dilemma will both disappear.

Missing character: There is no ° (U+00B0) in font cmr12!
Missing character: There is no ° (U+00B0) in font cmr12!
Missing character: There is no ° (U+00B0) in font cmr12!
Missing character: There is no ° (U+00B0) in font cmr12!


[217]

[218]
Missing character: There is no ° (U+00B0) in font cmr12!
Missing character: There is no ° (U+00B0) in font cmr12!


[219]) (./Part_III_Classical_Control/ch13_frequency_response.tex

[220]

! LaTeX Error: Float(s) lost.

See the LaTeX manual or LaTeX Companion for explanation.
Type  H <return>  for immediate help.
 ...                                              
                                                  
l.3 \chapter
            {Frequency Response and Bode Plots}
You've lost some text.  Try typing  <return>  to proceed.
If that doesn't work, type  X <return>  to quit.

Chapter 13.


[221

]
! Undefined control sequence.
l.78 At sinusoidal steady state with $s = \jw
                                             $, the magnitude and phase are:
The control sequence at the end of the top line
of your error message was never \def'ed. If you have
misspelled it (e.g., `\hobx'), type `I' and the correct
spelling (e.g., `I\hbox'). Otherwise just continue,
and I'll forget about whatever was undefined.

! Undefined control sequence.
<argument>  \magn 
                  {G_{\text {total}}(\jw )} &= \prod _{i=1}^{N} \magn {G_i(\...
l.82 \end{align}
                
The control sequence at the end of the top line
of your error message was never \def'ed. If you have
misspelled it (e.g., `\hobx'), type `I' and the correct
spelling (e.g., `I\hbox'). Otherwise just continue,
and I'll forget about whatever was undefined.

! Undefined control sequence.
<argument>  \magn {G_{\text {total}}(\jw 
                                         )} &= \prod _{i=1}^{N} \magn {G_i(\...
l.82 \end{align}
                
The control sequence at the end of the top line
of your error message was never \def'ed. If you have
misspelled it (e.g., `\hobx'), type `I' and the correct
spelling (e.g., `I\hbox'). Otherwise just continue,
and I'll forget about whatever was undefined.

! Undefined control sequence.
<argument> ...}}(\jw )} &= \prod _{i=1}^{N} \magn 
                                                  {G_i(\jw )} \label {eq:mag...
l.82 \end{align}
                
The control sequence at the end of the top line
of your error message was never \def'ed. If you have
misspelled it (e.g., `\hobx'), type `I' and the correct
spelling (e.g., `I\hbox'). Otherwise just continue,
and I'll forget about whatever was undefined.

! Undefined control sequence.
<argument> ... &= \prod _{i=1}^{N} \magn {G_i(\jw 
                                                  )} \label {eq:mag_product}...
l.82 \end{align}
                
The control sequence at the end of the top line
of your error message was never \def'ed. If you have
misspelled it (e.g., `\hobx'), type `I' and the correct
spelling (e.g., `I\hbox'). Otherwise just continue,
and I'll forget about whatever was undefined.

! Undefined control sequence.
<argument> ...)} \label {eq:mag_product}\\ \phase 
                                                  {G_{\text {total}}(\jw )} ...
l.82 \end{align}
                
The control sequence at the end of the top line
of your error message was never \def'ed. If you have
misspelled it (e.g., `\hobx'), type `I' and the correct
spelling (e.g., `I\hbox'). Otherwise just continue,
and I'll forget about whatever was undefined.

! Undefined control sequence.
<argument> ...ct}\\ \phase {G_{\text {total}}(\jw 
                                                  )} &= \sum _{i=1}^{N} \pha...
l.82 \end{align}
                
The control sequence at the end of the top line
of your error message was never \def'ed. If you have
misspelled it (e.g., `\hobx'), type `I' and the correct
spelling (e.g., `I\hbox'). Otherwise just continue,
and I'll forget about whatever was undefined.

! Undefined control sequence.
<argument> ...}}(\jw )} &= \sum _{i=1}^{N} \phase 
                                                  {G_i(\jw )} \label {eq:pha...
l.82 \end{align}
                
The control sequence at the end of the top line
of your error message was never \def'ed. If you have
misspelled it (e.g., `\hobx'), type `I' and the correct
spelling (e.g., `I\hbox'). Otherwise just continue,
and I'll forget about whatever was undefined.

! Undefined control sequence.
<argument> ... &= \sum _{i=1}^{N} \phase {G_i(\jw 
                                                  )} \label {eq:phase_sum} 
l.82 \end{align}
                
The control sequence at the end of the top line
of your error message was never \def'ed. If you have
misspelled it (e.g., `\hobx'), type `I' and the correct
spelling (e.g., `I\hbox'). Otherwise just continue,
and I'll forget about whatever was undefined.

! Undefined control sequence.
<argument>  \magn 
                  {G_{\text {total}}(\jw )} &= \prod _{i=1}^{N} \magn {G_i(\...
l.82 \end{align}
                
The control sequence at the end of the top line
of your error message was never \def'ed. If you have
misspelled it (e.g., `\hobx'), type `I' and the correct
spelling (e.g., `I\hbox'). Otherwise just continue,
and I'll forget about whatever was undefined.

! Undefined control sequence.
<argument>  \magn {G_{\text {total}}(\jw 
                                         )} &= \prod _{i=1}^{N} \magn {G_i(\...
l.82 \end{align}
                
The control sequence at the end of the top line
of your error message was never \def'ed. If you have
misspelled it (e.g., `\hobx'), type `I' and the correct
spelling (e.g., `I\hbox'). Otherwise just continue,
and I'll forget about whatever was undefined.

! Undefined control sequence.
<argument> ...}}(\jw )} &= \prod _{i=1}^{N} \magn 
                                                  {G_i(\jw )} \label {eq:mag...
l.82 \end{align}
                
The control sequence at the end of the top line
of your error message was never \def'ed. If you have
misspelled it (e.g., `\hobx'), type `I' and the correct
spelling (e.g., `I\hbox'). Otherwise just continue,
and I'll forget about whatever was undefined.

! Undefined control sequence.
<argument> ... &= \prod _{i=1}^{N} \magn {G_i(\jw 
                                                  )} \label {eq:mag_product}...
l.82 \end{align}
                
The control sequence at the end of the top line
of your error message was never \def'ed. If you have
misspelled it (e.g., `\hobx'), type `I' and the correct
spelling (e.g., `I\hbox'). Otherwise just continue,
and I'll forget about whatever was undefined.

! Undefined control sequence.
<argument> ...)} \label {eq:mag_product}\\ \phase 
                                                  {G_{\text {total}}(\jw )} ...
l.82 \end{align}
                
The control sequence at the end of the top line
of your error message was never \def'ed. If you have
misspelled it (e.g., `\hobx'), type `I' and the correct
spelling (e.g., `I\hbox'). Otherwise just continue,
and I'll forget about whatever was undefined.

! Undefined control sequence.
<argument> ...ct}\\ \phase {G_{\text {total}}(\jw 
                                                  )} &= \sum _{i=1}^{N} \pha...
l.82 \end{align}
                
The control sequence at the end of the top line
of your error message was never \def'ed. If you have
misspelled it (e.g., `\hobx'), type `I' and the correct
spelling (e.g., `I\hbox'). Otherwise just continue,
and I'll forget about whatever was undefined.

! Undefined control sequence.
<argument> ...}}(\jw )} &= \sum _{i=1}^{N} \phase 
                                                  {G_i(\jw )} \label {eq:pha...
l.82 \end{align}
                
The control sequence at the end of the top line
of your error message was never \def'ed. If you have
misspelled it (e.g., `\hobx'), type `I' and the correct
spelling (e.g., `I\hbox'). Otherwise just continue,
and I'll forget about whatever was undefined.

! Undefined control sequence.
<argument> ... &= \sum _{i=1}^{N} \phase {G_i(\jw 
                                                  )} \label {eq:phase_sum} 
l.82 \end{align}
                
The control sequence at the end of the top line
of your error message was never \def'ed. If you have
misspelled it (e.g., `\hobx'), type `I' and the correct
spelling (e.g., `I\hbox'). Otherwise just continue,
and I'll forget about whatever was undefined.

! Undefined control sequence.
<argument> \m@th $\displaystyle \magn 
                                      {G}_{\text {dB}} = 20 \log _{10} \magn...
l.86 ..._{\text{dB}} = 20 \log_{10} \magn{G(\jw)}}
                                                  
The control sequence at the end of the top line
of your error message was never \def'ed. If you have
misspelled it (e.g., `\hobx'), type `I' and the correct
spelling (e.g., `I\hbox'). Otherwise just continue,
and I'll forget about whatever was undefined.

! Undefined control sequence.
<argument> ..._{\text {dB}} = 20 \log _{10} \magn 
                                                  {G(\jw )}$
l.86 ..._{\text{dB}} = 20 \log_{10} \magn{G(\jw)}}
                                                  
The control sequence at the end of the top line
of your error message was never \def'ed. If you have
misspelled it (e.g., `\hobx'), type `I' and the correct
spelling (e.g., `I\hbox'). Otherwise just continue,
and I'll forget about whatever was undefined.

! Undefined control sequence.
<argument> ... {dB}} = 20 \log _{10} \magn {G(\jw 
                                                  )}$
l.86 ..._{\text{dB}} = 20 \log_{10} \magn{G(\jw)}}
                                                  
The control sequence at the end of the top line
of your error message was never \def'ed. If you have
misspelled it (e.g., `\hobx'), type `I' and the correct
spelling (e.g., `I\hbox'). Otherwise just continue,
and I'll forget about whatever was undefined.

! Undefined control sequence.
l.90 Taking the logarithm of \cref
                                  {eq:mag_product}:
The control sequence at the end of the top line
of your error message was never \def'ed. If you have
misspelled it (e.g., `\hobx'), type `I' and the correct
spelling (e.g., `I\hbox'). Otherwise just continue,
and I'll forget about whatever was undefined.

! Missing $ inserted.
<inserted text> 
                $
l.90 Taking the logarithm of \cref{eq:mag_
                                          product}:
I've inserted a begin-math/end-math symbol since I think
you left one out. Proceed, with fingers crossed.

! Extra }, or forgotten $.
l.90 Taking the logarithm of \cref{eq:mag_product}
                                                  :
I've deleted a group-closing symbol because it seems to be
spurious, as in `$x}$'. But perhaps the } is legitimate and
you forgot something else, as in `\hbox{$x}'. In such cases
the way to recover is to insert both the forgotten and the
deleted material, e.g., by typing `I$}'.


! LaTeX Error: Bad math environment delimiter.

See the LaTeX manual or LaTeX Companion for explanation.
Type  H <return>  for immediate help.
 ...                                              
                                                  
l.91 \begin{equation}
                     
Your command was ignored.
Type  I <command> <return>  to replace it with another command,
or  <return>  to continue without it.

! Undefined control sequence.
l.92 \magn
          {G_{\text{total}}}_{\text{dB}} = \sum_{i=1}^{N} \magn{G_i}_{\text{...
The control sequence at the end of the top line
of your error message was never \def'ed. If you have
misspelled it (e.g., `\hobx'), type `I' and the correct
spelling (e.g., `I\hbox'). Otherwise just continue,
and I'll forget about whatever was undefined.

! Undefined control sequence.
l.92 ...otal}}}_{\text{dB}} = \sum_{i=1}^{N} \magn
                                                  {G_i}_{\text{dB}}
The control sequence at the end of the top line
of your error message was never \def'ed. If you have
misspelled it (e.g., `\hobx'), type `I' and the correct
spelling (e.g., `I\hbox'). Otherwise just continue,
and I'll forget about whatever was undefined.

! You can't use `\eqno' in math mode.
\veqno ->\@kernel@eqno 
                       \aftergroup \ignorespaces 
l.94 \end{equation}
                   
Sorry, but I'm not programmed to handle this case;
I'll just pretend that you didn't ask for it.
If you're in the wrong mode, you might be able to
return to the right one by typing `I}' or `I$' or `I\par'.

! Missing \endgroup inserted.
<inserted text> 
                \endgroup 
l.94 \end{equation}
                   
I've inserted something that you may have forgotten.
(See the <inserted text> above.)
With luck, this will get me unwedged. But if you
really didn't forget anything, try typing `2' now; then
my insertion and my current dilemma will both disappear.


! LaTeX Error: \begin{document} ended by \end{equation}.

See the LaTeX manual or LaTeX Companion for explanation.
Type  H <return>  for immediate help.
 ...                                              
                                                  
l.94 \end{equation}
                   
Your command was ignored.
Type  I <command> <return>  to replace it with another command,
or  <return>  to continue without it.

! Missing $ inserted.
<inserted text> 
                $
l.94 \end{equation}
                   
I've inserted something that you may have forgotten.
(See the <inserted text> above.)
With luck, this will get me unwedged. But if you
really didn't forget anything, try typing `2' now; then
my insertion and my current dilemma will both disappear.

! Missing } inserted.
<inserted text> 
                }
l.94 \end{equation}
                   
I've inserted something that you may have forgotten.
(See the <inserted text> above.)
With luck, this will get me unwedged. But if you
really didn't forget anything, try typing `2' now; then
my insertion and my current dilemma will both disappear.

! Extra \endgroup.
<recently read> \endgroup 
                          
l.94 \end{equation}
                   
Things are pretty mixed up, but I think the worst is over.


! LaTeX Error: Environment keypoint undefined.

See the LaTeX manual or LaTeX Companion for explanation.
Type  H <return>  for immediate help.
 ...                                              
                                                  
l.96 \begin{keypoint}
                     
Your command was ignored.
Type  I <command> <return>  to replace it with another command,
or  <return>  to continue without it.


! LaTeX Error: \begin{document} ended by \end{keypoint}.

See the LaTeX manual or LaTeX Companion for explanation.
Type  H <return>  for immediate help.
 ...                                              
                                                  
l.98 \end{keypoint}
                   
Your command was ignored.
Type  I <command> <return>  to replace it with another command,
or  <return>  to continue without it.



[222]
Overfull \hbox (1.8881pt too wide) in paragraph at lines 110--111
\T1/ptm/m/n/12 While Bode de-vel-oped graph-i-cal meth-ods for an-a-lyz-ing sys-
tem char-ac-ter-is-tics, his col-league \T1/ptm/b/n/12 Harry
 []


Overfull \hbox (11.75206pt too wide) in paragraph at lines 116--117
[]\T1/ptm/m/n/12 Be-fore Nyquist, de-ter-min-ing sta-bil-ity re-quired find-ing the roots of the char-ac-ter-is-tic polynomial---
 []

! Undefined control sequence.
l.128 y_{ss}(t) = A\magn
                        {G(\jw)}\sin\left(\omega t + \phi + \phase{G(\jw)}\r...
The control sequence at the end of the top line
of your error message was never \def'ed. If you have
misspelled it (e.g., `\hobx'), type `I' and the correct
spelling (e.g., `I\hbox'). Otherwise just continue,
and I'll forget about whatever was undefined.

! Undefined control sequence.
l.128 y_{ss}(t) = A\magn{G(\jw
                              )}\sin\left(\omega t + \phi + \phase{G(\jw)}\r...
The control sequence at the end of the top line
of your error message was never \def'ed. If you have
misspelled it (e.g., `\hobx'), type `I' and the correct
spelling (e.g., `I\hbox'). Otherwise just continue,
and I'll forget about whatever was undefined.

! Undefined control sequence.
l.128 ...G(\jw)}\sin\left(\omega t + \phi + \phase
                                                  {G(\jw)}\right)
The control sequence at the end of the top line
of your error message was never \def'ed. If you have
misspelled it (e.g., `\hobx'), type `I' and the correct
spelling (e.g., `I\hbox'). Otherwise just continue,
and I'll forget about whatever was undefined.

! Undefined control sequence.
l.128 ...}\sin\left(\omega t + \phi + \phase{G(\jw
                                                  )}\right)
The control sequence at the end of the top line
of your error message was never \def'ed. If you have
misspelled it (e.g., `\hobx'), type `I' and the correct
spelling (e.g., `I\hbox'). Otherwise just continue,
and I'll forget about whatever was undefined.

! Undefined control sequence.
<argument> ... d\tau = Ae^{j\omega t} \cdot G(\jw 
                                                  ) 
l.138 \end{align}
                 
The control sequence at the end of the top line
of your error message was never \def'ed. If you have
misspelled it (e.g., `\hobx'), type `I' and the correct
spelling (e.g., `I\hbox'). Otherwise just continue,
and I'll forget about whatever was undefined.

! Undefined control sequence.
<argument> ... d\tau = Ae^{j\omega t} \cdot G(\jw 
                                                  ) 
l.138 \end{align}
                 
The control sequence at the end of the top line
of your error message was never \def'ed. If you have
misspelled it (e.g., `\hobx'), type `I' and the correct
spelling (e.g., `I\hbox'). Otherwise just continue,
and I'll forget about whatever was undefined.

! Undefined control sequence.
l.139 where $G(\jw
                  ) = \mathcal{L}\{h(t)\}|_{s=\jw}$ is the frequency respons...
The control sequence at the end of the top line
of your error message was never \def'ed. If you have
misspelled it (e.g., `\hobx'), type `I' and the correct
spelling (e.g., `I\hbox'). Otherwise just continue,
and I'll forget about whatever was undefined.

! Undefined control sequence.
l.139 where $G(\jw) = \mathcal{L}\{h(t)\}|_{s=\jw
                                                 }$ is the frequency respons...
The control sequence at the end of the top line
of your error message was never \def'ed. If you have
misspelled it (e.g., `\hobx'), type `I' and the correct
spelling (e.g., `I\hbox'). Otherwise just continue,
and I'll forget about whatever was undefined.

! Undefined control sequence.
l.139 ...$ is the frequency response. Since $G(\jw
                                                  ) = \magn{G(\jw)}e^{j\phas...
The control sequence at the end of the top line
of your error message was never \def'ed. If you have
misspelled it (e.g., `\hobx'), type `I' and the correct
spelling (e.g., `I\hbox'). Otherwise just continue,
and I'll forget about whatever was undefined.

! Undefined control sequence.
l.139 ...frequency response. Since $G(\jw) = \magn
                                                  {G(\jw)}e^{j\phase{G(\jw)}}$:
The control sequence at the end of the top line
of your error message was never \def'ed. If you have
misspelled it (e.g., `\hobx'), type `I' and the correct
spelling (e.g., `I\hbox'). Otherwise just continue,
and I'll forget about whatever was undefined.

! Undefined control sequence.
l.139 ...ncy response. Since $G(\jw) = \magn{G(\jw
                                                  )}e^{j\phase{G(\jw)}}$:
The control sequence at the end of the top line
of your error message was never \def'ed. If you have
misspelled it (e.g., `\hobx'), type `I' and the correct
spelling (e.g., `I\hbox'). Otherwise just continue,
and I'll forget about whatever was undefined.

! Undefined control sequence.
l.139 .... Since $G(\jw) = \magn{G(\jw)}e^{j\phase
                                                  {G(\jw)}}$:
The control sequence at the end of the top line
of your error message was never \def'ed. If you have
misspelled it (e.g., `\hobx'), type `I' and the correct
spelling (e.g., `I\hbox'). Otherwise just continue,
and I'll forget about whatever was undefined.

! Undefined control sequence.
l.139 ...e $G(\jw) = \magn{G(\jw)}e^{j\phase{G(\jw
                                                  )}}$:
The control sequence at the end of the top line
of your error message was never \def'ed. If you have
misspelled it (e.g., `\hobx'), type `I' and the correct
spelling (e.g., `I\hbox'). Otherwise just continue,
and I'll forget about whatever was undefined.

! Undefined control sequence.
l.141 y(t) = A\magn
                   {G(\jw)} e^{j(\omega t + \phase{G(\jw)})}
The control sequence at the end of the top line
of your error message was never \def'ed. If you have
misspelled it (e.g., `\hobx'), type `I' and the correct
spelling (e.g., `I\hbox'). Otherwise just continue,
and I'll forget about whatever was undefined.

! Undefined control sequence.
l.141 y(t) = A\magn{G(\jw
                         )} e^{j(\omega t + \phase{G(\jw)})}
The control sequence at the end of the top line
of your error message was never \def'ed. If you have
misspelled it (e.g., `\hobx'), type `I' and the correct
spelling (e.g., `I\hbox'). Otherwise just continue,
and I'll forget about whatever was undefined.

! Undefined control sequence.
l.141 y(t) = A\magn{G(\jw)} e^{j(\omega t + \phase
                                                  {G(\jw)})}
The control sequence at the end of the top line
of your error message was never \def'ed. If you have
misspelled it (e.g., `\hobx'), type `I' and the correct
spelling (e.g., `I\hbox'). Otherwise just continue,
and I'll forget about whatever was undefined.

! Undefined control sequence.
l.141 ...magn{G(\jw)} e^{j(\omega t + \phase{G(\jw
                                                  )})}
The control sequence at the end of the top line
of your error message was never \def'ed. If you have
misspelled it (e.g., `\hobx'), type `I' and the correct
spelling (e.g., `I\hbox'). Otherwise just continue,
and I'll forget about whatever was undefined.



[223]
! Undefined control sequence.
\dB ->\ERROR 
             
l.164 ...onse plots, typically requiring $\pm 3\dB
                                                  $ flatness over the audibl...
The control sequence at the end of the top line
of your error message was never \def'ed. If you have
misspelled it (e.g., `\hobx'), type `I' and the correct
spelling (e.g., `I\hbox'). Otherwise just continue,
and I'll forget about whatever was undefined.

! Undefined control sequence.
\dB ->\ERROR 
             
l.179 ...the closed-loop magnitude drops to $-3\dB
                                                  $ of its low-frequency val...
The control sequence at the end of the top line
of your error message was never \def'ed. If you have
misspelled it (e.g., `\hobx'), type `I' and the correct
spelling (e.g., `I\hbox'). Otherwise just continue,
and I'll forget about whatever was undefined.

! Undefined control sequence.
l.180 ...argin and phase margin (detailed in \cref
                                                  {sec:stability_margins}) q...
The control sequence at the end of the top line
of your error message was never \def'ed. If you have
misspelled it (e.g., `\hobx'), type `I' and the correct
spelling (e.g., `I\hbox'). Otherwise just continue,
and I'll forget about whatever was undefined.

! Missing $ inserted.
<inserted text> 
                $
l.180 ... margin (detailed in \cref{sec:stability_
                                                  margins}) quantify robustn...
I've inserted a begin-math/end-math symbol since I think
you left one out. Proceed, with fingers crossed.

! Extra }, or forgotten $.
l.180 ...(detailed in \cref{sec:stability_margins}
                                                  ) quantify robustness to m...
I've deleted a group-closing symbol because it seems to be
spurious, as in `$x}$'. But perhaps the } is legitimate and
you forgot something else, as in `\hbox{$x}'. In such cases
the way to recover is to insert both the forgotten and the
deleted material, e.g., by typing `I$}'.


! LaTeX Error: Command \item invalid in math mode.

See the LaTeX manual or LaTeX Companion for explanation.
Type  H <return>  for immediate help.
 ...                                              
                                                  
l.181     \item
                \textbf{Sensitivity functions:} The sensitivity $S(\jw) = 1/...
Try typing  <return>  to proceed.
If that doesn't work, type  X <return>  to quit.

! Missing $ inserted.
<inserted text> 
                $
l.181     \item \textbf
                       {Sensitivity functions:} The sensitivity $S(\jw) = 1/...
I've inserted a begin-math/end-math symbol since I think
you left one out. Proceed, with fingers crossed.


Overfull \hbox (160.47473pt too wide) in paragraph at lines 180--181
[]\T1/ptm/b/n/12 Sta-bil-ity mar-gins: \T1/ptm/m/n/12 Gain mar-gin and phase mar
-gin (de-tailed in sec:stability$[][]\OML/cmm/m/it/12 argins\OT1/cmr/m/n/12 )\O
ML/cmm/m/it/12 quantifyrobustnesstomodelingerrors:
 []


Underfull \hbox (badness 10000) in paragraph at lines 180--181

 []



[224]
! Undefined control sequence.
l.181 ...tivity functions:} The sensitivity $S(\jw
                                                  ) = 1/(1+G(\jw)H(\jw))$ ch...
The control sequence at the end of the top line
of your error message was never \def'ed. If you have
misspelled it (e.g., `\hobx'), type `I' and the correct
spelling (e.g., `I\hbox'). Otherwise just continue,
and I'll forget about whatever was undefined.

! Undefined control sequence.
l.181 ...ns:} The sensitivity $S(\jw) = 1/(1+G(\jw
                                                  )H(\jw))$ characterizes di...
The control sequence at the end of the top line
of your error message was never \def'ed. If you have
misspelled it (e.g., `\hobx'), type `I' and the correct
spelling (e.g., `I\hbox'). Otherwise just continue,
and I'll forget about whatever was undefined.

! Undefined control sequence.
l.181 ...he sensitivity $S(\jw) = 1/(1+G(\jw)H(\jw
                                                  ))$ characterizes disturba...
The control sequence at the end of the top line
of your error message was never \def'ed. If you have
misspelled it (e.g., `\hobx'), type `I' and the correct
spelling (e.g., `I\hbox'). Otherwise just continue,
and I'll forget about whatever was undefined.

! Missing } inserted.
<inserted text> 
                }
l.182 \end{itemize}
                   
I've inserted something that you may have forgotten.
(See the <inserted text> above.)
With luck, this will get me unwedged. But if you
really didn't forget anything, try typing `2' now; then
my insertion and my current dilemma will both disappear.

! Undefined control sequence.
l.204 G(\jw
           ) = G(s)\big|_{s=\jw}
The control sequence at the end of the top line
of your error message was never \def'ed. If you have
misspelled it (e.g., `\hobx'), type `I' and the correct
spelling (e.g., `I\hbox'). Otherwise just continue,
and I'll forget about whatever was undefined.

! Undefined control sequence.
l.204 G(\jw) = G(s)\big|_{s=\jw
                               }
The control sequence at the end of the top line
of your error message was never \def'ed. If you have
misspelled it (e.g., `\hobx'), type `I' and the correct
spelling (e.g., `I\hbox'). Otherwise just continue,
and I'll forget about whatever was undefined.

! Undefined control sequence.
<argument> \m@th $\displaystyle G(\jw 
                                      ) = \magn {G(\jw )} e^{j\phase {G(\jw ...
l.210 ...\jw) = \magn{G(\jw)} e^{j\phase{G(\jw)}}}
                                                  
The control sequence at the end of the top line
of your error message was never \def'ed. If you have
misspelled it (e.g., `\hobx'), type `I' and the correct
spelling (e.g., `I\hbox'). Otherwise just continue,
and I'll forget about whatever was undefined.

! Undefined control sequence.
<argument> \m@th $\displaystyle G(\jw ) = \magn 
                                                {G(\jw )} e^{j\phase {G(\jw ...
l.210 ...\jw) = \magn{G(\jw)} e^{j\phase{G(\jw)}}}
                                                  
The control sequence at the end of the top line
of your error message was never \def'ed. If you have
misspelled it (e.g., `\hobx'), type `I' and the correct
spelling (e.g., `I\hbox'). Otherwise just continue,
and I'll forget about whatever was undefined.

! Undefined control sequence.
<argument> ...displaystyle G(\jw ) = \magn {G(\jw 
                                                  )} e^{j\phase {G(\jw )}}$
l.210 ...\jw) = \magn{G(\jw)} e^{j\phase{G(\jw)}}}
                                                  
The control sequence at the end of the top line
of your error message was never \def'ed. If you have
misspelled it (e.g., `\hobx'), type `I' and the correct
spelling (e.g., `I\hbox'). Otherwise just continue,
and I'll forget about whatever was undefined.

! Undefined control sequence.
<argument> ...(\jw ) = \magn {G(\jw )} e^{j\phase 
                                                  {G(\jw )}}$
l.210 ...\jw) = \magn{G(\jw)} e^{j\phase{G(\jw)}}}
                                                  
The control sequence at the end of the top line
of your error message was never \def'ed. If you have
misspelled it (e.g., `\hobx'), type `I' and the correct
spelling (e.g., `I\hbox'). Otherwise just continue,
and I'll forget about whatever was undefined.

! Undefined control sequence.
<argument> ...= \magn {G(\jw )} e^{j\phase {G(\jw 
                                                  )}}$
l.210 ...\jw) = \magn{G(\jw)} e^{j\phase{G(\jw)}}}
                                                  
The control sequence at the end of the top line
of your error message was never \def'ed. If you have
misspelled it (e.g., `\hobx'), type `I' and the correct
spelling (e.g., `I\hbox'). Otherwise just continue,
and I'll forget about whatever was undefined.

! Undefined control sequence.
<recently read> \magn 
                      
l.216     \item $\magn
                      {G(\jw)}$ is the \textbf{magnitude} (gain) at frequenc...
The control sequence at the end of the top line
of your error message was never \def'ed. If you have
misspelled it (e.g., `\hobx'), type `I' and the correct
spelling (e.g., `I\hbox'). Otherwise just continue,
and I'll forget about whatever was undefined.

! Undefined control sequence.
l.216     \item $\magn{G(\jw
                            )}$ is the \textbf{magnitude} (gain) at frequenc...
The control sequence at the end of the top line
of your error message was never \def'ed. If you have
misspelled it (e.g., `\hobx'), type `I' and the correct
spelling (e.g., `I\hbox'). Otherwise just continue,
and I'll forget about whatever was undefined.

! Undefined control sequence.
<recently read> \phase 
                       
l.217     \item $\phase
                       {G(\jw)}$ is the \textbf{phase} (angle) at frequency ...
The control sequence at the end of the top line
of your error message was never \def'ed. If you have
misspelled it (e.g., `\hobx'), type `I' and the correct
spelling (e.g., `I\hbox'). Otherwise just continue,
and I'll forget about whatever was undefined.

! Undefined control sequence.
l.217     \item $\phase{G(\jw
                             )}$ is the \textbf{phase} (angle) at frequency ...
The control sequence at the end of the top line
of your error message was never \def'ed. If you have
misspelled it (e.g., `\hobx'), type `I' and the correct
spelling (e.g., `I\hbox'). Otherwise just continue,
and I'll forget about whatever was undefined.

! Undefined control sequence.
l.222 G(\jw
           ) = \text{Re}\{G(\jw)\} + j\,\text{Im}\{G(\jw)\}
The control sequence at the end of the top line
of your error message was never \def'ed. If you have
misspelled it (e.g., `\hobx'), type `I' and the correct
spelling (e.g., `I\hbox'). Otherwise just continue,
and I'll forget about whatever was undefined.

! Undefined control sequence.
l.222 G(\jw) = \text{Re}\{G(\jw
                               )\} + j\,\text{Im}\{G(\jw)\}
The control sequence at the end of the top line
of your error message was never \def'ed. If you have
misspelled it (e.g., `\hobx'), type `I' and the correct
spelling (e.g., `I\hbox'). Otherwise just continue,
and I'll forget about whatever was undefined.

! Undefined control sequence.
l.222 ...\text{Re}\{G(\jw)\} + j\,\text{Im}\{G(\jw
                                                  )\}
The control sequence at the end of the top line
of your error message was never \def'ed. If you have
misspelled it (e.g., `\hobx'), type `I' and the correct
spelling (e.g., `I\hbox'). Otherwise just continue,
and I'll forget about whatever was undefined.

! Undefined control sequence.
<argument>  \magn 
                  {G(\jw )} &= \sqrt {\text {Re}^2\{G(\jw )\} + \text {Im}^2...
l.230 \end{align}
                 
The control sequence at the end of the top line
of your error message was never \def'ed. If you have
misspelled it (e.g., `\hobx'), type `I' and the correct
spelling (e.g., `I\hbox'). Otherwise just continue,
and I'll forget about whatever was undefined.

! Undefined control sequence.
<argument>  \magn {G(\jw 
                         )} &= \sqrt {\text {Re}^2\{G(\jw )\} + \text {Im}^2...
l.230 \end{align}
                 
The control sequence at the end of the top line
of your error message was never \def'ed. If you have
misspelled it (e.g., `\hobx'), type `I' and the correct
spelling (e.g., `I\hbox'). Otherwise just continue,
and I'll forget about whatever was undefined.

! Undefined control sequence.
<argument> ...jw )} &= \sqrt {\text {Re}^2\{G(\jw 
                                                  )\} + \text {Im}^2\{G(\jw ...
l.230 \end{align}
                 
The control sequence at the end of the top line
of your error message was never \def'ed. If you have
misspelled it (e.g., `\hobx'), type `I' and the correct
spelling (e.g., `I\hbox'). Otherwise just continue,
and I'll forget about whatever was undefined.

! Undefined control sequence.
<argument> ...^2\{G(\jw )\} + \text {Im}^2\{G(\jw 
                                                  )\}} \\ \phase {G(\jw )} &...
l.230 \end{align}
                 
The control sequence at the end of the top line
of your error message was never \def'ed. If you have
misspelled it (e.g., `\hobx'), type `I' and the correct
spelling (e.g., `I\hbox'). Otherwise just continue,
and I'll forget about whatever was undefined.

! Undefined control sequence.
<argument> ... \text {Im}^2\{G(\jw )\}} \\ \phase 
                                                  {G(\jw )} &= \arctan \left...
l.230 \end{align}
                 
The control sequence at the end of the top line
of your error message was never \def'ed. If you have
misspelled it (e.g., `\hobx'), type `I' and the correct
spelling (e.g., `I\hbox'). Otherwise just continue,
and I'll forget about whatever was undefined.

! Undefined control sequence.
<argument> ...{Im}^2\{G(\jw )\}} \\ \phase {G(\jw 
                                                  )} &= \arctan \left (\frac...
l.230 \end{align}
                 
The control sequence at the end of the top line
of your error message was never \def'ed. If you have
misspelled it (e.g., `\hobx'), type `I' and the correct
spelling (e.g., `I\hbox'). Otherwise just continue,
and I'll forget about whatever was undefined.

! Undefined control sequence.
<argument> \text {Im}\{G(\jw 
                             )\}
l.230 \end{align}
                 
The control sequence at the end of the top line
of your error message was never \def'ed. If you have
misspelled it (e.g., `\hobx'), type `I' and the correct
spelling (e.g., `I\hbox'). Otherwise just continue,
and I'll forget about whatever was undefined.

! Undefined control sequence.
<argument> \text {Re}\{G(\jw 
                             )\}
l.230 \end{align}
                 
The control sequence at the end of the top line
of your error message was never \def'ed. If you have
misspelled it (e.g., `\hobx'), type `I' and the correct
spelling (e.g., `I\hbox'). Otherwise just continue,
and I'll forget about whatever was undefined.

! Undefined control sequence.
<argument>  \magn 
                  {G(\jw )} &= \sqrt {\text {Re}^2\{G(\jw )\} + \text {Im}^2...
l.230 \end{align}
                 
The control sequence at the end of the top line
of your error message was never \def'ed. If you have
misspelled it (e.g., `\hobx'), type `I' and the correct
spelling (e.g., `I\hbox'). Otherwise just continue,
and I'll forget about whatever was undefined.

! Undefined control sequence.
<argument>  \magn {G(\jw 
                         )} &= \sqrt {\text {Re}^2\{G(\jw )\} + \text {Im}^2...
l.230 \end{align}
                 
The control sequence at the end of the top line
of your error message was never \def'ed. If you have
misspelled it (e.g., `\hobx'), type `I' and the correct
spelling (e.g., `I\hbox'). Otherwise just continue,
and I'll forget about whatever was undefined.

! Undefined control sequence.
<argument> ...jw )} &= \sqrt {\text {Re}^2\{G(\jw 
                                                  )\} + \text {Im}^2\{G(\jw ...
l.230 \end{align}
                 
The control sequence at the end of the top line
of your error message was never \def'ed. If you have
misspelled it (e.g., `\hobx'), type `I' and the correct
spelling (e.g., `I\hbox'). Otherwise just continue,
and I'll forget about whatever was undefined.

! Undefined control sequence.
<argument> ...^2\{G(\jw )\} + \text {Im}^2\{G(\jw 
                                                  )\}} \\ \phase {G(\jw )} &...
l.230 \end{align}
                 
The control sequence at the end of the top line
of your error message was never \def'ed. If you have
misspelled it (e.g., `\hobx'), type `I' and the correct
spelling (e.g., `I\hbox'). Otherwise just continue,
and I'll forget about whatever was undefined.

! Undefined control sequence.
<argument> ... \text {Im}^2\{G(\jw )\}} \\ \phase 
                                                  {G(\jw )} &= \arctan \left...
l.230 \end{align}
                 
The control sequence at the end of the top line
of your error message was never \def'ed. If you have
misspelled it (e.g., `\hobx'), type `I' and the correct
spelling (e.g., `I\hbox'). Otherwise just continue,
and I'll forget about whatever was undefined.

! Undefined control sequence.
<argument> ...{Im}^2\{G(\jw )\}} \\ \phase {G(\jw 
                                                  )} &= \arctan \left (\frac...
l.230 \end{align}
                 
The control sequence at the end of the top line
of your error message was never \def'ed. If you have
misspelled it (e.g., `\hobx'), type `I' and the correct
spelling (e.g., `I\hbox'). Otherwise just continue,
and I'll forget about whatever was undefined.

! Undefined control sequence.
<argument> \text {Im}\{G(\jw 
                             )\}
l.230 \end{align}
                 
The control sequence at the end of the top line
of your error message was never \def'ed. If you have
misspelled it (e.g., `\hobx'), type `I' and the correct
spelling (e.g., `I\hbox'). Otherwise just continue,
and I'll forget about whatever was undefined.

! Undefined control sequence.
<argument> \text {Re}\{G(\jw 
                             )\}
l.230 \end{align}
                 
The control sequence at the end of the top line
of your error message was never \def'ed. If you have
misspelled it (e.g., `\hobx'), type `I' and the correct
spelling (e.g., `I\hbox'). Otherwise just continue,
and I'll forget about whatever was undefined.



[225]
! Undefined control sequence.
l.237 ...textbf{Magnitude plot:} $20\log_{10}\magn
                                                  {G(\jw)}$ in decibels (dB)...
The control sequence at the end of the top line
of your error message was never \def'ed. If you have
misspelled it (e.g., `\hobx'), type `I' and the correct
spelling (e.g., `I\hbox'). Otherwise just continue,
and I'll forget about whatever was undefined.

! Undefined control sequence.
l.237 ...{Magnitude plot:} $20\log_{10}\magn{G(\jw
                                                  )}$ in decibels (dB) versu...
The control sequence at the end of the top line
of your error message was never \def'ed. If you have
misspelled it (e.g., `\hobx'), type `I' and the correct
spelling (e.g., `I\hbox'). Otherwise just continue,
and I'll forget about whatever was undefined.

! Undefined control sequence.
<recently read> \phase 
                       
l.238     \item \textbf{Phase plot:} $\phase
                                            {G(\jw)}$ in degrees versus $\lo...
The control sequence at the end of the top line
of your error message was never \def'ed. If you have
misspelled it (e.g., `\hobx'), type `I' and the correct
spelling (e.g., `I\hbox'). Otherwise just continue,
and I'll forget about whatever was undefined.

! Undefined control sequence.
l.238     \item \textbf{Phase plot:} $\phase{G(\jw
                                                  )}$ in degrees versus $\lo...
The control sequence at the end of the top line
of your error message was never \def'ed. If you have
misspelled it (e.g., `\hobx'), type `I' and the correct
spelling (e.g., `I\hbox'). Otherwise just continue,
and I'll forget about whatever was undefined.


! LaTeX Error: Environment keypoint undefined.

See the LaTeX manual or LaTeX Companion for explanation.
Type  H <return>  for immediate help.
 ...                                              
                                                  
l.241 \begin{keypoint}
                      
Your command was ignored.
Type  I <command> <return>  to replace it with another command,
or  <return>  to continue without it.


! LaTeX Error: \begin{document} ended by \end{keypoint}.

See the LaTeX manual or LaTeX Companion for explanation.
Type  H <return>  for immediate help.
 ...                                              
                                                  
l.243 \end{keypoint}
                    
Your command was ignored.
Type  I <command> <return>  to replace it with another command,
or  <return>  to continue without it.

Package pgfplots info on input line 261: Using 'lua backend=false' for axis: xm
ode=log unsupported (yet).
Package pgfplots info on input line 295: Using 'lua backend=false' for axis: xm
ode=log unsupported (yet).
! Undefined control sequence.
\pgfplots@stored@current@data ...t] {$-45\degrees 
                                                  $ at corner};
l.309     \end{semilogxaxis}
                            
The control sequence at the end of the top line
of your error message was never \def'ed. If you have
misspelled it (e.g., `\hobx'), type `I' and the correct
spelling (e.g., `I\hbox'). Otherwise just continue,
and I'll forget about whatever was undefined.


Package hyperref Warning: Token not allowed in a PDF string (Unicode):
(hyperref)                removing `math shift' on input line 315.


Package hyperref Warning: Token not allowed in a PDF string (Unicode):
(hyperref)                removing `\Ustack' on input line 315.


Package hyperref Warning: Token not allowed in a PDF string (Unicode):
(hyperref)                removing `\begingroup' on input line 315.


Package hyperref Warning: Token not allowed in a PDF string (Unicode):
(hyperref)                removing `\endgroup' on input line 315.


Package hyperref Warning: Token not allowed in a PDF string (Unicode):
(hyperref)                removing `\@@over' on input line 315.


Package hyperref Warning: Token not allowed in a PDF string (Unicode):
(hyperref)                removing `\tau' on input line 315.


Package hyperref Warning: Token not allowed in a PDF string (Unicode):
(hyperref)                removing `math shift' on input line 315.

! Undefined control sequence.
l.323 Substituting $s = \jw
                           $:
The control sequence at the end of the top line
of your error message was never \def'ed. If you have
misspelled it (e.g., `\hobx'), type `I' and the correct
spelling (e.g., `I\hbox'). Otherwise just continue,
and I'll forget about whatever was undefined.

! Undefined control sequence.
l.325 G(\jw
           ) = \frac{1}{j\omega\tau + 1} = \frac{1}{1 + j\omega\tau}
The control sequence at the end of the top line
of your error message was never \def'ed. If you have
misspelled it (e.g., `\hobx'), type `I' and the correct
spelling (e.g., `I\hbox'). Otherwise just continue,
and I'll forget about whatever was undefined.

! Undefined control sequence.
l.331 \magn
           {G(\jw)} = \frac{1}{\sqrt{1 + (\omega\tau)^2}}
The control sequence at the end of the top line
of your error message was never \def'ed. If you have
misspelled it (e.g., `\hobx'), type `I' and the correct
spelling (e.g., `I\hbox'). Otherwise just continue,
and I'll forget about whatever was undefined.

! Undefined control sequence.
l.331 \magn{G(\jw
                 )} = \frac{1}{\sqrt{1 + (\omega\tau)^2}}
The control sequence at the end of the top line
of your error message was never \def'ed. If you have
misspelled it (e.g., `\hobx'), type `I' and the correct
spelling (e.g., `I\hbox'). Otherwise just continue,
and I'll forget about whatever was undefined.

! Undefined control sequence.
l.337 \magn
           {G(\jw)}_{\text{dB}} = -20\log_{10}\sqrt{1 + (\omega\tau)^2} = -1...
The control sequence at the end of the top line
of your error message was never \def'ed. If you have
misspelled it (e.g., `\hobx'), type `I' and the correct
spelling (e.g., `I\hbox'). Otherwise just continue,
and I'll forget about whatever was undefined.

! Undefined control sequence.
l.337 \magn{G(\jw
                 )}_{\text{dB}} = -20\log_{10}\sqrt{1 + (\omega\tau)^2} = -1...
The control sequence at the end of the top line
of your error message was never \def'ed. If you have
misspelled it (e.g., `\hobx'), type `I' and the correct
spelling (e.g., `I\hbox'). Otherwise just continue,
and I'll forget about whatever was undefined.



[226]
! Undefined control sequence.
l.343 \phase
            {G(\jw)} = -\arctan(\omega\tau)
The control sequence at the end of the top line
of your error message was never \def'ed. If you have
misspelled it (e.g., `\hobx'), type `I' and the correct
spelling (e.g., `I\hbox'). Otherwise just continue,
and I'll forget about whatever was undefined.

! Undefined control sequence.
l.343 \phase{G(\jw
                  )} = -\arctan(\omega\tau)
The control sequence at the end of the top line
of your error message was never \def'ed. If you have
misspelled it (e.g., `\hobx'), type `I' and the correct
spelling (e.g., `I\hbox'). Otherwise just continue,
and I'll forget about whatever was undefined.

! Undefined control sequence.
<argument>  \magn 
                  {G(\jw )}_{\text {dB}} &\approx -10\log _{10}(1) = 0\dB \\...
l.355 \end{align}
                 
The control sequence at the end of the top line
of your error message was never \def'ed. If you have
misspelled it (e.g., `\hobx'), type `I' and the correct
spelling (e.g., `I\hbox'). Otherwise just continue,
and I'll forget about whatever was undefined.

! Undefined control sequence.
<argument>  \magn {G(\jw 
                         )}_{\text {dB}} &\approx -10\log _{10}(1) = 0\dB \\...
l.355 \end{align}
                 
The control sequence at the end of the top line
of your error message was never \def'ed. If you have
misspelled it (e.g., `\hobx'), type `I' and the correct
spelling (e.g., `I\hbox'). Otherwise just continue,
and I'll forget about whatever was undefined.

! Undefined control sequence.
\dB ->\ERROR 
             
l.355 \end{align}
                 
The control sequence at the end of the top line
of your error message was never \def'ed. If you have
misspelled it (e.g., `\hobx'), type `I' and the correct
spelling (e.g., `I\hbox'). Otherwise just continue,
and I'll forget about whatever was undefined.

! Undefined control sequence.
<argument> ...x -10\log _{10}(1) = 0\dB \\ \phase 
                                                  {G(\jw )} &\approx -\arcta...
l.355 \end{align}
                 
The control sequence at the end of the top line
of your error message was never \def'ed. If you have
misspelled it (e.g., `\hobx'), type `I' and the correct
spelling (e.g., `I\hbox'). Otherwise just continue,
and I'll forget about whatever was undefined.

! Undefined control sequence.
<argument> ...og _{10}(1) = 0\dB \\ \phase {G(\jw 
                                                  )} &\approx -\arctan (0) =...
l.355 \end{align}
                 
The control sequence at the end of the top line
of your error message was never \def'ed. If you have
misspelled it (e.g., `\hobx'), type `I' and the correct
spelling (e.g., `I\hbox'). Otherwise just continue,
and I'll forget about whatever was undefined.

! Undefined control sequence.
<argument> ...} &\approx -\arctan (0) = 0\degrees 
                                                  
l.355 \end{align}
                 
The control sequence at the end of the top line
of your error message was never \def'ed. If you have
misspelled it (e.g., `\hobx'), type `I' and the correct
spelling (e.g., `I\hbox'). Otherwise just continue,
and I'll forget about whatever was undefined.

! Undefined control sequence.
<argument>  \magn 
                  {G(\jw )}_{\text {dB}} &\approx -10\log _{10}(1) = 0\dB \\...
l.355 \end{align}
                 
The control sequence at the end of the top line
of your error message was never \def'ed. If you have
misspelled it (e.g., `\hobx'), type `I' and the correct
spelling (e.g., `I\hbox'). Otherwise just continue,
and I'll forget about whatever was undefined.

! Undefined control sequence.
<argument>  \magn {G(\jw 
                         )}_{\text {dB}} &\approx -10\log _{10}(1) = 0\dB \\...
l.355 \end{align}
                 
The control sequence at the end of the top line
of your error message was never \def'ed. If you have
misspelled it (e.g., `\hobx'), type `I' and the correct
spelling (e.g., `I\hbox'). Otherwise just continue,
and I'll forget about whatever was undefined.

! Undefined control sequence.
\dB ->\ERROR 
             
l.355 \end{align}
                 
The control sequence at the end of the top line
of your error message was never \def'ed. If you have
misspelled it (e.g., `\hobx'), type `I' and the correct
spelling (e.g., `I\hbox'). Otherwise just continue,
and I'll forget about whatever was undefined.

! Undefined control sequence.
<argument> ...x -10\log _{10}(1) = 0\dB \\ \phase 
                                                  {G(\jw )} &\approx -\arcta...
l.355 \end{align}
                 
The control sequence at the end of the top line
of your error message was never \def'ed. If you have
misspelled it (e.g., `\hobx'), type `I' and the correct
spelling (e.g., `I\hbox'). Otherwise just continue,
and I'll forget about whatever was undefined.

! Undefined control sequence.
<argument> ...og _{10}(1) = 0\dB \\ \phase {G(\jw 
                                                  )} &\approx -\arctan (0) =...
l.355 \end{align}
                 
The control sequence at the end of the top line
of your error message was never \def'ed. If you have
misspelled it (e.g., `\hobx'), type `I' and the correct
spelling (e.g., `I\hbox'). Otherwise just continue,
and I'll forget about whatever was undefined.

! Undefined control sequence.
<argument> ...} &\approx -\arctan (0) = 0\degrees 
                                                  
l.355 \end{align}
                 
The control sequence at the end of the top line
of your error message was never \def'ed. If you have
misspelled it (e.g., `\hobx'), type `I' and the correct
spelling (e.g., `I\hbox'). Otherwise just continue,
and I'll forget about whatever was undefined.

! Undefined control sequence.
<argument>  \magn 
                  {G(\jw )}_{\text {dB}} &\approx -10\log _{10}(\omega ^2\ta...
l.361 \end{align}
                 
The control sequence at the end of the top line
of your error message was never \def'ed. If you have
misspelled it (e.g., `\hobx'), type `I' and the correct
spelling (e.g., `I\hbox'). Otherwise just continue,
and I'll forget about whatever was undefined.

! Undefined control sequence.
<argument>  \magn {G(\jw 
                         )}_{\text {dB}} &\approx -10\log _{10}(\omega ^2\ta...
l.361 \end{align}
                 
The control sequence at the end of the top line
of your error message was never \def'ed. If you have
misspelled it (e.g., `\hobx'), type `I' and the correct
spelling (e.g., `I\hbox'). Otherwise just continue,
and I'll forget about whatever was undefined.

! Undefined control sequence.
<argument> ...0\log _{10}(\omega \tau ) \\ \phase 
                                                  {G(\jw )} &\approx -\arcta...
l.361 \end{align}
                 
The control sequence at the end of the top line
of your error message was never \def'ed. If you have
misspelled it (e.g., `\hobx'), type `I' and the correct
spelling (e.g., `I\hbox'). Otherwise just continue,
and I'll forget about whatever was undefined.

! Undefined control sequence.
<argument> ...{10}(\omega \tau ) \\ \phase {G(\jw 
                                                  )} &\approx -\arctan (\inf...
l.361 \end{align}
                 
The control sequence at the end of the top line
of your error message was never \def'ed. If you have
misspelled it (e.g., `\hobx'), type `I' and the correct
spelling (e.g., `I\hbox'). Otherwise just continue,
and I'll forget about whatever was undefined.

! Undefined control sequence.
<argument> ...ox -\arctan (\infty ) = -90\degrees 
                                                  
l.361 \end{align}
                 
The control sequence at the end of the top line
of your error message was never \def'ed. If you have
misspelled it (e.g., `\hobx'), type `I' and the correct
spelling (e.g., `I\hbox'). Otherwise just continue,
and I'll forget about whatever was undefined.

! Undefined control sequence.
<argument>  \magn 
                  {G(\jw )}_{\text {dB}} &\approx -10\log _{10}(\omega ^2\ta...
l.361 \end{align}
                 
The control sequence at the end of the top line
of your error message was never \def'ed. If you have
misspelled it (e.g., `\hobx'), type `I' and the correct
spelling (e.g., `I\hbox'). Otherwise just continue,
and I'll forget about whatever was undefined.

! Undefined control sequence.
<argument>  \magn {G(\jw 
                         )}_{\text {dB}} &\approx -10\log _{10}(\omega ^2\ta...
l.361 \end{align}
                 
The control sequence at the end of the top line
of your error message was never \def'ed. If you have
misspelled it (e.g., `\hobx'), type `I' and the correct
spelling (e.g., `I\hbox'). Otherwise just continue,
and I'll forget about whatever was undefined.

! Undefined control sequence.
<argument> ...0\log _{10}(\omega \tau ) \\ \phase 
                                                  {G(\jw )} &\approx -\arcta...
l.361 \end{align}
                 
The control sequence at the end of the top line
of your error message was never \def'ed. If you have
misspelled it (e.g., `\hobx'), type `I' and the correct
spelling (e.g., `I\hbox'). Otherwise just continue,
and I'll forget about whatever was undefined.

! Undefined control sequence.
<argument> ...{10}(\omega \tau ) \\ \phase {G(\jw 
                                                  )} &\approx -\arctan (\inf...
l.361 \end{align}
                 
The control sequence at the end of the top line
of your error message was never \def'ed. If you have
misspelled it (e.g., `\hobx'), type `I' and the correct
spelling (e.g., `I\hbox'). Otherwise just continue,
and I'll forget about whatever was undefined.

! Undefined control sequence.
<argument> ...ox -\arctan (\infty ) = -90\degrees 
                                                  
l.361 \end{align}
                 
The control sequence at the end of the top line
of your error message was never \def'ed. If you have
misspelled it (e.g., `\hobx'), type `I' and the correct
spelling (e.g., `I\hbox'). Otherwise just continue,
and I'll forget about whatever was undefined.

! Undefined control sequence.
\dB ->\ERROR 
             
l.363 ...requency asymptote has a slope of $-20\dB
                                                  $ per decade (i.e., for ev...
The control sequence at the end of the top line
of your error message was never \def'ed. If you have
misspelled it (e.g., `\hobx'), type `I' and the correct
spelling (e.g., `I\hbox'). Otherwise just continue,
and I'll forget about whatever was undefined.

! Undefined control sequence.
\dB ->\ERROR 
             
l.363 ...quency, the magnitude decreases by $20\dB
                                                  $).
The control sequence at the end of the top line
of your error message was never \def'ed. If you have
misspelled it (e.g., `\hobx'), type `I' and the correct
spelling (e.g., `I\hbox'). Otherwise just continue,
and I'll forget about whatever was undefined.

! Undefined control sequence.
<argument>  \magn 
                  {G(\jw )}_{\text {dB}} &= -10\log _{10}(2) \approx -3\dB \...
l.369 \end{align}
                 
The control sequence at the end of the top line
of your error message was never \def'ed. If you have
misspelled it (e.g., `\hobx'), type `I' and the correct
spelling (e.g., `I\hbox'). Otherwise just continue,
and I'll forget about whatever was undefined.

! Undefined control sequence.
<argument>  \magn {G(\jw 
                         )}_{\text {dB}} &= -10\log _{10}(2) \approx -3\dB \...
l.369 \end{align}
                 
The control sequence at the end of the top line
of your error message was never \def'ed. If you have
misspelled it (e.g., `\hobx'), type `I' and the correct
spelling (e.g., `I\hbox'). Otherwise just continue,
and I'll forget about whatever was undefined.

! Undefined control sequence.
\dB ->\ERROR 
             
l.369 \end{align}
                 
The control sequence at the end of the top line
of your error message was never \def'ed. If you have
misspelled it (e.g., `\hobx'), type `I' and the correct
spelling (e.g., `I\hbox'). Otherwise just continue,
and I'll forget about whatever was undefined.

! Undefined control sequence.
<argument> ...og _{10}(2) \approx -3\dB \\ \phase 
                                                  {G(\jw )} &= -\arctan (1) ...
l.369 \end{align}
                 
The control sequence at the end of the top line
of your error message was never \def'ed. If you have
misspelled it (e.g., `\hobx'), type `I' and the correct
spelling (e.g., `I\hbox'). Otherwise just continue,
and I'll forget about whatever was undefined.

! Undefined control sequence.
<argument> ...}(2) \approx -3\dB \\ \phase {G(\jw 
                                                  )} &= -\arctan (1) = -45\d...
l.369 \end{align}
                 
The control sequence at the end of the top line
of your error message was never \def'ed. If you have
misspelled it (e.g., `\hobx'), type `I' and the correct
spelling (e.g., `I\hbox'). Otherwise just continue,
and I'll forget about whatever was undefined.

! Undefined control sequence.
<argument> ...jw )} &= -\arctan (1) = -45\degrees 
                                                  
l.369 \end{align}
                 
The control sequence at the end of the top line
of your error message was never \def'ed. If you have
misspelled it (e.g., `\hobx'), type `I' and the correct
spelling (e.g., `I\hbox'). Otherwise just continue,
and I'll forget about whatever was undefined.

! Undefined control sequence.
<argument>  \magn 
                  {G(\jw )}_{\text {dB}} &= -10\log _{10}(2) \approx -3\dB \...
l.369 \end{align}
                 
The control sequence at the end of the top line
of your error message was never \def'ed. If you have
misspelled it (e.g., `\hobx'), type `I' and the correct
spelling (e.g., `I\hbox'). Otherwise just continue,
and I'll forget about whatever was undefined.

! Undefined control sequence.
<argument>  \magn {G(\jw 
                         )}_{\text {dB}} &= -10\log _{10}(2) \approx -3\dB \...
l.369 \end{align}
                 
The control sequence at the end of the top line
of your error message was never \def'ed. If you have
misspelled it (e.g., `\hobx'), type `I' and the correct
spelling (e.g., `I\hbox'). Otherwise just continue,
and I'll forget about whatever was undefined.

! Undefined control sequence.
\dB ->\ERROR 
             
l.369 \end{align}
                 
The control sequence at the end of the top line
of your error message was never \def'ed. If you have
misspelled it (e.g., `\hobx'), type `I' and the correct
spelling (e.g., `I\hbox'). Otherwise just continue,
and I'll forget about whatever was undefined.

! Undefined control sequence.
<argument> ...og _{10}(2) \approx -3\dB \\ \phase 
                                                  {G(\jw )} &= -\arctan (1) ...
l.369 \end{align}
                 
The control sequence at the end of the top line
of your error message was never \def'ed. If you have
misspelled it (e.g., `\hobx'), type `I' and the correct
spelling (e.g., `I\hbox'). Otherwise just continue,
and I'll forget about whatever was undefined.

! Undefined control sequence.
<argument> ...}(2) \approx -3\dB \\ \phase {G(\jw 
                                                  )} &= -\arctan (1) = -45\d...
l.369 \end{align}
                 
The control sequence at the end of the top line
of your error message was never \def'ed. If you have
misspelled it (e.g., `\hobx'), type `I' and the correct
spelling (e.g., `I\hbox'). Otherwise just continue,
and I'll forget about whatever was undefined.

! Undefined control sequence.
<argument> ...jw )} &= -\arctan (1) = -45\degrees 
                                                  
l.369 \end{align}
                 
The control sequence at the end of the top line
of your error message was never \def'ed. If you have
misspelled it (e.g., `\hobx'), type `I' and the correct
spelling (e.g., `I\hbox'). Otherwise just continue,
and I'll forget about whatever was undefined.

! Undefined control sequence.
\dB ->\ERROR 
             
l.372 ... frequency, the actual magnitude is $3\dB
                                                  $ below the asymptotic val...
The control sequence at the end of the top line
of your error message was never \def'ed. If you have
misspelled it (e.g., `\hobx'), type `I' and the correct
spelling (e.g., `I\hbox'). Otherwise just continue,
and I'll forget about whatever was undefined.

! Undefined control sequence.
l.372 ...otic value, and the phase is $-45\degrees
                                                  $ for a single real pole.
The control sequence at the end of the top line
of your error message was never \def'ed. If you have
misspelled it (e.g., `\hobx'), type `I' and the correct
spelling (e.g., `I\hbox'). Otherwise just continue,
and I'll forget about whatever was undefined.

Package pgfplots info on input line 390: Using 'lua backend=false' for axis: xm
ode=log unsupported (yet).
! Undefined control sequence.
\dB ->\ERROR 
             
l.407     \end{semilogxaxis}
                            
The control sequence at the end of the top line
of your error message was never \def'ed. If you have
misspelled it (e.g., `\hobx'), type `I' and the correct
spelling (e.g., `I\hbox'). Otherwise just continue,
and I'll forget about whatever was undefined.

Package pgfplots info on input line 426: Using 'lua backend=false' for axis: xm
ode=log unsupported (yet).
! Undefined control sequence.
\dB ->\ERROR 
             
l.437 ...esponse (solid) at the corner frequency.}
                                                  
The control sequence at the end of the top line
of your error message was never \def'ed. If you have
misspelled it (e.g., `\hobx'), type `I' and the correct
spelling (e.g., `I\hbox'). Otherwise just continue,
and I'll forget about whatever was undefined.

! Undefined control sequence.
\dB ->\ERROR 
             
l.437 ...esponse (solid) at the corner frequency.}
                                                  
The control sequence at the end of the top line
of your error message was never \def'ed. If you have
misspelled it (e.g., `\hobx'), type `I' and the correct
spelling (e.g., `I\hbox'). Otherwise just continue,
and I'll forget about whatever was undefined.

! Undefined control sequence.
l.451 Substituting $s = \jw
                           $:
The control sequence at the end of the top line
of your error message was never \def'ed. If you have
misspelled it (e.g., `\hobx'), type `I' and the correct
spelling (e.g., `I\hbox'). Otherwise just continue,
and I'll forget about whatever was undefined.

! Undefined control sequence.
l.453 G(\jw
           ) = \frac{\omega_n^2}{\omega_n^2 - \omega^2 + 2j\zeta\omega_n\omega}
The control sequence at the end of the top line
of your error message was never \def'ed. If you have
misspelled it (e.g., `\hobx'), type `I' and the correct
spelling (e.g., `I\hbox'). Otherwise just continue,
and I'll forget about whatever was undefined.

! Undefined control sequence.
l.465 \magn
           {G(\jw)} = \frac{1}{\sqrt{(1-u^2)^2 + (2\zeta u)^2}}
The control sequence at the end of the top line
of your error message was never \def'ed. If you have
misspelled it (e.g., `\hobx'), type `I' and the correct
spelling (e.g., `I\hbox'). Otherwise just continue,
and I'll forget about whatever was undefined.

! Undefined control sequence.
l.465 \magn{G(\jw
                 )} = \frac{1}{\sqrt{(1-u^2)^2 + (2\zeta u)^2}}
The control sequence at the end of the top line
of your error message was never \def'ed. If you have
misspelled it (e.g., `\hobx'), type `I' and the correct
spelling (e.g., `I\hbox'). Otherwise just continue,
and I'll forget about whatever was undefined.



[227]
! Undefined control sequence.
l.471 \phase
            {G(\jw)} = -\arctan\left(\frac{2\zeta u}{1 - u^2}\right)
The control sequence at the end of the top line
of your error message was never \def'ed. If you have
misspelled it (e.g., `\hobx'), type `I' and the correct
spelling (e.g., `I\hbox'). Otherwise just continue,
and I'll forget about whatever was undefined.

! Undefined control sequence.
l.471 \phase{G(\jw
                  )} = -\arctan\left(\frac{2\zeta u}{1 - u^2}\right)
The control sequence at the end of the top line
of your error message was never \def'ed. If you have
misspelled it (e.g., `\hobx'), type `I' and the correct
spelling (e.g., `I\hbox'). Otherwise just continue,
and I'll forget about whatever was undefined.

! Undefined control sequence.
<argument>  \magn 
                  {G}_{\text {dB}} &\approx 0\dB \\ \phase {G} &\approx 0\de...
l.481 \end{align}
                 
The control sequence at the end of the top line
of your error message was never \def'ed. If you have
misspelled it (e.g., `\hobx'), type `I' and the correct
spelling (e.g., `I\hbox'). Otherwise just continue,
and I'll forget about whatever was undefined.

! Undefined control sequence.
\dB ->\ERROR 
             
l.481 \end{align}
                 
The control sequence at the end of the top line
of your error message was never \def'ed. If you have
misspelled it (e.g., `\hobx'), type `I' and the correct
spelling (e.g., `I\hbox'). Otherwise just continue,
and I'll forget about whatever was undefined.

! Undefined control sequence.
<argument> ...\text {dB}} &\approx 0\dB \\ \phase 
                                                  {G} &\approx 0\degrees 
l.481 \end{align}
                 
The control sequence at the end of the top line
of your error message was never \def'ed. If you have
misspelled it (e.g., `\hobx'), type `I' and the correct
spelling (e.g., `I\hbox'). Otherwise just continue,
and I'll forget about whatever was undefined.

! Undefined control sequence.
<argument> ...dB \\ \phase {G} &\approx 0\degrees 
                                                  
l.481 \end{align}
                 
The control sequence at the end of the top line
of your error message was never \def'ed. If you have
misspelled it (e.g., `\hobx'), type `I' and the correct
spelling (e.g., `I\hbox'). Otherwise just continue,
and I'll forget about whatever was undefined.

! Undefined control sequence.
<argument>  \magn 
                  {G}_{\text {dB}} &\approx 0\dB \\ \phase {G} &\approx 0\de...
l.481 \end{align}
                 
The control sequence at the end of the top line
of your error message was never \def'ed. If you have
misspelled it (e.g., `\hobx'), type `I' and the correct
spelling (e.g., `I\hbox'). Otherwise just continue,
and I'll forget about whatever was undefined.

! Undefined control sequence.
\dB ->\ERROR 
             
l.481 \end{align}
                 
The control sequence at the end of the top line
of your error message was never \def'ed. If you have
misspelled it (e.g., `\hobx'), type `I' and the correct
spelling (e.g., `I\hbox'). Otherwise just continue,
and I'll forget about whatever was undefined.

! Undefined control sequence.
<argument> ...\text {dB}} &\approx 0\dB \\ \phase 
                                                  {G} &\approx 0\degrees 
l.481 \end{align}
                 
The control sequence at the end of the top line
of your error message was never \def'ed. If you have
misspelled it (e.g., `\hobx'), type `I' and the correct
spelling (e.g., `I\hbox'). Otherwise just continue,
and I'll forget about whatever was undefined.

! Undefined control sequence.
<argument> ...dB \\ \phase {G} &\approx 0\degrees 
                                                  
l.481 \end{align}
                 
The control sequence at the end of the top line
of your error message was never \def'ed. If you have
misspelled it (e.g., `\hobx'), type `I' and the correct
spelling (e.g., `I\hbox'). Otherwise just continue,
and I'll forget about whatever was undefined.

! Undefined control sequence.
<argument>  \magn 
                  {G}_{\text {dB}} &\approx -40\log _{10}u = -40\log _{10}(\...
l.487 \end{align}
                 
The control sequence at the end of the top line
of your error message was never \def'ed. If you have
misspelled it (e.g., `\hobx'), type `I' and the correct
spelling (e.g., `I\hbox'). Otherwise just continue,
and I'll forget about whatever was undefined.

! Undefined control sequence.
<argument> ... _{10}(\omega /\omega _n) \\ \phase 
                                                  {G} &\approx -180\degrees 
l.487 \end{align}
                 
The control sequence at the end of the top line
of your error message was never \def'ed. If you have
misspelled it (e.g., `\hobx'), type `I' and the correct
spelling (e.g., `I\hbox'). Otherwise just continue,
and I'll forget about whatever was undefined.

! Undefined control sequence.
<argument> ...\\ \phase {G} &\approx -180\degrees 
                                                  
l.487 \end{align}
                 
The control sequence at the end of the top line
of your error message was never \def'ed. If you have
misspelled it (e.g., `\hobx'), type `I' and the correct
spelling (e.g., `I\hbox'). Otherwise just continue,
and I'll forget about whatever was undefined.

! Undefined control sequence.
<argument>  \magn 
                  {G}_{\text {dB}} &\approx -40\log _{10}u = -40\log _{10}(\...
l.487 \end{align}
                 
The control sequence at the end of the top line
of your error message was never \def'ed. If you have
misspelled it (e.g., `\hobx'), type `I' and the correct
spelling (e.g., `I\hbox'). Otherwise just continue,
and I'll forget about whatever was undefined.

! Undefined control sequence.
<argument> ... _{10}(\omega /\omega _n) \\ \phase 
                                                  {G} &\approx -180\degrees 
l.487 \end{align}
                 
The control sequence at the end of the top line
of your error message was never \def'ed. If you have
misspelled it (e.g., `\hobx'), type `I' and the correct
spelling (e.g., `I\hbox'). Otherwise just continue,
and I'll forget about whatever was undefined.

! Undefined control sequence.
<argument> ...\\ \phase {G} &\approx -180\degrees 
                                                  
l.487 \end{align}
                 
The control sequence at the end of the top line
of your error message was never \def'ed. If you have
misspelled it (e.g., `\hobx'), type `I' and the correct
spelling (e.g., `I\hbox'). Otherwise just continue,
and I'll forget about whatever was undefined.

! Undefined control sequence.
\dB ->\ERROR 
             
l.489 ...requency asymptote has a slope of $-40\dB
                                                  $/decade (compared to $-20...
The control sequence at the end of the top line
of your error message was never \def'ed. If you have
misspelled it (e.g., `\hobx'), type `I' and the correct
spelling (e.g., `I\hbox'). Otherwise just continue,
and I'll forget about whatever was undefined.

! Undefined control sequence.
\dB ->\ERROR 
             
l.489 ...e of $-40\dB$/decade (compared to $-20\dB
                                                  $/decade for first-order s...
The control sequence at the end of the top line
of your error message was never \def'ed. If you have
misspelled it (e.g., `\hobx'), type `I' and the correct
spelling (e.g., `I\hbox'). Otherwise just continue,
and I'll forget about whatever was undefined.



[228]
Package pgfplots info on input line 521: Using 'lua backend=false' for axis: xm
ode=log unsupported (yet).
Package pgfplots info on input line 566: Using 'lua backend=false' for axis: xm
ode=log unsupported (yet).

! Undefined control sequence.
<argument> ...ase transition through $-90\degrees 
                                                  $ at $\omega = \omega _n$....
l.592 ...gh $-90\degrees$ at $\omega = \omega_n$.}
                                                  
The control sequence at the end of the top line
of your error message was never \def'ed. If you have
misspelled it (e.g., `\hobx'), type `I' and the correct
spelling (e.g., `I\hbox'). Otherwise just continue,
and I'll forget about whatever was undefined.

! Undefined control sequence.
<argument> ...ase transition through $-90\degrees 
                                                  $ at $\omega = \omega _n$....
l.592 ...gh $-90\degrees$ at $\omega = \omega_n$.}
                                                  
The control sequence at the end of the top line
of your error message was never \def'ed. If you have
misspelled it (e.g., `\hobx'), type `I' and the correct
spelling (e.g., `I\hbox'). Otherwise just continue,
and I'll forget about whatever was undefined.

! Undefined control sequence.
<argument> ...ase transition through $-90\degrees 
                                                  $ at $\omega = \omega _n$....
l.592 ...gh $-90\degrees$ at $\omega = \omega_n$.}
                                                  
The control sequence at the end of the top line
of your error message was never \def'ed. If you have
misspelled it (e.g., `\hobx'), type `I' and the correct
spelling (e.g., `I\hbox'). Otherwise just continue,
and I'll forget about whatever was undefined.


! LaTeX Error: Environment keypoint undefined.

See the LaTeX manual or LaTeX Companion for explanation.
Type  H <return>  for immediate help.
 ...                                              
                                                  
l.614 \begin{keypoint}
                      
Your command was ignored.
Type  I <command> <return>  to replace it with another command,
or  <return>  to continue without it.



[229]
! Undefined control sequence.
\dB ->\ERROR 
             
l.618 ... \textbf{Pole at origin ($1/s$):} $-20\dB
                                                  $/decade slope through all...
The control sequence at the end of the top line
of your error message was never \def'ed. If you have
misspelled it (e.g., `\hobx'), type `I' and the correct
spelling (e.g., `I\hbox'). Otherwise just continue,
and I'll forget about whatever was undefined.

! Undefined control sequence.
l.618 ...ope through all frequencies, $-90\degrees
                                                  $ phase
The control sequence at the end of the top line
of your error message was never \def'ed. If you have
misspelled it (e.g., `\hobx'), type `I' and the correct
spelling (e.g., `I\hbox'). Otherwise just continue,
and I'll forget about whatever was undefined.

! Undefined control sequence.
\dB ->\ERROR 
             
l.619 ...em \textbf{Zero at origin ($s$):} $+20\dB
                                                  $/decade slope, $+90\degre...
The control sequence at the end of the top line
of your error message was never \def'ed. If you have
misspelled it (e.g., `\hobx'), type `I' and the correct
spelling (e.g., `I\hbox'). Otherwise just continue,
and I'll forget about whatever was undefined.

! Undefined control sequence.
l.619 ...s$):} $+20\dB$/decade slope, $+90\degrees
                                                  $ phase
The control sequence at the end of the top line
of your error message was never \def'ed. If you have
misspelled it (e.g., `\hobx'), type `I' and the correct
spelling (e.g., `I\hbox'). Otherwise just continue,
and I'll forget about whatever was undefined.

! Undefined control sequence.
\dB ->\ERROR 
             
l.620 ... Break at $\omega = 1/\tau$, adds $-20\dB
                                                  $/decade slope and $-90\de...
The control sequence at the end of the top line
of your error message was never \def'ed. If you have
misspelled it (e.g., `\hobx'), type `I' and the correct
spelling (e.g., `I\hbox'). Otherwise just continue,
and I'll forget about whatever was undefined.

! Undefined control sequence.
l.620 ...ds $-20\dB$/decade slope and $-90\degrees
                                                  $ phase
The control sequence at the end of the top line
of your error message was never \def'ed. If you have
misspelled it (e.g., `\hobx'), type `I' and the correct
spelling (e.g., `I\hbox'). Otherwise just continue,
and I'll forget about whatever was undefined.

! Undefined control sequence.
\dB ->\ERROR 
             
l.621 ... Break at $\omega = 1/\tau$, adds $+20\dB
                                                  $/decade slope and $+90\de...
The control sequence at the end of the top line
of your error message was never \def'ed. If you have
misspelled it (e.g., `\hobx'), type `I' and the correct
spelling (e.g., `I\hbox'). Otherwise just continue,
and I'll forget about whatever was undefined.

! Undefined control sequence.
l.621 ...ds $+20\dB$/decade slope and $+90\degrees
                                                  $ phase
The control sequence at the end of the top line
of your error message was never \def'ed. If you have
misspelled it (e.g., `\hobx'), type `I' and the correct
spelling (e.g., `I\hbox'). Otherwise just continue,
and I'll forget about whatever was undefined.

! Undefined control sequence.
\dB ->\ERROR 
             
l.622 ...reak at $\omega = \omega_n$, adds $-40\dB
                                                  $/decade and $-180\degrees...
The control sequence at the end of the top line
of your error message was never \def'ed. If you have
misspelled it (e.g., `\hobx'), type `I' and the correct
spelling (e.g., `I\hbox'). Otherwise just continue,
and I'll forget about whatever was undefined.

! Undefined control sequence.
l.622 ...$, adds $-40\dB$/decade and $-180\degrees
                                                  $, with possible resonant ...
The control sequence at the end of the top line
of your error message was never \def'ed. If you have
misspelled it (e.g., `\hobx'), type `I' and the correct
spelling (e.g., `I\hbox'). Otherwise just continue,
and I'll forget about whatever was undefined.

! Undefined control sequence.
\dB ->\ERROR 
             
l.623 ...reak at $\omega = \omega_n$, adds $+40\dB
                                                  $/decade and $+180\degrees$
The control sequence at the end of the top line
of your error message was never \def'ed. If you have
misspelled it (e.g., `\hobx'), type `I' and the correct
spelling (e.g., `I\hbox'). Otherwise just continue,
and I'll forget about whatever was undefined.

! Undefined control sequence.
l.623 ...$, adds $+40\dB$/decade and $+180\degrees
                                                  $
The control sequence at the end of the top line
of your error message was never \def'ed. If you have
misspelled it (e.g., `\hobx'), type `I' and the correct
spelling (e.g., `I\hbox'). Otherwise just continue,
and I'll forget about whatever was undefined.


! LaTeX Error: \begin{document} ended by \end{keypoint}.

See the LaTeX manual or LaTeX Companion for explanation.
Type  H <return>  for immediate help.
 ...                                              
                                                  
l.625 \end{keypoint}
                    
Your command was ignored.
Type  I <command> <return>  to replace it with another command,
or  <return>  to continue without it.

! Undefined control sequence.
\dB ->\ERROR 
             
l.641     \item DC gain: $K_0 = 1$ ($0\dB
                                         $ at $\omega = 1$)
The control sequence at the end of the top line
of your error message was never \def'ed. If you have
misspelled it (e.g., `\hobx'), type `I' and the correct
spelling (e.g., `I\hbox'). Otherwise just continue,
and I'll forget about whatever was undefined.

! Undefined control sequence.
\dB ->\ERROR 
             
l.649     \item For $\omega < 1$: Slope is $-20\dB
                                                  $/decade (from pole at ori...
The control sequence at the end of the top line
of your error message was never \def'ed. If you have
misspelled it (e.g., `\hobx'), type `I' and the correct
spelling (e.g., `I\hbox'). Otherwise just continue,
and I'll forget about whatever was undefined.

! Undefined control sequence.
\dB ->\ERROR 
             
l.650     \item At $\omega = 1$: Zero adds $+20\dB
                                                  $/decade, net slope become...
The control sequence at the end of the top line
of your error message was never \def'ed. If you have
misspelled it (e.g., `\hobx'), type `I' and the correct
spelling (e.g., `I\hbox'). Otherwise just continue,
and I'll forget about whatever was undefined.

! Undefined control sequence.
\dB ->\ERROR 
             
l.650 ... $+20\dB$/decade, net slope becomes $0\dB
                                                  $/decade
The control sequence at the end of the top line
of your error message was never \def'ed. If you have
misspelled it (e.g., `\hobx'), type `I' and the correct
spelling (e.g., `I\hbox'). Otherwise just continue,
and I'll forget about whatever was undefined.

! Undefined control sequence.
\dB ->\ERROR 
             
l.651 ...\item At $\omega = 10$: Pole adds $-20\dB
                                                  $/decade, net slope become...
The control sequence at the end of the top line
of your error message was never \def'ed. If you have
misspelled it (e.g., `\hobx'), type `I' and the correct
spelling (e.g., `I\hbox'). Otherwise just continue,
and I'll forget about whatever was undefined.

! Undefined control sequence.
\dB ->\ERROR 
             
l.651 ...-20\dB$/decade, net slope becomes $-20\dB
                                                  $/decade
The control sequence at the end of the top line
of your error message was never \def'ed. If you have
misspelled it (e.g., `\hobx'), type `I' and the correct
spelling (e.g., `I\hbox'). Otherwise just continue,
and I'll forget about whatever was undefined.

! Undefined control sequence.
l.685 \magn
           {G(\jw)} = 1 \quad \text{and} \quad \phase{G(\jw)} = -180\degrees
The control sequence at the end of the top line
of your error message was never \def'ed. If you have
misspelled it (e.g., `\hobx'), type `I' and the correct
spelling (e.g., `I\hbox'). Otherwise just continue,
and I'll forget about whatever was undefined.

! Undefined control sequence.
l.685 \magn{G(\jw
                 )} = 1 \quad \text{and} \quad \phase{G(\jw)} = -180\degrees
The control sequence at the end of the top line
of your error message was never \def'ed. If you have
misspelled it (e.g., `\hobx'), type `I' and the correct
spelling (e.g., `I\hbox'). Otherwise just continue,
and I'll forget about whatever was undefined.

! Undefined control sequence.
l.685 ...G(\jw)} = 1 \quad \text{and} \quad \phase
                                                  {G(\jw)} = -180\degrees
The control sequence at the end of the top line
of your error message was never \def'ed. If you have
misspelled it (e.g., `\hobx'), type `I' and the correct
spelling (e.g., `I\hbox'). Otherwise just continue,
and I'll forget about whatever was undefined.

! Undefined control sequence.
l.685 ...} = 1 \quad \text{and} \quad \phase{G(\jw
                                                  )} = -180\degrees
The control sequence at the end of the top line
of your error message was never \def'ed. If you have
misspelled it (e.g., `\hobx'), type `I' and the correct
spelling (e.g., `I\hbox'). Otherwise just continue,
and I'll forget about whatever was undefined.

! Undefined control sequence.
l.685 ...{and} \quad \phase{G(\jw)} = -180\degrees
                                                  
The control sequence at the end of the top line
of your error message was never \def'ed. If you have
misspelled it (e.g., `\hobx'), type `I' and the correct
spelling (e.g., `I\hbox'). Otherwise just continue,
and I'll forget about whatever was undefined.

! Undefined control sequence.
<recently read> \magn 
                      
l.690 ...ga_{gc}$ is the frequency at which $\magn
                                                  {G(\jw_{gc})} = 1$ (i.e., ...
The control sequence at the end of the top line
of your error message was never \def'ed. If you have
misspelled it (e.g., `\hobx'), type `I' and the correct
spelling (e.g., `I\hbox'). Otherwise just continue,
and I'll forget about whatever was undefined.

! Undefined control sequence.
l.690 ...}$ is the frequency at which $\magn{G(\jw
                                                  _{gc})} = 1$ (i.e., $0\dB$).
The control sequence at the end of the top line
of your error message was never \def'ed. If you have
misspelled it (e.g., `\hobx'), type `I' and the correct
spelling (e.g., `I\hbox'). Otherwise just continue,
and I'll forget about whatever was undefined.

! Undefined control sequence.
\dB ->\ERROR 
             
l.690 ...ich $\magn{G(\jw_{gc})} = 1$ (i.e., $0\dB
                                                  $).
The control sequence at the end of the top line
of your error message was never \def'ed. If you have
misspelled it (e.g., `\hobx'), type `I' and the correct
spelling (e.g., `I\hbox'). Otherwise just continue,
and I'll forget about whatever was undefined.



[230]
! Undefined control sequence.
<recently read> \phase 
                       
l.694 ...a_{pc}$ is the frequency at which $\phase
                                                  {G(\jw_{pc})} = -180\degre...
The control sequence at the end of the top line
of your error message was never \def'ed. If you have
misspelled it (e.g., `\hobx'), type `I' and the correct
spelling (e.g., `I\hbox'). Otherwise just continue,
and I'll forget about whatever was undefined.

! Undefined control sequence.
l.694 ...$ is the frequency at which $\phase{G(\jw
                                                  _{pc})} = -180\degrees$.
The control sequence at the end of the top line
of your error message was never \def'ed. If you have
misspelled it (e.g., `\hobx'), type `I' and the correct
spelling (e.g., `I\hbox'). Otherwise just continue,
and I'll forget about whatever was undefined.

! Undefined control sequence.
l.694 ...which $\phase{G(\jw_{pc})} = -180\degrees
                                                  $.
The control sequence at the end of the top line
of your error message was never \def'ed. If you have
misspelled it (e.g., `\hobx'), type `I' and the correct
spelling (e.g., `I\hbox'). Otherwise just continue,
and I'll forget about whatever was undefined.

! Undefined control sequence.
<argument> \magn 
                 {G(\jw _{pc})}
l.700 \text{GM} = \frac{1}{\magn{G(\jw_{pc})}}
                                               \quad \text{or} \quad \text{G...
The control sequence at the end of the top line
of your error message was never \def'ed. If you have
misspelled it (e.g., `\hobx'), type `I' and the correct
spelling (e.g., `I\hbox'). Otherwise just continue,
and I'll forget about whatever was undefined.

! Undefined control sequence.
<argument> \magn {G(\jw 
                        _{pc})}
l.700 \text{GM} = \frac{1}{\magn{G(\jw_{pc})}}
                                               \quad \text{or} \quad \text{G...
The control sequence at the end of the top line
of your error message was never \def'ed. If you have
misspelled it (e.g., `\hobx'), type `I' and the correct
spelling (e.g., `I\hbox'). Otherwise just continue,
and I'll forget about whatever was undefined.

! Undefined control sequence.
l.700 ...\text{GM}_{\text{dB}} = -20\log_{10}\magn
                                                  {G(\jw_{pc})}
The control sequence at the end of the top line
of your error message was never \def'ed. If you have
misspelled it (e.g., `\hobx'), type `I' and the correct
spelling (e.g., `I\hbox'). Otherwise just continue,
and I'll forget about whatever was undefined.

! Undefined control sequence.
l.700 ...GM}_{\text{dB}} = -20\log_{10}\magn{G(\jw
                                                  _{pc})}
The control sequence at the end of the top line
of your error message was never \def'ed. If you have
misspelled it (e.g., `\hobx'), type `I' and the correct
spelling (e.g., `I\hbox'). Otherwise just continue,
and I'll forget about whatever was undefined.

! Undefined control sequence.
l.708 \text{PM} = 180\degrees
                              + \phase{G(\jw_{gc})}
The control sequence at the end of the top line
of your error message was never \def'ed. If you have
misspelled it (e.g., `\hobx'), type `I' and the correct
spelling (e.g., `I\hbox'). Otherwise just continue,
and I'll forget about whatever was undefined.

! Undefined control sequence.
l.708 \text{PM} = 180\degrees + \phase
                                      {G(\jw_{gc})}
The control sequence at the end of the top line
of your error message was never \def'ed. If you have
misspelled it (e.g., `\hobx'), type `I' and the correct
spelling (e.g., `I\hbox'). Otherwise just continue,
and I'll forget about whatever was undefined.

! Undefined control sequence.
l.708 \text{PM} = 180\degrees + \phase{G(\jw
                                            _{gc})}
The control sequence at the end of the top line
of your error message was never \def'ed. If you have
misspelled it (e.g., `\hobx'), type `I' and the correct
spelling (e.g., `I\hbox'). Otherwise just continue,
and I'll forget about whatever was undefined.

Package pgfplots info on input line 728: Using 'lua backend=false' for axis: xm
ode=log unsupported (yet).
Package pgfplots info on input line 759: Using 'lua backend=false' for axis: xm
ode=log unsupported (yet).

! LaTeX Error: Environment designtip undefined.

See the LaTeX manual or LaTeX Companion for explanation.
Type  H <return>  for immediate help.
 ...                                              
                                                  
l.780 \begin{designtip}
                       
Your command was ignored.
Type  I <command> <return>  to replace it with another command,
or  <return>  to continue without it.

! Undefined control sequence.
\dB ->\ERROR 
             
l.783     \item Gain margin: $\text{GM} \geq 6\dB
                                                 $ (factor of 2)
The control sequence at the end of the top line
of your error message was never \def'ed. If you have
misspelled it (e.g., `\hobx'), type `I' and the correct
spelling (e.g., `I\hbox'). Otherwise just continue,
and I'll forget about whatever was undefined.

! Undefined control sequence.
l.784 ... Phase margin: $\text{PM} \geq 45\degrees
                                                  $
The control sequence at the end of the top line
of your error message was never \def'ed. If you have
misspelled it (e.g., `\hobx'), type `I' and the correct
spelling (e.g., `I\hbox'). Otherwise just continue,
and I'll forget about whatever was undefined.


! LaTeX Error: \begin{document} ended by \end{designtip}.

See the LaTeX manual or LaTeX Companion for explanation.
Type  H <return>  for immediate help.
 ...                                              
                                                  
l.787 \end{designtip}
                     
Your command was ignored.
Type  I <command> <return>  to replace it with another command,
or  <return>  to continue without it.


! LaTeX Error: Environment experimentbox undefined.

See the LaTeX manual or LaTeX Companion for explanation.
Type  H <return>  for immediate help.
 ...                                              
                                                  
l.794 \begin{experimentbox}
                           
Your command was ignored.
Type  I <command> <return>  to replace it with another command,
or  <return>  to continue without it.



[231]

! LaTeX Error: \begin{document} ended by \end{experimentbox}.

See the LaTeX manual or LaTeX Companion for explanation.
Type  H <return>  for immediate help.
 ...                                              
                                                  
l.805 \end{experimentbox}
                         
Your command was ignored.
Type  I <command> <return>  to replace it with another command,
or  <return>  to continue without it.



[232]

[233]
Underfull \vbox (badness 10000) has occurred while \output is active []



[234]
! Undefined control sequence.
l.944 10 & 0.998 & & $-3.6\degrees
                                  $ & \\
The control sequence at the end of the top line
of your error message was never \def'ed. If you have
misspelled it (e.g., `\hobx'), type `I' and the correct
spelling (e.g., `I\hbox'). Otherwise just continue,
and I'll forget about whatever was undefined.

! Undefined control sequence.
l.945 20 & 0.992 & & $-7.2\degrees
                                  $ & \\
The control sequence at the end of the top line
of your error message was never \def'ed. If you have
misspelled it (e.g., `\hobx'), type `I' and the correct
spelling (e.g., `I\hbox'). Otherwise just continue,
and I'll forget about whatever was undefined.

! Undefined control sequence.
l.946 50 & 0.954 & & $-17.4\degrees
                                   $ & \\
The control sequence at the end of the top line
of your error message was never \def'ed. If you have
misspelled it (e.g., `\hobx'), type `I' and the correct
spelling (e.g., `I\hbox'). Otherwise just continue,
and I'll forget about whatever was undefined.

! Undefined control sequence.
l.947 100 & 0.847 & & $-32.1\degrees
                                    $ & \\
The control sequence at the end of the top line
of your error message was never \def'ed. If you have
misspelled it (e.g., `\hobx'), type `I' and the correct
spelling (e.g., `I\hbox'). Otherwise just continue,
and I'll forget about whatever was undefined.

! Undefined control sequence.
l.948 159 & 0.707 & & $-45.0\degrees
                                    $ & \\
The control sequence at the end of the top line
of your error message was never \def'ed. If you have
misspelled it (e.g., `\hobx'), type `I' and the correct
spelling (e.g., `I\hbox'). Otherwise just continue,
and I'll forget about whatever was undefined.

! Undefined control sequence.
l.949 200 & 0.622 & & $-51.5\degrees
                                    $ & \\
The control sequence at the end of the top line
of your error message was never \def'ed. If you have
misspelled it (e.g., `\hobx'), type `I' and the correct
spelling (e.g., `I\hbox'). Otherwise just continue,
and I'll forget about whatever was undefined.

! Undefined control sequence.
l.950 500 & 0.303 & & $-72.3\degrees
                                    $ & \\
The control sequence at the end of the top line
of your error message was never \def'ed. If you have
misspelled it (e.g., `\hobx'), type `I' and the correct
spelling (e.g., `I\hbox'). Otherwise just continue,
and I'll forget about whatever was undefined.

! Undefined control sequence.
l.951 1000 & 0.157 & & $-81.0\degrees
                                     $ & \\
The control sequence at the end of the top line
of your error message was never \def'ed. If you have
misspelled it (e.g., `\hobx'), type `I' and the correct
spelling (e.g., `I\hbox'). Otherwise just continue,
and I'll forget about whatever was undefined.

! Undefined control sequence.
l.952 2000 & 0.079 & & $-85.5\degrees
                                     $ & \\
The control sequence at the end of the top line
of your error message was never \def'ed. If you have
misspelled it (e.g., `\hobx'), type `I' and the correct
spelling (e.g., `I\hbox'). Otherwise just continue,
and I'll forget about whatever was undefined.

! Undefined control sequence.
l.953 5000 & 0.032 & & $-88.2\degrees
                                     $ & \\
The control sequence at the end of the top line
of your error message was never \def'ed. If you have
misspelled it (e.g., `\hobx'), type `I' and the correct
spelling (e.g., `I\hbox'). Otherwise just continue,
and I'll forget about whatever was undefined.



[235]
! Undefined control sequence.
\dB ->\ERROR 
             
l.1006 ...= 10 \Rightarrow 20\log_{10}(10) = 20\dB
                                                  $
The control sequence at the end of the top line
of your error message was never \def'ed. If you have
misspelled it (e.g., `\hobx'), type `I' and the correct
spelling (e.g., `I\hbox'). Otherwise just continue,
and I'll forget about whatever was undefined.

! Undefined control sequence.
\dB ->\ERROR 
             
l.1012 ...em For $\omega < 10$: Constant at $20\dB
                                                  $
The control sequence at the end of the top line
of your error message was never \def'ed. If you have
misspelled it (e.g., `\hobx'), type `I' and the correct
spelling (e.g., `I\hbox'). Otherwise just continue,
and I'll forget about whatever was undefined.

! Undefined control sequence.
\dB ->\ERROR 
             
l.1013     \item At $\omega = 10$: Begin $-20\dB
                                                $/decade rolloff
The control sequence at the end of the top line
of your error message was never \def'ed. If you have
misspelled it (e.g., `\hobx'), type `I' and the correct
spelling (e.g., `I\hbox'). Otherwise just continue,
and I'll forget about whatever was undefined.

! Undefined control sequence.
\dB ->\ERROR 
             
l.1014 ...item For $\omega > 10$: Slope of $-20\dB
                                                  $/decade
The control sequence at the end of the top line
of your error message was never \def'ed. If you have
misspelled it (e.g., `\hobx'), type `I' and the correct
spelling (e.g., `I\hbox'). Otherwise just continue,
and I'll forget about whatever was undefined.

! Undefined control sequence.
l.1019 ...\omega \ll 10$: Phase $\approx 0\degrees
                                                  $
The control sequence at the end of the top line
of your error message was never \def'ed. If you have
misspelled it (e.g., `\hobx'), type `I' and the correct
spelling (e.g., `I\hbox'). Otherwise just continue,
and I'll forget about whatever was undefined.

! Undefined control sequence.
l.1020 ...m At $\omega = 10$: Phase $= -45\degrees
                                                  $
The control sequence at the end of the top line
of your error message was never \def'ed. If you have
misspelled it (e.g., `\hobx'), type `I' and the correct
spelling (e.g., `I\hbox'). Otherwise just continue,
and I'll forget about whatever was undefined.

! Undefined control sequence.
l.1021 ...mega \gg 10$: Phase $\approx -90\degrees
                                                  $
The control sequence at the end of the top line
of your error message was never \def'ed. If you have
misspelled it (e.g., `\hobx'), type `I' and the correct
spelling (e.g., `I\hbox'). Otherwise just continue,
and I'll forget about whatever was undefined.

Package pgfplots info on input line 1035: Using 'lua backend=false' for axis: x
mode=log unsupported (yet).
Package pgfplots info on input line 1052: Using 'lua backend=false' for axis: x
mode=log unsupported (yet).

Overfull \hbox (0.30861pt too wide) in paragraph at lines 1062--1063
[][]\T1/ptm/b/n/12 Ex-am-ple 13.3 \T1/ptm/m/n/12 (Second-Order Sys-tem Bode Plot
)\T1/ptm/b/n/12 . []\T1/ptm/m/n/12 Sketch the Bode plot for $\OML/cmm/m/it/12 G\OT1/cmr/m/n/12 (\OML/cmm/m/it/12 s\OT1/cmr/m/n/12 ) = []$\T1/ptm/m/n/12 . 
 []



[236]
! Undefined control sequence.
\dB ->\ERROR 
             
l.1079 ...t{dB}} = 20\log_{10}(5.03) \approx 14\dB
                                                  
The control sequence at the end of the top line
of your error message was never \def'ed. If you have
misspelled it (e.g., `\hobx'), type `I' and the correct
spelling (e.g., `I\hbox'). Otherwise just continue,
and I'll forget about whatever was undefined.

! Undefined control sequence.
\dB ->\ERROR 
             
l.1084     \item DC gain: $0\dB
                               $
The control sequence at the end of the top line
of your error message was never \def'ed. If you have
misspelled it (e.g., `\hobx'), type `I' and the correct
spelling (e.g., `I\hbox'). Otherwise just continue,
and I'll forget about whatever was undefined.

! Undefined control sequence.
\dB ->\ERROR 
             
l.1085 ...em Resonant peak of approximately $14\dB
                                                  $ near $\omega = 20$ rad/s
The control sequence at the end of the top line
of your error message was never \def'ed. If you have
misspelled it (e.g., `\hobx'), type `I' and the correct
spelling (e.g., `I\hbox'). Otherwise just continue,
and I'll forget about whatever was undefined.

! Undefined control sequence.
\dB ->\ERROR 
             
l.1086     \item High-frequency asymptote: $-40\dB
                                                  $/decade
The control sequence at the end of the top line
of your error message was never \def'ed. If you have
misspelled it (e.g., `\hobx'), type `I' and the correct
spelling (e.g., `I\hbox'). Otherwise just continue,
and I'll forget about whatever was undefined.

! Undefined control sequence.
l.1087     \item Phase: $0\degrees
                                   \to -90\degrees \to -180\degrees$ with sh...
The control sequence at the end of the top line
of your error message was never \def'ed. If you have
misspelled it (e.g., `\hobx'), type `I' and the correct
spelling (e.g., `I\hbox'). Otherwise just continue,
and I'll forget about whatever was undefined.

! Undefined control sequence.
l.1087     \item Phase: $0\degrees \to -90\degrees
                                                   \to -180\degrees$ with sh...
The control sequence at the end of the top line
of your error message was never \def'ed. If you have
misspelled it (e.g., `\hobx'), type `I' and the correct
spelling (e.g., `I\hbox'). Otherwise just continue,
and I'll forget about whatever was undefined.

! Undefined control sequence.
l.1087 ...degrees \to -90\degrees \to -180\degrees
                                                  $ with sharp transition ne...
The control sequence at the end of the top line
of your error message was never \def'ed. If you have
misspelled it (e.g., `\hobx'), type `I' and the correct
spelling (e.g., `I\hbox'). Otherwise just continue,
and I'll forget about whatever was undefined.

Package pgfplots info on input line 1101: Using 'lua backend=false' for axis: x
mode=log unsupported (yet).
! Undefined control sequence.
\dB ->\ERROR 
             
l.1106     \end{semilogxaxis}
                             
The control sequence at the end of the top line
of your error message was never \def'ed. If you have
misspelled it (e.g., `\hobx'), type `I' and the correct
spelling (e.g., `I\hbox'). Otherwise just continue,
and I'll forget about whatever was undefined.

Package pgfplots info on input line 1119: Using 'lua backend=false' for axis: x
mode=log unsupported (yet).
Package pgfplots info on input line 1144: Using 'lua backend=false' for axis: x
mode=log unsupported (yet).


[237]
! Undefined control sequence.
\dB ->\ERROR 
             
l.1162 ...rad/s: slope changes from $0$ to $-20\dB
                                                  $/decade $\Rightarrow$ pole
The control sequence at the end of the top line
of your error message was never \def'ed. If you have
misspelled it (e.g., `\hobx'), type `I' and the correct
spelling (e.g., `I\hbox'). Otherwise just continue,
and I'll forget about whatever was undefined.

! Undefined control sequence.
\dB ->\ERROR 
             
l.1163 ...s from $-20$ to $0$ then back to $-20\dB
                                                  $/decade $\Rightarrow$ zero
The control sequence at the end of the top line
of your error message was never \def'ed. If you have
misspelled it (e.g., `\hobx'), type `I' and the correct
spelling (e.g., `I\hbox'). Otherwise just continue,
and I'll forget about whatever was undefined.

! Undefined control sequence.
\dB ->\ERROR 
             
l.1168 ...ga = 0.1$ to $\omega = 1$: slope = $0\dB
                                                  $/decade
The control sequence at the end of the top line
of your error message was never \def'ed. If you have
misspelled it (e.g., `\hobx'), type `I' and the correct
spelling (e.g., `I\hbox'). Otherwise just continue,
and I'll forget about whatever was undefined.

! Undefined control sequence.
\dB ->\ERROR 
             
l.1169 ...ega = 10$: slope = $(20-40)/(1) = -20\dB
                                                  $/decade
The control sequence at the end of the top line
of your error message was never \def'ed. If you have
misspelled it (e.g., `\hobx'), type `I' and the correct
spelling (e.g., `I\hbox'). Otherwise just continue,
and I'll forget about whatever was undefined.

! Undefined control sequence.
\dB ->\ERROR 
             
l.1170 ...a = 10$ to $\omega = 100$: slope = $0\dB
                                                  $/decade
The control sequence at the end of the top line
of your error message was never \def'ed. If you have
misspelled it (e.g., `\hobx'), type `I' and the correct
spelling (e.g., `I\hbox'). Otherwise just continue,
and I'll forget about whatever was undefined.

! Undefined control sequence.
\dB ->\ERROR 
             
l.1171 ...100$ to $\omega = 1000$: slope = $-20\dB
                                                  $/decade
The control sequence at the end of the top line
of your error message was never \def'ed. If you have
misspelled it (e.g., `\hobx'), type `I' and the correct
spelling (e.g., `I\hbox'). Otherwise just continue,
and I'll forget about whatever was undefined.

! Undefined control sequence.
\dB ->\ERROR 
             
l.1182 At $\omega = 0.1$, magnitude $= 40\dB
                                            $. Extrapolating the low-frequen...
The control sequence at the end of the top line
of your error message was never \def'ed. If you have
misspelled it (e.g., `\hobx'), type `I' and the correct
spelling (e.g., `I\hbox'). Otherwise just continue,
and I'll forget about whatever was undefined.

! Undefined control sequence.
\dB ->\ERROR 
             
l.1194 ...10}{1 \times 100} = 10 \Rightarrow 20\dB
                                                  
The control sequence at the end of the top line
of your error message was never \def'ed. If you have
misspelled it (e.g., `\hobx'), type `I' and the correct
spelling (e.g., `I\hbox'). Otherwise just continue,
and I'll forget about whatever was undefined.

! Undefined control sequence.
\dB ->\ERROR 
             
l.1197 Hmm, this doesn't match our $40\dB
                                         $ reading. Let's reconsider.
The control sequence at the end of the top line
of your error message was never \def'ed. If you have
misspelled it (e.g., `\hobx'), type `I' and the correct
spelling (e.g., `I\hbox'). Otherwise just continue,
and I'll forget about whatever was undefined.

! Undefined control sequence.
\dB ->\ERROR 
             
l.1200 ...elow the first pole), the gain is $40\dB
                                                   = 100$. The transfer func...
The control sequence at the end of the top line
of your error message was never \def'ed. If you have
misspelled it (e.g., `\hobx'), type `I' and the correct
spelling (e.g., `I\hbox'). Otherwise just continue,
and I'll forget about whatever was undefined.


Overfull \hbox (32.94753pt too wide) in paragraph at lines 1218--1219
[][]\T1/ptm/b/n/12 Ex-am-ple 13.5 \T1/ptm/m/n/12 (Find-ing Sta-bil-ity Mar-gins)
\T1/ptm/b/n/12 . []\T1/ptm/m/n/12 For the open-loop trans-fer func-tion $\OML/c
mm/m/it/12 G\OT1/cmr/m/n/12 (\OML/cmm/m/it/12 s\OT1/cmr/m/n/12 ) = []$\T1/ptm/m
/n/12 ,
 []

! Undefined control sequence.
<recently read> \phase 
                       
l.1223 At phase crossover, $\phase
                                  {G(\jw_{pc})} = -180\degrees$.
The control sequence at the end of the top line
of your error message was never \def'ed. If you have
misspelled it (e.g., `\hobx'), type `I' and the correct
spelling (e.g., `I\hbox'). Otherwise just continue,
and I'll forget about whatever was undefined.

! Undefined control sequence.
l.1223 At phase crossover, $\phase{G(\jw
                                        _{pc})} = -180\degrees$.
The control sequence at the end of the top line
of your error message was never \def'ed. If you have
misspelled it (e.g., `\hobx'), type `I' and the correct
spelling (e.g., `I\hbox'). Otherwise just continue,
and I'll forget about whatever was undefined.

! Undefined control sequence.
l.1223 ...ver, $\phase{G(\jw_{pc})} = -180\degrees
                                                  $.
The control sequence at the end of the top line
of your error message was never \def'ed. If you have
misspelled it (e.g., `\hobx'), type `I' and the correct
spelling (e.g., `I\hbox'). Otherwise just continue,
and I'll forget about whatever was undefined.

! Undefined control sequence.
l.1226 \phase
             {G(\jw)} = -90\degrees - \arctan(\omega) - \arctan(\omega/10)
The control sequence at the end of the top line
of your error message was never \def'ed. If you have
misspelled it (e.g., `\hobx'), type `I' and the correct
spelling (e.g., `I\hbox'). Otherwise just continue,
and I'll forget about whatever was undefined.

! Undefined control sequence.
l.1226 \phase{G(\jw
                   )} = -90\degrees - \arctan(\omega) - \arctan(\omega/10)
The control sequence at the end of the top line
of your error message was never \def'ed. If you have
misspelled it (e.g., `\hobx'), type `I' and the correct
spelling (e.g., `I\hbox'). Otherwise just continue,
and I'll forget about whatever was undefined.

! Undefined control sequence.
l.1226 \phase{G(\jw)} = -90\degrees
                                    - \arctan(\omega) - \arctan(\omega/10)
The control sequence at the end of the top line
of your error message was never \def'ed. If you have
misspelled it (e.g., `\hobx'), type `I' and the correct
spelling (e.g., `I\hbox'). Otherwise just continue,
and I'll forget about whatever was undefined.



[238]
! Undefined control sequence.
l.1229 Setting this equal to $-180\degrees
                                          $:
The control sequence at the end of the top line
of your error message was never \def'ed. If you have
misspelled it (e.g., `\hobx'), type `I' and the correct
spelling (e.g., `I\hbox'). Otherwise just continue,
and I'll forget about whatever was undefined.

! Undefined control sequence.
l.1231 -90\degrees
                   - \arctan(\omega_{pc}) - \arctan(\omega_{pc}/10) = -180\d...
The control sequence at the end of the top line
of your error message was never \def'ed. If you have
misspelled it (e.g., `\hobx'), type `I' and the correct
spelling (e.g., `I\hbox'). Otherwise just continue,
and I'll forget about whatever was undefined.

! Undefined control sequence.
l.1231 ...- \arctan(\omega_{pc}/10) = -180\degrees
                                                  
The control sequence at the end of the top line
of your error message was never \def'ed. If you have
misspelled it (e.g., `\hobx'), type `I' and the correct
spelling (e.g., `I\hbox'). Otherwise just continue,
and I'll forget about whatever was undefined.

! Undefined control sequence.
l.1234 ...) + \arctan(\omega_{pc}/10) = 90\degrees
                                                  
The control sequence at the end of the top line
of your error message was never \def'ed. If you have
misspelled it (e.g., `\hobx'), type `I' and the correct
spelling (e.g., `I\hbox'). Otherwise just continue,
and I'll forget about whatever was undefined.

! Undefined control sequence.
l.1237 ...ty $\arctan(a) + \arctan(b) = 90\degrees
                                                  $ when $ab = 1$:
The control sequence at the end of the top line
of your error message was never \def'ed. If you have
misspelled it (e.g., `\hobx'), type `I' and the correct
spelling (e.g., `I\hbox'). Otherwise just continue,
and I'll forget about whatever was undefined.

! Undefined control sequence.
l.1244 \magn
            {G(j\sqrt{10})} = \frac{100}{\sqrt{10} \cdot \sqrt{1+10} \cdot \...
The control sequence at the end of the top line
of your error message was never \def'ed. If you have
misspelled it (e.g., `\hobx'), type `I' and the correct
spelling (e.g., `I\hbox'). Otherwise just continue,
and I'll forget about whatever was undefined.

! Undefined control sequence.
\dB ->\ERROR 
             
l.1251 ...text{dB}} = 20\log_{10}(0.11) = -19.2\dB
                                                  
The control sequence at the end of the top line
of your error message was never \def'ed. If you have
misspelled it (e.g., `\hobx'), type `I' and the correct
spelling (e.g., `I\hbox'). Otherwise just continue,
and I'll forget about whatever was undefined.

! Undefined control sequence.
<recently read> \magn 
                      
l.1257 We need $\magn
                     {G(\jw_{gc})} = 1$:
The control sequence at the end of the top line
of your error message was never \def'ed. If you have
misspelled it (e.g., `\hobx'), type `I' and the correct
spelling (e.g., `I\hbox'). Otherwise just continue,
and I'll forget about whatever was undefined.

! Undefined control sequence.
l.1257 We need $\magn{G(\jw
                           _{gc})} = 1$:
The control sequence at the end of the top line
of your error message was never \def'ed. If you have
misspelled it (e.g., `\hobx'), type `I' and the correct
spelling (e.g., `I\hbox'). Otherwise just continue,
and I'll forget about whatever was undefined.

! Undefined control sequence.
l.1281 \phase
             {G(j8.5)} = -90\degrees - \arctan(8.5) - \arctan(0.85)
The control sequence at the end of the top line
of your error message was never \def'ed. If you have
misspelled it (e.g., `\hobx'), type `I' and the correct
spelling (e.g., `I\hbox'). Otherwise just continue,
and I'll forget about whatever was undefined.

! Undefined control sequence.
l.1281 \phase{G(j8.5)} = -90\degrees
                                     - \arctan(8.5) - \arctan(0.85)
The control sequence at the end of the top line
of your error message was never \def'ed. If you have
misspelled it (e.g., `\hobx'), type `I' and the correct
spelling (e.g., `I\hbox'). Otherwise just continue,
and I'll forget about whatever was undefined.

! Undefined control sequence.
l.1284 = -90\degrees
                     - 83.3\degrees - 40.4\degrees = -213.7\degrees
The control sequence at the end of the top line
of your error message was never \def'ed. If you have
misspelled it (e.g., `\hobx'), type `I' and the correct
spelling (e.g., `I\hbox'). Otherwise just continue,
and I'll forget about whatever was undefined.

! Undefined control sequence.
l.1284 = -90\degrees - 83.3\degrees
                                    - 40.4\degrees = -213.7\degrees
The control sequence at the end of the top line
of your error message was never \def'ed. If you have
misspelled it (e.g., `\hobx'), type `I' and the correct
spelling (e.g., `I\hbox'). Otherwise just continue,
and I'll forget about whatever was undefined.

! Undefined control sequence.
l.1284 = -90\degrees - 83.3\degrees - 40.4\degrees
                                                   = -213.7\degrees
The control sequence at the end of the top line
of your error message was never \def'ed. If you have
misspelled it (e.g., `\hobx'), type `I' and the correct
spelling (e.g., `I\hbox'). Otherwise just continue,
and I'll forget about whatever was undefined.

! Undefined control sequence.
l.1284 ...\degrees - 40.4\degrees = -213.7\degrees
                                                  
The control sequence at the end of the top line
of your error message was never \def'ed. If you have
misspelled it (e.g., `\hobx'), type `I' and the correct
spelling (e.g., `I\hbox'). Otherwise just continue,
and I'll forget about whatever was undefined.

! Undefined control sequence.
l.1288 \text{PM} = 180\degrees
                               + (-213.7\degrees) = -33.7\degrees
The control sequence at the end of the top line
of your error message was never \def'ed. If you have
misspelled it (e.g., `\hobx'), type `I' and the correct
spelling (e.g., `I\hbox'). Otherwise just continue,
and I'll forget about whatever was undefined.

! Undefined control sequence.
l.1288 \text{PM} = 180\degrees + (-213.7\degrees
                                                ) = -33.7\degrees
The control sequence at the end of the top line
of your error message was never \def'ed. If you have
misspelled it (e.g., `\hobx'), type `I' and the correct
spelling (e.g., `I\hbox'). Otherwise just continue,
and I'll forget about whatever was undefined.

! Undefined control sequence.
l.1288 ...grees + (-213.7\degrees) = -33.7\degrees
                                                  
The control sequence at the end of the top line
of your error message was never \def'ed. If you have
misspelled it (e.g., `\hobx'), type `I' and the correct
spelling (e.g., `I\hbox'). Otherwise just continue,
and I'll forget about whatever was undefined.



[239]

[240]
! Undefined control sequence.
\dB ->\ERROR 
             
l.1371 Gain $K = 100$ & -- & $+40\dB
                                    $ \\
The control sequence at the end of the top line
of your error message was never \def'ed. If you have
misspelled it (e.g., `\hobx'), type `I' and the correct
spelling (e.g., `I\hbox'). Otherwise just continue,
and I'll forget about whatever was undefined.

! Undefined control sequence.
\dB ->\ERROR 
             
l.1372 Pole at origin & -- & $-20\dB
                                    $/dec, $-90\degrees$ \\
The control sequence at the end of the top line
of your error message was never \def'ed. If you have
misspelled it (e.g., `\hobx'), type `I' and the correct
spelling (e.g., `I\hbox'). Otherwise just continue,
and I'll forget about whatever was undefined.

! Undefined control sequence.
l.1372 ...origin & -- & $-20\dB$/dec, $-90\degrees
                                                  $ \\
The control sequence at the end of the top line
of your error message was never \def'ed. If you have
misspelled it (e.g., `\hobx'), type `I' and the correct
spelling (e.g., `I\hbox'). Otherwise just continue,
and I'll forget about whatever was undefined.

! Undefined control sequence.
\dB ->\ERROR 
             
l.1373 Pole at $s = -1$ & $\omega = 1$ & $-20\dB
                                                $/dec, $-90\degrees$ \\
The control sequence at the end of the top line
of your error message was never \def'ed. If you have
misspelled it (e.g., `\hobx'), type `I' and the correct
spelling (e.g., `I\hbox'). Otherwise just continue,
and I'll forget about whatever was undefined.

! Undefined control sequence.
l.1373 ...\omega = 1$ & $-20\dB$/dec, $-90\degrees
                                                  $ \\
The control sequence at the end of the top line
of your error message was never \def'ed. If you have
misspelled it (e.g., `\hobx'), type `I' and the correct
spelling (e.g., `I\hbox'). Otherwise just continue,
and I'll forget about whatever was undefined.

! Undefined control sequence.
\dB ->\ERROR 
             
l.1374 Zero at $s = -10$ & $\omega = 10$ & $+20\dB
                                                  $/dec, $+90\degrees$ \\
The control sequence at the end of the top line
of your error message was never \def'ed. If you have
misspelled it (e.g., `\hobx'), type `I' and the correct
spelling (e.g., `I\hbox'). Otherwise just continue,
and I'll forget about whatever was undefined.

! Undefined control sequence.
l.1374 ...omega = 10$ & $+20\dB$/dec, $+90\degrees
                                                  $ \\
The control sequence at the end of the top line
of your error message was never \def'ed. If you have
misspelled it (e.g., `\hobx'), type `I' and the correct
spelling (e.g., `I\hbox'). Otherwise just continue,
and I'll forget about whatever was undefined.

! Undefined control sequence.
\dB ->\ERROR 
             
l.1375 ...at $s = -100$ & $\omega = 100$ & $-20\dB
                                                  $/dec, $-90\degrees$ \\
The control sequence at the end of the top line
of your error message was never \def'ed. If you have
misspelled it (e.g., `\hobx'), type `I' and the correct
spelling (e.g., `I\hbox'). Otherwise just continue,
and I'll forget about whatever was undefined.

! Undefined control sequence.
l.1375 ...mega = 100$ & $-20\dB$/dec, $-90\degrees
                                                  $ \\
The control sequence at the end of the top line
of your error message was never \def'ed. If you have
misspelled it (e.g., `\hobx'), type `I' and the correct
spelling (e.g., `I\hbox'). Otherwise just continue,
and I'll forget about whatever was undefined.

! Undefined control sequence.
l.1384 \magn
            {G(j \cdot 1)}_{\text{dB}} \approx 40\dB - 20\log_{10}(1) = 40\dB
The control sequence at the end of the top line
of your error message was never \def'ed. If you have
misspelled it (e.g., `\hobx'), type `I' and the correct
spelling (e.g., `I\hbox'). Otherwise just continue,
and I'll forget about whatever was undefined.

! Undefined control sequence.
\dB ->\ERROR 
             
l.1384 ...{G(j \cdot 1)}_{\text{dB}} \approx 40\dB
                                                   - 20\log_{10}(1) = 40\dB
The control sequence at the end of the top line
of your error message was never \def'ed. If you have
misspelled it (e.g., `\hobx'), type `I' and the correct
spelling (e.g., `I\hbox'). Otherwise just continue,
and I'll forget about whatever was undefined.

! Undefined control sequence.
\dB ->\ERROR 
             
l.1384 ...} \approx 40\dB - 20\log_{10}(1) = 40\dB
                                                  
The control sequence at the end of the top line
of your error message was never \def'ed. If you have
misspelled it (e.g., `\hobx'), type `I' and the correct
spelling (e.g., `I\hbox'). Otherwise just continue,
and I'll forget about whatever was undefined.

! Undefined control sequence.
\dB ->\ERROR 
             
l.1388     \item $\omega < 1$: Slope $= -20\dB
                                              $/dec
The control sequence at the end of the top line
of your error message was never \def'ed. If you have
misspelled it (e.g., `\hobx'), type `I' and the correct
spelling (e.g., `I\hbox'). Otherwise just continue,
and I'll forget about whatever was undefined.

! Undefined control sequence.
\dB ->\ERROR 
             
l.1389 ...\item $1 < \omega < 10$: Slope $= -40\dB
                                                  $/dec
The control sequence at the end of the top line
of your error message was never \def'ed. If you have
misspelled it (e.g., `\hobx'), type `I' and the correct
spelling (e.g., `I\hbox'). Otherwise just continue,
and I'll forget about whatever was undefined.

! Undefined control sequence.
\dB ->\ERROR 
             
l.1390 ...tem $10 < \omega < 100$: Slope $= -20\dB
                                                  $/dec
The control sequence at the end of the top line
of your error message was never \def'ed. If you have
misspelled it (e.g., `\hobx'), type `I' and the correct
spelling (e.g., `I\hbox'). Otherwise just continue,
and I'll forget about whatever was undefined.

! Undefined control sequence.
\dB ->\ERROR 
             
l.1391     \item $\omega > 100$: Slope $= -40\dB
                                                $/dec
The control sequence at the end of the top line
of your error message was never \def'ed. If you have
misspelled it (e.g., `\hobx'), type `I' and the correct
spelling (e.g., `I\hbox'). Otherwise just continue,
and I'll forget about whatever was undefined.

! Undefined control sequence.
l.1396 \phase
             {G(\jw)} = -90\degrees - \arctan(\omega) + \arctan(\omega/10) -...
The control sequence at the end of the top line
of your error message was never \def'ed. If you have
misspelled it (e.g., `\hobx'), type `I' and the correct
spelling (e.g., `I\hbox'). Otherwise just continue,
and I'll forget about whatever was undefined.

! Undefined control sequence.
l.1396 \phase{G(\jw
                   )} = -90\degrees - \arctan(\omega) + \arctan(\omega/10) -...
The control sequence at the end of the top line
of your error message was never \def'ed. If you have
misspelled it (e.g., `\hobx'), type `I' and the correct
spelling (e.g., `I\hbox'). Otherwise just continue,
and I'll forget about whatever was undefined.

! Undefined control sequence.
l.1396 \phase{G(\jw)} = -90\degrees
                                    - \arctan(\omega) + \arctan(\omega/10) -...
The control sequence at the end of the top line
of your error message was never \def'ed. If you have
misspelled it (e.g., `\hobx'), type `I' and the correct
spelling (e.g., `I\hbox'). Otherwise just continue,
and I'll forget about whatever was undefined.

! Undefined control sequence.
<recently read> \phase 
                       
l.1401     \item $\omega \to 0$: $\phase
                                        {G} \to -90\degrees$
The control sequence at the end of the top line
of your error message was never \def'ed. If you have
misspelled it (e.g., `\hobx'), type `I' and the correct
spelling (e.g., `I\hbox'). Otherwise just continue,
and I'll forget about whatever was undefined.

! Undefined control sequence.
l.1401 ...omega \to 0$: $\phase{G} \to -90\degrees
                                                  $
The control sequence at the end of the top line
of your error message was never \def'ed. If you have
misspelled it (e.g., `\hobx'), type `I' and the correct
spelling (e.g., `I\hbox'). Otherwise just continue,
and I'll forget about whatever was undefined.

! Undefined control sequence.
<recently read> \phase 
                       
l.1402     \item $\omega = 1$: $\phase
                                      {G} = -90 - 45 + 5.7 - 0.6 = -130\degr...
The control sequence at the end of the top line
of your error message was never \def'ed. If you have
misspelled it (e.g., `\hobx'), type `I' and the correct
spelling (e.g., `I\hbox'). Otherwise just continue,
and I'll forget about whatever was undefined.

! Undefined control sequence.
l.1402 ...G} = -90 - 45 + 5.7 - 0.6 = -130\degrees
                                                  $
The control sequence at the end of the top line
of your error message was never \def'ed. If you have
misspelled it (e.g., `\hobx'), type `I' and the correct
spelling (e.g., `I\hbox'). Otherwise just continue,
and I'll forget about whatever was undefined.

! Undefined control sequence.
<recently read> \phase 
                       
l.1403     \item $\omega = 10$: $\phase
                                       {G} = -90 - 84.3 + 45 - 5.7 = -135\de...
The control sequence at the end of the top line
of your error message was never \def'ed. If you have
misspelled it (e.g., `\hobx'), type `I' and the correct
spelling (e.g., `I\hbox'). Otherwise just continue,
and I'll forget about whatever was undefined.

! Undefined control sequence.
l.1403 ...} = -90 - 84.3 + 45 - 5.7 = -135\degrees
                                                  $
The control sequence at the end of the top line
of your error message was never \def'ed. If you have
misspelled it (e.g., `\hobx'), type `I' and the correct
spelling (e.g., `I\hbox'). Otherwise just continue,
and I'll forget about whatever was undefined.

! Undefined control sequence.
<recently read> \phase 
                       
l.1404     \item $\omega = 100$: $\phase
                                        {G} = -90 - 89.4 + 84.3 - 45 = -140\...
The control sequence at the end of the top line
of your error message was never \def'ed. If you have
misspelled it (e.g., `\hobx'), type `I' and the correct
spelling (e.g., `I\hbox'). Otherwise just continue,
and I'll forget about whatever was undefined.

! Undefined control sequence.
l.1404 ... = -90 - 89.4 + 84.3 - 45 = -140\degrees
                                                  $
The control sequence at the end of the top line
of your error message was never \def'ed. If you have
misspelled it (e.g., `\hobx'), type `I' and the correct
spelling (e.g., `I\hbox'). Otherwise just continue,
and I'll forget about whatever was undefined.

! Undefined control sequence.
<recently read> \phase 
                       
l.1405     \item $\omega \to \infty$: $\phase
                                             {G} \to -90 - 90 + 90 - 90 = -1...
The control sequence at the end of the top line
of your error message was never \def'ed. If you have
misspelled it (e.g., `\hobx'), type `I' and the correct
spelling (e.g., `I\hbox'). Otherwise just continue,
and I'll forget about whatever was undefined.

! Undefined control sequence.
l.1405 ...G} \to -90 - 90 + 90 - 90 = -180\degrees
                                                  $
The control sequence at the end of the top line
of your error message was never \def'ed. If you have
misspelled it (e.g., `\hobx'), type `I' and the correct
spelling (e.g., `I\hbox'). Otherwise just continue,
and I'll forget about whatever was undefined.

Package pgfplots info on input line 1419: Using 'lua backend=false' for axis: x
mode=log unsupported (yet).
Package pgfplots info on input line 1441: Using 'lua backend=false' for axis: x
mode=log unsupported (yet).


[241]
! Undefined control sequence.
l.1458 ...aluated along the imaginary axis, $G(\jw
                                                  )$, completely characteriz...
The control sequence at the end of the top line
of your error message was never \def'ed. If you have
misspelled it (e.g., `\hobx'), type `I' and the correct
spelling (e.g., `I\hbox'). Otherwise just continue,
and I'll forget about whatever was undefined.

! Undefined control sequence.
\dB ->\ERROR 
             
l.1462 ... First-order terms contribute $\pm 20\dB
                                                  $/decade and $\pm 90\degre...
The control sequence at the end of the top line
of your error message was never \def'ed. If you have
misspelled it (e.g., `\hobx'), type `I' and the correct
spelling (e.g., `I\hbox'). Otherwise just continue,
and I'll forget about whatever was undefined.

! Undefined control sequence.
l.1462 ...e $\pm 20\dB$/decade and $\pm 90\degrees
                                                  $ per pole/zero; second-or...
The control sequence at the end of the top line
of your error message was never \def'ed. If you have
misspelled it (e.g., `\hobx'), type `I' and the correct
spelling (e.g., `I\hbox'). Otherwise just continue,
and I'll forget about whatever was undefined.

! Undefined control sequence.
\dB ->\ERROR 
             
l.1462 ...second-order terms contribute $\pm 40\dB
                                                  $/decade and $\pm 180\degr...
The control sequence at the end of the top line
of your error message was never \def'ed. If you have
misspelled it (e.g., `\hobx'), type `I' and the correct
spelling (e.g., `I\hbox'). Otherwise just continue,
and I'll forget about whatever was undefined.

! Undefined control sequence.
l.1462 ... $\pm 40\dB$/decade and $\pm 180\degrees
                                                  $.
The control sequence at the end of the top line
of your error message was never \def'ed. If you have
misspelled it (e.g., `\hobx'), type `I' and the correct
spelling (e.g., `I\hbox'). Otherwise just continue,
and I'll forget about whatever was undefined.


Overfull \hbox (13.17938pt too wide) in paragraph at lines 1462--1463
[]\T1/ptm/b/n/12 Asymp-totic Ap-prox-i-ma-tions: \T1/ptm/m/n/12 First-order term
s con-tribute $\OMS/cmsy/m/n/12 \OT1/cmr/m/n/12 20$\T1/ptm/m/n/12 /decade and 
$\OMS/cmsy/m/n/12 \OT1/cmr/m/n/12 90$ \T1/ptm/m/n/12 per pole/zero;
 []


! LaTeX Error: Environment keypoint undefined.

See the LaTeX manual or LaTeX Companion for explanation.
Type  H <return>  for immediate help.
 ...                                              
                                                  
l.1469 \begin{keypoint}
                       
Your command was ignored.
Type  I <command> <return>  to replace it with another command,
or  <return>  to continue without it.


! LaTeX Error: \begin{document} ended by \end{keypoint}.

See the LaTeX manual or LaTeX Companion for explanation.
Type  H <return>  for immediate help.
 ...                                              
                                                  
l.1471 \end{keypoint}
                     
Your command was ignored.
Type  I <command> <return>  to replace it with another command,
or  <return>  to continue without it.



[242]
! Undefined control sequence.
l.1491     0.1 & 20 & $-6\degrees
                                 $ \\
The control sequence at the end of the top line
of your error message was never \def'ed. If you have
misspelled it (e.g., `\hobx'), type `I' and the correct
spelling (e.g., `I\hbox'). Otherwise just continue,
and I'll forget about whatever was undefined.

! Undefined control sequence.
l.1492     1 & 17 & $-45\degrees
                                $ \\
The control sequence at the end of the top line
of your error message was never \def'ed. If you have
misspelled it (e.g., `\hobx'), type `I' and the correct
spelling (e.g., `I\hbox'). Otherwise just continue,
and I'll forget about whatever was undefined.

! Undefined control sequence.
l.1493     10 & $-3$ & $-84\degrees
                                   $ \\
The control sequence at the end of the top line
of your error message was never \def'ed. If you have
misspelled it (e.g., `\hobx'), type `I' and the correct
spelling (e.g., `I\hbox'). Otherwise just continue,
and I'll forget about whatever was undefined.

! Undefined control sequence.
l.1494     100 & $-23$ & $-90\degrees
                                     $ \\
The control sequence at the end of the top line
of your error message was never \def'ed. If you have
misspelled it (e.g., `\hobx'), type `I' and the correct
spelling (e.g., `I\hbox'). Otherwise just continue,
and I'll forget about whatever was undefined.

! Undefined control sequence.
l.1501 ...}$ (with $b > a$) to provide $45\degrees
                                                  $ of phase lead at $\omega...
The control sequence at the end of the top line
of your error message was never \def'ed. If you have
misspelled it (e.g., `\hobx'), type `I' and the correct
spelling (e.g., `I\hbox'). Otherwise just continue,
and I'll forget about whatever was undefined.

! Undefined control sequence.
l.1507 ...xplain why a phase margin of $45\degrees
                                                  $ to $60\degrees$ is typic...
The control sequence at the end of the top line
of your error message was never \def'ed. If you have
misspelled it (e.g., `\hobx'), type `I' and the correct
spelling (e.g., `I\hbox'). Otherwise just continue,
and I'll forget about whatever was undefined.

! Undefined control sequence.
l.1507 ...se margin of $45\degrees$ to $60\degrees
                                                  $ is typically specified i...
The control sequence at the end of the top line
of your error message was never \def'ed. If you have
misspelled it (e.g., `\hobx'), type `I' and the correct
spelling (e.g., `I\hbox'). Otherwise just continue,
and I'll forget about whatever was undefined.



[243]) (./Part_III_Classical_Control/ch14_lead_lag.tex

[244]
Chapter 14.


[245

]

[246]
Package pgfplots info on input line 93: Using 'lua backend=false' for axis: xmo
de=log unsupported (yet).


[247]

[248]
Package pgfplots info on input line 223: Using 'lua backend=false' for axis: xm
ode=log unsupported (yet).
Package pgfplots info on input line 253: Using 'lua backend=false' for axis: xm
ode=log unsupported (yet).

Missing character: There is no ° (U+00B0) in font cmr10!
Missing character: There is no ° (U+00B0) in font cmr12!
Missing character: There is no ° (U+00B0) in font cmr12!


[249]
Missing character: There is no ° (U+00B0) in font cmr12!


[250]
Missing character: There is no ° (U+00B0) in font cmr12!
Missing character: There is no ° (U+00B0) in font cmr12!


[251]
Package pgfplots info on input line 400: Using 'lua backend=false' for axis: xm
ode=log unsupported (yet).
Package pgfplots info on input line 429: Using 'lua backend=false' for axis: xm
ode=log unsupported (yet).

Missing character: There is no ° (U+00B0) in font cmr10!
Missing character: There is no ° (U+00B0) in font cmr12!
Missing character: There is no ° (U+00B0) in font cmr12!


[252]
Package pgfplots info on input line 502: Using 'lua backend=false' for axis: xm
ode=log unsupported (yet).
Package pgfplots info on input line 532: Using 'lua backend=false' for axis: xm
ode=log unsupported (yet).


[253]

[254]


Package fancyhdr Warning: \headheight is too small (14.5pt): 
(fancyhdr)                Make it at least 26.98592pt, for example:
(fancyhdr)                \setlength{\headheight}{26.98592pt}.
(fancyhdr)                You might also make \topmargin smaller:
(fancyhdr)                \addtolength{\topmargin}{-12.48592pt}.

[255]

[256]


Package fancyhdr Warning: \headheight is too small (14.5pt): 
(fancyhdr)                Make it at least 26.98592pt, for example:
(fancyhdr)                \setlength{\headheight}{26.98592pt}.
(fancyhdr)                You might also make \topmargin smaller:
(fancyhdr)                \addtolength{\topmargin}{-12.48592pt}.

[257]
Overfull \hbox (0.67998pt too wide) in paragraph at lines 747--748
[]\T1/ptm/m/n/12 In-crease $\OML/cmm/m/it/12 K[]$ \T1/ptm/m/n/12 un-til the sys-
tem shows sig-nif-i-cant over-shoot (in-di-cat-ing low phase mar-gin). Record
 []

Missing character: There is no ° (U+00B0) in font cmr12!
Missing character: There is no ° (U+00B0) in font cmr12!
Missing character: There is no ° (U+00B0) in font cmr12!


[258]


Package fancyhdr Warning: \headheight is too small (14.5pt): 
(fancyhdr)                Make it at least 26.98592pt, for example:
(fancyhdr)                \setlength{\headheight}{26.98592pt}.
(fancyhdr)                You might also make \topmargin smaller:
(fancyhdr)                \addtolength{\topmargin}{-12.48592pt}.

[259]

[260]
Missing character: There is no ° (U+00B0) in font cmr12!
Missing character: There is no ° (U+00B0) in font cmr12!
Missing character: There is no ° (U+00B0) in font cmr12!
Missing character: There is no ° (U+00B0) in font cmr12!
Missing character: There is no ° (U+00B0) in font cmr12!
Missing character: There is no ° (U+00B0) in font cmr12!
Missing character: There is no ° (U+00B0) in font cmr12!
Missing character: There is no ° (U+00B0) in font cmr12!
Missing character: There is no ° (U+00B0) in font cmr12!
Missing character: There is no ° (U+00B0) in font cmr12!
Missing character: There is no ° (U+00B0) in font cmr12!
Missing character: There is no ° (U+00B0) in font cmr12!
Missing character: There is no ° (U+00B0) in font cmr12!
Missing character: There is no ° (U+00B0) in font cmr12!
Missing character: There is no ° (U+00B0) in font cmr12!
Missing character: There is no ° (U+00B0) in font cmr12!
Missing character: There is no ° (U+00B0) in font cmr12!
Missing character: There is no ° (U+00B0) in font cmr12!
Missing character: There is no ° (U+00B0) in font cmr12!
Missing character: There is no ° (U+00B0) in font cmr12!
Missing character: There is no ° (U+00B0) in font cmr12!
Missing character: There is no ° (U+00B0) in font cmr12!


[261]
Missing character: There is no ° (U+00B0) in font cmr12!
Missing character: There is no ° (U+00B0) in font cmr12!
Missing character: There is no ° (U+00B0) in font cmr12!
Missing character: There is no ° (U+00B0) in font cmr12!
Missing character: There is no ° (U+00B0) in font cmr12!
Missing character: There is no ° (U+00B0) in font cmr12!
Missing character: There is no ° (U+00B0) in font cmr12!
Missing character: There is no ° (U+00B0) in font cmr12!
Missing character: There is no ° (U+00B0) in font cmr12!
Missing character: There is no ° (U+00B0) in font cmr12!
Missing character: There is no ° (U+00B0) in font cmr12!
Missing character: There is no ° (U+00B0) in font cmr12!
Missing character: There is no ° (U+00B0) in font cmr12!
Missing character: There is no ° (U+00B0) in font cmr12!
Missing character: There is no ° (U+00B0) in font cmr12!
Missing character: There is no ° (U+00B0) in font cmr12!
Missing character: There is no ° (U+00B0) in font cmr12!
Missing character: There is no ° (U+00B0) in font cmr12!
Missing character: There is no ° (U+00B0) in font cmr12!
Missing character: There is no ° (U+00B0) in font cmr12!
Missing character: There is no ° (U+00B0) in font cmr12!
Missing character: There is no ° (U+00B0) in font cmr12!
Missing character: There is no ° (U+00B0) in font cmr12!
Missing character: There is no ° (U+00B0) in font cmr12!
Missing character: There is no ° (U+00B0) in font cmr12!
Missing character: There is no ° (U+00B0) in font cmr12!
Missing character: There is no ° (U+00B0) in font cmr12!
Missing character: There is no ° (U+00B0) in font cmr12!


[262]
Missing character: There is no ° (U+00B0) in font cmr12!
Missing character: There is no ° (U+00B0) in font cmr12!
Missing character: There is no ° (U+00B0) in font cmr12!
Missing character: There is no ° (U+00B0) in font cmr12!
Missing character: There is no ° (U+00B0) in font cmr12!
Missing character: There is no ° (U+00B0) in font cmr12!
Missing character: There is no ° (U+00B0) in font cmr12!
Missing character: There is no ° (U+00B0) in font cmr12!
Missing character: There is no ° (U+00B0) in font cmr12!


[263]
Missing character: There is no ° (U+00B0) in font cmr12!
Missing character: There is no ° (U+00B0) in font cmr12!
Missing character: There is no ° (U+00B0) in font cmr12!
Missing character: There is no ° (U+00B0) in font cmr12!
Missing character: There is no ° (U+00B0) in font cmr12!
Missing character: There is no ° (U+00B0) in font cmr12!
Missing character: There is no ° (U+00B0) in font cmr12!
Missing character: There is no ° (U+00B0) in font cmr12!
Missing character: There is no ° (U+00B0) in font cmr12!


[264]

[265]
Missing character: There is no ° (U+00B0) in font cmr12!
Missing character: There is no ° (U+00B0) in font cmr12!
Missing character: There is no ° (U+00B0) in font cmr12!
Missing character: There is no ° (U+00B0) in font cmr12!
Missing character: There is no ° (U+00B0) in font cmr12!
Missing character: There is no ° (U+00B0) in font cmr12!
Missing character: There is no ° (U+00B0) in font cmr12!
Missing character: There is no ° (U+00B0) in font cmr12!
Missing character: There is no ° (U+00B0) in font cmr12!
Missing character: There is no ° (U+00B0) in font cmr12!
Missing character: There is no ° (U+00B0) in font cmr12!
Missing character: There is no ° (U+00B0) in font cmr12!
Missing character: There is no ° (U+00B0) in font cmr12!
Missing character: There is no ° (U+00B0) in font cmr12!
Missing character: There is no ° (U+00B0) in font cmr12!
Missing character: There is no ° (U+00B0) in font cmr12!
Missing character: There is no ° (U+00B0) in font cmr12!


[266]

[267]
Missing character: There is no ° (U+00B0) in font cmr12!


[268]

! LaTeX Error: \begin{document} ended by \end{chapter}.

See the LaTeX manual or LaTeX Companion for explanation.
Type  H <return>  for immediate help.
 ...                                              
                                                  
l.1329 \end{chapter}
                    
Your command was ignored.
Type  I <command> <return>  to replace it with another command,
or  <return>  to continue without it.

! Extra \endgroup.
\end  ...end#1\endcsname \@checkend {#1}\endgroup 
                                                  \UseHook {env/#1/after}\if...
l.1329 \end{chapter}
                    
Things are pretty mixed up, but I think the worst is over.

)

[269]

[270

]

[271]

[272] (./Part_IV_State_Space/ch15_controllability.tex
Chapter 15.


[273

]
! Undefined control sequence.
<recently read> \bx 
                    
l.31 \end{align}
                
The control sequence at the end of the top line
of your error message was never \def'ed. If you have
misspelled it (e.g., `\hobx'), type `I' and the correct
spelling (e.g., `I\hbox'). Otherwise just continue,
and I'll forget about whatever was undefined.

! Undefined control sequence.
<argument> \bx 
               
l.31 \end{align}
                
The control sequence at the end of the top line
of your error message was never \def'ed. If you have
misspelled it (e.g., `\hobx'), type `I' and the correct
spelling (e.g., `I\hbox'). Otherwise just continue,
and I'll forget about whatever was undefined.

! Undefined control sequence.
<argument>  \dot {\bx }(t) &= \bA 
                                  \bx (t) + \bB \bu (t) \label {eq:state_eq}...
l.31 \end{align}
                
The control sequence at the end of the top line
of your error message was never \def'ed. If you have
misspelled it (e.g., `\hobx'), type `I' and the correct
spelling (e.g., `I\hbox'). Otherwise just continue,
and I'll forget about whatever was undefined.

! Undefined control sequence.
<argument>  \dot {\bx }(t) &= \bA \bx 
                                      (t) + \bB \bu (t) \label {eq:state_eq}...
l.31 \end{align}
                
The control sequence at the end of the top line
of your error message was never \def'ed. If you have
misspelled it (e.g., `\hobx'), type `I' and the correct
spelling (e.g., `I\hbox'). Otherwise just continue,
and I'll forget about whatever was undefined.

! Undefined control sequence.
<argument>  \dot {\bx }(t) &= \bA \bx (t) + \bB 
                                                \bu (t) \label {eq:state_eq}...
l.31 \end{align}
                
The control sequence at the end of the top line
of your error message was never \def'ed. If you have
misspelled it (e.g., `\hobx'), type `I' and the correct
spelling (e.g., `I\hbox'). Otherwise just continue,
and I'll forget about whatever was undefined.

! Undefined control sequence.
<argument> ... {\bx }(t) &= \bA \bx (t) + \bB \bu 
                                                  (t) \label {eq:state_eq}\\...
l.31 \end{align}
                
The control sequence at the end of the top line
of your error message was never \def'ed. If you have
misspelled it (e.g., `\hobx'), type `I' and the correct
spelling (e.g., `I\hbox'). Otherwise just continue,
and I'll forget about whatever was undefined.

! Undefined control sequence.
<argument> ... \bu (t) \label {eq:state_eq}\\ \by 
                                                  (t) &= \bC \bx (t) + \bD \...
l.31 \end{align}
                
The control sequence at the end of the top line
of your error message was never \def'ed. If you have
misspelled it (e.g., `\hobx'), type `I' and the correct
spelling (e.g., `I\hbox'). Otherwise just continue,
and I'll forget about whatever was undefined.

! Undefined control sequence.
<argument> ...abel {eq:state_eq}\\ \by (t) &= \bC 
                                                  \bx (t) + \bD \bu (t) \lab...
l.31 \end{align}
                
The control sequence at the end of the top line
of your error message was never \def'ed. If you have
misspelled it (e.g., `\hobx'), type `I' and the correct
spelling (e.g., `I\hbox'). Otherwise just continue,
and I'll forget about whatever was undefined.

! Undefined control sequence.
<argument> ... {eq:state_eq}\\ \by (t) &= \bC \bx 
                                                  (t) + \bD \bu (t) \label {...
l.31 \end{align}
                
The control sequence at the end of the top line
of your error message was never \def'ed. If you have
misspelled it (e.g., `\hobx'), type `I' and the correct
spelling (e.g., `I\hbox'). Otherwise just continue,
and I'll forget about whatever was undefined.

! Undefined control sequence.
<argument> ..._eq}\\ \by (t) &= \bC \bx (t) + \bD 
                                                  \bu (t) \label {eq:output_...
l.31 \end{align}
                
The control sequence at the end of the top line
of your error message was never \def'ed. If you have
misspelled it (e.g., `\hobx'), type `I' and the correct
spelling (e.g., `I\hbox'). Otherwise just continue,
and I'll forget about whatever was undefined.

! Undefined control sequence.
<argument> ...\\ \by (t) &= \bC \bx (t) + \bD \bu 
                                                  (t) \label {eq:output_eq} 
l.31 \end{align}
                
The control sequence at the end of the top line
of your error message was never \def'ed. If you have
misspelled it (e.g., `\hobx'), type `I' and the correct
spelling (e.g., `I\hbox'). Otherwise just continue,
and I'll forget about whatever was undefined.

! Undefined control sequence.
<recently read> \bx 
                    
l.31 \end{align}
                
The control sequence at the end of the top line
of your error message was never \def'ed. If you have
misspelled it (e.g., `\hobx'), type `I' and the correct
spelling (e.g., `I\hbox'). Otherwise just continue,
and I'll forget about whatever was undefined.

! Undefined control sequence.
<argument> \bx 
               
l.31 \end{align}
                
The control sequence at the end of the top line
of your error message was never \def'ed. If you have
misspelled it (e.g., `\hobx'), type `I' and the correct
spelling (e.g., `I\hbox'). Otherwise just continue,
and I'll forget about whatever was undefined.

! Undefined control sequence.
<argument>  \dot {\bx }(t) &= \bA 
                                  \bx (t) + \bB \bu (t) \label {eq:state_eq}...
l.31 \end{align}
                
The control sequence at the end of the top line
of your error message was never \def'ed. If you have
misspelled it (e.g., `\hobx'), type `I' and the correct
spelling (e.g., `I\hbox'). Otherwise just continue,
and I'll forget about whatever was undefined.

! Undefined control sequence.
<argument>  \dot {\bx }(t) &= \bA \bx 
                                      (t) + \bB \bu (t) \label {eq:state_eq}...
l.31 \end{align}
                
The control sequence at the end of the top line
of your error message was never \def'ed. If you have
misspelled it (e.g., `\hobx'), type `I' and the correct
spelling (e.g., `I\hbox'). Otherwise just continue,
and I'll forget about whatever was undefined.

! Undefined control sequence.
<argument>  \dot {\bx }(t) &= \bA \bx (t) + \bB 
                                                \bu (t) \label {eq:state_eq}...
l.31 \end{align}
                
The control sequence at the end of the top line
of your error message was never \def'ed. If you have
misspelled it (e.g., `\hobx'), type `I' and the correct
spelling (e.g., `I\hbox'). Otherwise just continue,
and I'll forget about whatever was undefined.

! Undefined control sequence.
<argument> ... {\bx }(t) &= \bA \bx (t) + \bB \bu 
                                                  (t) \label {eq:state_eq}\\...
l.31 \end{align}
                
The control sequence at the end of the top line
of your error message was never \def'ed. If you have
misspelled it (e.g., `\hobx'), type `I' and the correct
spelling (e.g., `I\hbox'). Otherwise just continue,
and I'll forget about whatever was undefined.

! Undefined control sequence.
<argument> ... \bu (t) \label {eq:state_eq}\\ \by 
                                                  (t) &= \bC \bx (t) + \bD \...
l.31 \end{align}
                
The control sequence at the end of the top line
of your error message was never \def'ed. If you have
misspelled it (e.g., `\hobx'), type `I' and the correct
spelling (e.g., `I\hbox'). Otherwise just continue,
and I'll forget about whatever was undefined.

! Undefined control sequence.
<argument> ...abel {eq:state_eq}\\ \by (t) &= \bC 
                                                  \bx (t) + \bD \bu (t) \lab...
l.31 \end{align}
                
The control sequence at the end of the top line
of your error message was never \def'ed. If you have
misspelled it (e.g., `\hobx'), type `I' and the correct
spelling (e.g., `I\hbox'). Otherwise just continue,
and I'll forget about whatever was undefined.

! Undefined control sequence.
<argument> ... {eq:state_eq}\\ \by (t) &= \bC \bx 
                                                  (t) + \bD \bu (t) \label {...
l.31 \end{align}
                
The control sequence at the end of the top line
of your error message was never \def'ed. If you have
misspelled it (e.g., `\hobx'), type `I' and the correct
spelling (e.g., `I\hbox'). Otherwise just continue,
and I'll forget about whatever was undefined.

! Undefined control sequence.
<argument> ..._eq}\\ \by (t) &= \bC \bx (t) + \bD 
                                                  \bu (t) \label {eq:output_...
l.31 \end{align}
                
The control sequence at the end of the top line
of your error message was never \def'ed. If you have
misspelled it (e.g., `\hobx'), type `I' and the correct
spelling (e.g., `I\hbox'). Otherwise just continue,
and I'll forget about whatever was undefined.

! Undefined control sequence.
<argument> ...\\ \by (t) &= \bC \bx (t) + \bD \bu 
                                                  (t) \label {eq:output_eq} 
l.31 \end{align}
                
The control sequence at the end of the top line
of your error message was never \def'ed. If you have
misspelled it (e.g., `\hobx'), type `I' and the correct
spelling (e.g., `I\hbox'). Otherwise just continue,
and I'll forget about whatever was undefined.

! Undefined control sequence.
<recently read> \bx 
                    
l.32 where $\bx
                \in \R^n$ is the state vector, $\bu \in \R^m$ is the input v...
The control sequence at the end of the top line
of your error message was never \def'ed. If you have
misspelled it (e.g., `\hobx'), type `I' and the correct
spelling (e.g., `I\hbox'). Otherwise just continue,
and I'll forget about whatever was undefined.

! Undefined control sequence.
l.32 where $\bx \in \R
                      ^n$ is the state vector, $\bu \in \R^m$ is the input v...
The control sequence at the end of the top line
of your error message was never \def'ed. If you have
misspelled it (e.g., `\hobx'), type `I' and the correct
spelling (e.g., `I\hbox'). Otherwise just continue,
and I'll forget about whatever was undefined.

! Undefined control sequence.
<recently read> \bu 
                    
l.32 ...e $\bx \in \R^n$ is the state vector, $\bu
                                                   \in \R^m$ is the input ve...
The control sequence at the end of the top line
of your error message was never \def'ed. If you have
misspelled it (e.g., `\hobx'), type `I' and the correct
spelling (e.g., `I\hbox'). Otherwise just continue,
and I'll forget about whatever was undefined.

! Undefined control sequence.
l.32 ...\in \R^n$ is the state vector, $\bu \in \R
                                                  ^m$ is the input vector, a...
The control sequence at the end of the top line
of your error message was never \def'ed. If you have
misspelled it (e.g., `\hobx'), type `I' and the correct
spelling (e.g., `I\hbox'). Otherwise just continue,
and I'll forget about whatever was undefined.

! Undefined control sequence.
<recently read> \by 
                    
l.32 ...bu \in \R^m$ is the input vector, and $\by
                                                   \in \R^p$ is the output v...
The control sequence at the end of the top line
of your error message was never \def'ed. If you have
misspelled it (e.g., `\hobx'), type `I' and the correct
spelling (e.g., `I\hbox'). Otherwise just continue,
and I'll forget about whatever was undefined.

! Undefined control sequence.
l.32 ...\R^m$ is the input vector, and $\by \in \R
                                                  ^p$ is the output vector. ...
The control sequence at the end of the top line
of your error message was never \def'ed. If you have
misspelled it (e.g., `\hobx'), type `I' and the correct
spelling (e.g., `I\hbox'). Otherwise just continue,
and I'll forget about whatever was undefined.



[274]
! Undefined control sequence.
l.94 \bK
         = \begin{bmatrix} 0 & 0 & \cdots & 0 & 1 \end{bmatrix} \mathcal{C}^...
The control sequence at the end of the top line
of your error message was never \def'ed. If you have
misspelled it (e.g., `\hobx'), type `I' and the correct
spelling (e.g., `I\hbox'). Otherwise just continue,
and I'll forget about whatever was undefined.

! Undefined control sequence.
l.94 ... 1 \end{bmatrix} \mathcal{C}^{-1} \phi(\bA
                                                  )
The control sequence at the end of the top line
of your error message was never \def'ed. If you have
misspelled it (e.g., `\hobx'), type `I' and the correct
spelling (e.g., `I\hbox'). Otherwise just continue,
and I'll forget about whatever was undefined.

! Undefined control sequence.
l.97 ...s the controllability matrix and $\phi(\bA
                                                  )$ is the desired characte...
The control sequence at the end of the top line
of your error message was never \def'ed. If you have
misspelled it (e.g., `\hobx'), type `I' and the correct
spelling (e.g., `I\hbox'). Otherwise just continue,
and I'll forget about whatever was undefined.


Overfull \hbox (7.02464pt too wide) in paragraph at lines 101--103
\T1/ptm/m/n/12 Kalman's con-trol-la-bil-ity the-ory, along with the dual con-cep
t of ob-serv-abil-ity, fun-da-men-tally changed
 []



[275]

[276]
! Undefined control sequence.
<recently read> \bx 
                    
l.175 \dot{\bx}
               (t) = \bA\bx(t) + \bB\bu(t)
The control sequence at the end of the top line
of your error message was never \def'ed. If you have
misspelled it (e.g., `\hobx'), type `I' and the correct
spelling (e.g., `I\hbox'). Otherwise just continue,
and I'll forget about whatever was undefined.

! Undefined control sequence.
<argument> \bx 
               
l.175 \dot{\bx}
               (t) = \bA\bx(t) + \bB\bu(t)
The control sequence at the end of the top line
of your error message was never \def'ed. If you have
misspelled it (e.g., `\hobx'), type `I' and the correct
spelling (e.g., `I\hbox'). Otherwise just continue,
and I'll forget about whatever was undefined.

! Undefined control sequence.
l.175 \dot{\bx}(t) = \bA
                        \bx(t) + \bB\bu(t)
The control sequence at the end of the top line
of your error message was never \def'ed. If you have
misspelled it (e.g., `\hobx'), type `I' and the correct
spelling (e.g., `I\hbox'). Otherwise just continue,
and I'll forget about whatever was undefined.

! Undefined control sequence.
l.175 \dot{\bx}(t) = \bA\bx
                           (t) + \bB\bu(t)
The control sequence at the end of the top line
of your error message was never \def'ed. If you have
misspelled it (e.g., `\hobx'), type `I' and the correct
spelling (e.g., `I\hbox'). Otherwise just continue,
and I'll forget about whatever was undefined.

! Undefined control sequence.
l.175 \dot{\bx}(t) = \bA\bx(t) + \bB
                                    \bu(t)
The control sequence at the end of the top line
of your error message was never \def'ed. If you have
misspelled it (e.g., `\hobx'), type `I' and the correct
spelling (e.g., `I\hbox'). Otherwise just continue,
and I'll forget about whatever was undefined.

! Undefined control sequence.
l.175 \dot{\bx}(t) = \bA\bx(t) + \bB\bu
                                       (t)
The control sequence at the end of the top line
of your error message was never \def'ed. If you have
misspelled it (e.g., `\hobx'), type `I' and the correct
spelling (e.g., `I\hbox'). Otherwise just continue,
and I'll forget about whatever was undefined.

! Undefined control sequence.
<recently read> \bA 
                    
l.178 where $\bA
                 \in \R^{n \times n}$, $\bB \in \R^{n \times m}$, $\bx(t) \i...
The control sequence at the end of the top line
of your error message was never \def'ed. If you have
misspelled it (e.g., `\hobx'), type `I' and the correct
spelling (e.g., `I\hbox'). Otherwise just continue,
and I'll forget about whatever was undefined.

! Undefined control sequence.
l.178 where $\bA \in \R
                       ^{n \times n}$, $\bB \in \R^{n \times m}$, $\bx(t) \i...
The control sequence at the end of the top line
of your error message was never \def'ed. If you have
misspelled it (e.g., `\hobx'), type `I' and the correct
spelling (e.g., `I\hbox'). Otherwise just continue,
and I'll forget about whatever was undefined.

! Undefined control sequence.
<recently read> \bB 
                    
l.178 where $\bA \in \R^{n \times n}$, $\bB
                                            \in \R^{n \times m}$, $\bx(t) \i...
The control sequence at the end of the top line
of your error message was never \def'ed. If you have
misspelled it (e.g., `\hobx'), type `I' and the correct
spelling (e.g., `I\hbox'). Otherwise just continue,
and I'll forget about whatever was undefined.

! Undefined control sequence.
l.178 where $\bA \in \R^{n \times n}$, $\bB \in \R
                                                  ^{n \times m}$, $\bx(t) \i...
The control sequence at the end of the top line
of your error message was never \def'ed. If you have
misspelled it (e.g., `\hobx'), type `I' and the correct
spelling (e.g., `I\hbox'). Otherwise just continue,
and I'll forget about whatever was undefined.

! Undefined control sequence.
<recently read> \bx 
                    
l.178 ...imes n}$, $\bB \in \R^{n \times m}$, $\bx
                                                  (t) \in \R^n$, and $\bu(t)...
The control sequence at the end of the top line
of your error message was never \def'ed. If you have
misspelled it (e.g., `\hobx'), type `I' and the correct
spelling (e.g., `I\hbox'). Otherwise just continue,
and I'll forget about whatever was undefined.

! Undefined control sequence.
l.178 ...$\bB \in \R^{n \times m}$, $\bx(t) \in \R
                                                  ^n$, and $\bu(t) \in \R^m$.
The control sequence at the end of the top line
of your error message was never \def'ed. If you have
misspelled it (e.g., `\hobx'), type `I' and the correct
spelling (e.g., `I\hbox'). Otherwise just continue,
and I'll forget about whatever was undefined.

! Undefined control sequence.
<recently read> \bu 
                    
l.178 ...n \times m}$, $\bx(t) \in \R^n$, and $\bu
                                                  (t) \in \R^m$.
The control sequence at the end of the top line
of your error message was never \def'ed. If you have
misspelled it (e.g., `\hobx'), type `I' and the correct
spelling (e.g., `I\hbox'). Otherwise just continue,
and I'll forget about whatever was undefined.

! Undefined control sequence.
l.178 ...}$, $\bx(t) \in \R^n$, and $\bu(t) \in \R
                                                  ^m$.
The control sequence at the end of the top line
of your error message was never \def'ed. If you have
misspelled it (e.g., `\hobx'), type `I' and the correct
spelling (e.g., `I\hbox'). Otherwise just continue,
and I'll forget about whatever was undefined.

! Undefined control sequence.
l.184 The system $(\bA
                      , \bB)$ is said to be \textbf{controllable} (or comple...
The control sequence at the end of the top line
of your error message was never \def'ed. If you have
misspelled it (e.g., `\hobx'), type `I' and the correct
spelling (e.g., `I\hbox'). Otherwise just continue,
and I'll forget about whatever was undefined.

! Undefined control sequence.
l.184 The system $(\bA, \bB
                           )$ is said to be \textbf{controllable} (or comple...
The control sequence at the end of the top line
of your error message was never \def'ed. If you have
misspelled it (e.g., `\hobx'), type `I' and the correct
spelling (e.g., `I\hbox'). Otherwise just continue,
and I'll forget about whatever was undefined.

! Undefined control sequence.
<recently read> \bx 
                    
l.184 ...ntrollable) if for any initial state $\bx
                                                  _0 \in \R^n$ and any final...
The control sequence at the end of the top line
of your error message was never \def'ed. If you have
misspelled it (e.g., `\hobx'), type `I' and the correct
spelling (e.g., `I\hbox'). Otherwise just continue,
and I'll forget about whatever was undefined.

! Undefined control sequence.
l.184 ...e) if for any initial state $\bx_0 \in \R
                                                  ^n$ and any final state $\...
The control sequence at the end of the top line
of your error message was never \def'ed. If you have
misspelled it (e.g., `\hobx'), type `I' and the correct
spelling (e.g., `I\hbox'). Otherwise just continue,
and I'll forget about whatever was undefined.

! Undefined control sequence.
<recently read> \bx 
                    
l.184 ...$\bx_0 \in \R^n$ and any final state $\bx
                                                  _f \in \R^n$, there exists...
The control sequence at the end of the top line
of your error message was never \def'ed. If you have
misspelled it (e.g., `\hobx'), type `I' and the correct
spelling (e.g., `I\hbox'). Otherwise just continue,
and I'll forget about whatever was undefined.

! Undefined control sequence.
l.184 ...n \R^n$ and any final state $\bx_f \in \R
                                                  ^n$, there exists a finite...
The control sequence at the end of the top line
of your error message was never \def'ed. If you have
misspelled it (e.g., `\hobx'), type `I' and the correct
spelling (e.g., `I\hbox'). Otherwise just continue,
and I'll forget about whatever was undefined.

! Undefined control sequence.
<recently read> \bu 
                    
l.184 ...a finite time $t_f > 0$ and an input $\bu
                                                  (t)$ defined on $[0, t_f]$...
The control sequence at the end of the top line
of your error message was never \def'ed. If you have
misspelled it (e.g., `\hobx'), type `I' and the correct
spelling (e.g., `I\hbox'). Otherwise just continue,
and I'll forget about whatever was undefined.

! Undefined control sequence.
<recently read> \bx 
                    
l.184 ... that the state trajectory satisfies $\bx
                                                  (0) = \bx_0$ and $\bx(t_f)...
The control sequence at the end of the top line
of your error message was never \def'ed. If you have
misspelled it (e.g., `\hobx'), type `I' and the correct
spelling (e.g., `I\hbox'). Otherwise just continue,
and I'll forget about whatever was undefined.

! Undefined control sequence.
l.184 ... state trajectory satisfies $\bx(0) = \bx
                                                  _0$ and $\bx(t_f) = \bx_f$.
The control sequence at the end of the top line
of your error message was never \def'ed. If you have
misspelled it (e.g., `\hobx'), type `I' and the correct
spelling (e.g., `I\hbox'). Otherwise just continue,
and I'll forget about whatever was undefined.

! Undefined control sequence.
<recently read> \bx 
                    
l.184 ...ctory satisfies $\bx(0) = \bx_0$ and $\bx
                                                  (t_f) = \bx_f$.
The control sequence at the end of the top line
of your error message was never \def'ed. If you have
misspelled it (e.g., `\hobx'), type `I' and the correct
spelling (e.g., `I\hbox'). Otherwise just continue,
and I'll forget about whatever was undefined.

! Undefined control sequence.
l.184 ...fies $\bx(0) = \bx_0$ and $\bx(t_f) = \bx
                                                  _f$.
The control sequence at the end of the top line
of your error message was never \def'ed. If you have
misspelled it (e.g., `\hobx'), type `I' and the correct
spelling (e.g., `I\hbox'). Otherwise just continue,
and I'll forget about whatever was undefined.

! Undefined control sequence.
l.200 \bx
         (t) = e^{\bA t}\bx_0 + \int_0^t e^{\bA(t-\tau)}\bB\bu(\tau)\,d\tau
The control sequence at the end of the top line
of your error message was never \def'ed. If you have
misspelled it (e.g., `\hobx'), type `I' and the correct
spelling (e.g., `I\hbox'). Otherwise just continue,
and I'll forget about whatever was undefined.

! Undefined control sequence.
l.200 \bx(t) = e^{\bA
                      t}\bx_0 + \int_0^t e^{\bA(t-\tau)}\bB\bu(\tau)\,d\tau
The control sequence at the end of the top line
of your error message was never \def'ed. If you have
misspelled it (e.g., `\hobx'), type `I' and the correct
spelling (e.g., `I\hbox'). Otherwise just continue,
and I'll forget about whatever was undefined.

! Undefined control sequence.
l.200 \bx(t) = e^{\bA t}\bx
                           _0 + \int_0^t e^{\bA(t-\tau)}\bB\bu(\tau)\,d\tau
The control sequence at the end of the top line
of your error message was never \def'ed. If you have
misspelled it (e.g., `\hobx'), type `I' and the correct
spelling (e.g., `I\hbox'). Otherwise just continue,
and I'll forget about whatever was undefined.

! Undefined control sequence.
l.200 \bx(t) = e^{\bA t}\bx_0 + \int_0^t e^{\bA
                                               (t-\tau)}\bB\bu(\tau)\,d\tau
The control sequence at the end of the top line
of your error message was never \def'ed. If you have
misspelled it (e.g., `\hobx'), type `I' and the correct
spelling (e.g., `I\hbox'). Otherwise just continue,
and I'll forget about whatever was undefined.

! Undefined control sequence.
l.200 ...\bA t}\bx_0 + \int_0^t e^{\bA(t-\tau)}\bB
                                                  \bu(\tau)\,d\tau
The control sequence at the end of the top line
of your error message was never \def'ed. If you have
misspelled it (e.g., `\hobx'), type `I' and the correct
spelling (e.g., `I\hbox'). Otherwise just continue,
and I'll forget about whatever was undefined.

! Undefined control sequence.
l.200 ... t}\bx_0 + \int_0^t e^{\bA(t-\tau)}\bB\bu
                                                  (\tau)\,d\tau
The control sequence at the end of the top line
of your error message was never \def'ed. If you have
misspelled it (e.g., `\hobx'), type `I' and the correct
spelling (e.g., `I\hbox'). Otherwise just continue,
and I'll forget about whatever was undefined.

! Undefined control sequence.
<recently read> \R 
                   
l.204 ...m to be able to produce any vector in $\R
                                                  ^n$. This leads us to exam...
The control sequence at the end of the top line
of your error message was never \def'ed. If you have
misspelled it (e.g., `\hobx'), type `I' and the correct
spelling (e.g., `I\hbox'). Otherwise just continue,
and I'll forget about whatever was undefined.

! Undefined control sequence.
l.209 ...cal{R}(t_f) = \left\{ \int_0^{t_f} e^{\bA
                                                  (t_f-\tau)}\bB\bu(\tau)\,d...
The control sequence at the end of the top line
of your error message was never \def'ed. If you have
misspelled it (e.g., `\hobx'), type `I' and the correct
spelling (e.g., `I\hbox'). Otherwise just continue,
and I'll forget about whatever was undefined.

! Undefined control sequence.
l.209 ...\left\{ \int_0^{t_f} e^{\bA(t_f-\tau)}\bB
                                                  \bu(\tau)\,d\tau \,:\, \bu...
The control sequence at the end of the top line
of your error message was never \def'ed. If you have
misspelled it (e.g., `\hobx'), type `I' and the correct
spelling (e.g., `I\hbox'). Otherwise just continue,
and I'll forget about whatever was undefined.

! Undefined control sequence.
l.209 ...ft\{ \int_0^{t_f} e^{\bA(t_f-\tau)}\bB\bu
                                                  (\tau)\,d\tau \,:\, \bu(\c...
The control sequence at the end of the top line
of your error message was never \def'ed. If you have
misspelled it (e.g., `\hobx'), type `I' and the correct
spelling (e.g., `I\hbox'). Otherwise just continue,
and I'll forget about whatever was undefined.

! Undefined control sequence.
l.209 ...A(t_f-\tau)}\bB\bu(\tau)\,d\tau \,:\, \bu
                                                  (\cdot) \in L^2([0,t_f], \...
The control sequence at the end of the top line
of your error message was never \def'ed. If you have
misspelled it (e.g., `\hobx'), type `I' and the correct
spelling (e.g., `I\hbox'). Otherwise just continue,
and I'll forget about whatever was undefined.

! Undefined control sequence.
l.209 ...\tau \,:\, \bu(\cdot) \in L^2([0,t_f], \R
                                                  ^m) \right\}
The control sequence at the end of the top line
of your error message was never \def'ed. If you have
misspelled it (e.g., `\hobx'), type `I' and the correct
spelling (e.g., `I\hbox'). Otherwise just continue,
and I'll forget about whatever was undefined.



[277]
! Undefined control sequence.
l.215 $\mathcal{R}(t_f) = \text{span}\{e^{\bA
                                              t}\bB\bu \,:\, t \in [0,t_f],\...
The control sequence at the end of the top line
of your error message was never \def'ed. If you have
misspelled it (e.g., `\hobx'), type `I' and the correct
spelling (e.g., `I\hbox'). Otherwise just continue,
and I'll forget about whatever was undefined.

! Undefined control sequence.
l.215 ...thcal{R}(t_f) = \text{span}\{e^{\bA t}\bB
                                                  \bu \,:\, t \in [0,t_f],\,...
The control sequence at the end of the top line
of your error message was never \def'ed. If you have
misspelled it (e.g., `\hobx'), type `I' and the correct
spelling (e.g., `I\hbox'). Otherwise just continue,
and I'll forget about whatever was undefined.

! Undefined control sequence.
l.215 ...al{R}(t_f) = \text{span}\{e^{\bA t}\bB\bu
                                                   \,:\, t \in [0,t_f],\, \b...
The control sequence at the end of the top line
of your error message was never \def'ed. If you have
misspelled it (e.g., `\hobx'), type `I' and the correct
spelling (e.g., `I\hbox'). Otherwise just continue,
and I'll forget about whatever was undefined.

! Undefined control sequence.
l.215 ...^{\bA t}\bB\bu \,:\, t \in [0,t_f],\, \bu
                                                   \in \R^m\}$.
The control sequence at the end of the top line
of your error message was never \def'ed. If you have
misspelled it (e.g., `\hobx'), type `I' and the correct
spelling (e.g., `I\hbox'). Otherwise just continue,
and I'll forget about whatever was undefined.

! Undefined control sequence.
l.215 ...}\bB\bu \,:\, t \in [0,t_f],\, \bu \in \R
                                                  ^m\}$.
The control sequence at the end of the top line
of your error message was never \def'ed. If you have
misspelled it (e.g., `\hobx'), type `I' and the correct
spelling (e.g., `I\hbox'). Otherwise just continue,
and I'll forget about whatever was undefined.

! Undefined control sequence.
l.221 ...quation. If $p(\lambda) = \det(\lambda\bI
                                                   - \bA) = \lambda^n + a_{n...
The control sequence at the end of the top line
of your error message was never \def'ed. If you have
misspelled it (e.g., `\hobx'), type `I' and the correct
spelling (e.g., `I\hbox'). Otherwise just continue,
and I'll forget about whatever was undefined.

! Undefined control sequence.
l.221 ...n. If $p(\lambda) = \det(\lambda\bI - \bA
                                                  ) = \lambda^n + a_{n-1}\la...
The control sequence at the end of the top line
of your error message was never \def'ed. If you have
misspelled it (e.g., `\hobx'), type `I' and the correct
spelling (e.g., `I\hbox'). Otherwise just continue,
and I'll forget about whatever was undefined.

! Undefined control sequence.
<recently read> \bA 
                    
l.221 ... is the characteristic polynomial of $\bA
                                                  $, then:
The control sequence at the end of the top line
of your error message was never \def'ed. If you have
misspelled it (e.g., `\hobx'), type `I' and the correct
spelling (e.g., `I\hbox'). Otherwise just continue,
and I'll forget about whatever was undefined.

! Undefined control sequence.
l.223 p(\bA
           ) = \bA^n + a_{n-1}\bA^{n-1} + \cdots + a_1\bA + a_0\bI = \bzero
The control sequence at the end of the top line
of your error message was never \def'ed. If you have
misspelled it (e.g., `\hobx'), type `I' and the correct
spelling (e.g., `I\hbox'). Otherwise just continue,
and I'll forget about whatever was undefined.

! Undefined control sequence.
l.223 p(\bA) = \bA
                  ^n + a_{n-1}\bA^{n-1} + \cdots + a_1\bA + a_0\bI = \bzero
The control sequence at the end of the top line
of your error message was never \def'ed. If you have
misspelled it (e.g., `\hobx'), type `I' and the correct
spelling (e.g., `I\hbox'). Otherwise just continue,
and I'll forget about whatever was undefined.

! Undefined control sequence.
l.223 p(\bA) = \bA^n + a_{n-1}\bA
                                 ^{n-1} + \cdots + a_1\bA + a_0\bI = \bzero
The control sequence at the end of the top line
of your error message was never \def'ed. If you have
misspelled it (e.g., `\hobx'), type `I' and the correct
spelling (e.g., `I\hbox'). Otherwise just continue,
and I'll forget about whatever was undefined.

! Undefined control sequence.
l.223 ...bA^n + a_{n-1}\bA^{n-1} + \cdots + a_1\bA
                                                   + a_0\bI = \bzero
The control sequence at the end of the top line
of your error message was never \def'ed. If you have
misspelled it (e.g., `\hobx'), type `I' and the correct
spelling (e.g., `I\hbox'). Otherwise just continue,
and I'll forget about whatever was undefined.

! Undefined control sequence.
l.223 ...{n-1}\bA^{n-1} + \cdots + a_1\bA + a_0\bI
                                                   = \bzero
The control sequence at the end of the top line
of your error message was never \def'ed. If you have
misspelled it (e.g., `\hobx'), type `I' and the correct
spelling (e.g., `I\hbox'). Otherwise just continue,
and I'll forget about whatever was undefined.

! Undefined control sequence.
l.223 ...{n-1} + \cdots + a_1\bA + a_0\bI = \bzero
                                                  
The control sequence at the end of the top line
of your error message was never \def'ed. If you have
misspelled it (e.g., `\hobx'), type `I' and the correct
spelling (e.g., `I\hbox'). Otherwise just continue,
and I'll forget about whatever was undefined.

! Undefined control sequence.
<recently read> \bA 
                    
l.227 This theorem implies that $\bA
                                    ^n$ (and all higher powers) can be expre...
The control sequence at the end of the top line
of your error message was never \def'ed. If you have
misspelled it (e.g., `\hobx'), type `I' and the correct
spelling (e.g., `I\hbox'). Otherwise just continue,
and I'll forget about whatever was undefined.

! Undefined control sequence.
<recently read> \bI 
                    
l.227 ... expressed as linear combinations of $\bI
                                                  , \bA, \bA^2, \ldots, \bA^...
The control sequence at the end of the top line
of your error message was never \def'ed. If you have
misspelled it (e.g., `\hobx'), type `I' and the correct
spelling (e.g., `I\hbox'). Otherwise just continue,
and I'll forget about whatever was undefined.

! Undefined control sequence.
l.227 ...essed as linear combinations of $\bI, \bA
                                                  , \bA^2, \ldots, \bA^{n-1}$.
The control sequence at the end of the top line
of your error message was never \def'ed. If you have
misspelled it (e.g., `\hobx'), type `I' and the correct
spelling (e.g., `I\hbox'). Otherwise just continue,
and I'll forget about whatever was undefined.

! Undefined control sequence.
l.227 ... as linear combinations of $\bI, \bA, \bA
                                                  ^2, \ldots, \bA^{n-1}$.
The control sequence at the end of the top line
of your error message was never \def'ed. If you have
misspelled it (e.g., `\hobx'), type `I' and the correct
spelling (e.g., `I\hbox'). Otherwise just continue,
and I'll forget about whatever was undefined.

! Undefined control sequence.
l.227 ...inations of $\bI, \bA, \bA^2, \ldots, \bA
                                                  ^{n-1}$.
The control sequence at the end of the top line
of your error message was never \def'ed. If you have
misspelled it (e.g., `\hobx'), type `I' and the correct
spelling (e.g., `I\hbox'). Otherwise just continue,
and I'll forget about whatever was undefined.

! Undefined control sequence.
l.230 The matrix exponential $e^{\bA
                                     t}$ can be written as:
The control sequence at the end of the top line
of your error message was never \def'ed. If you have
misspelled it (e.g., `\hobx'), type `I' and the correct
spelling (e.g., `I\hbox'). Otherwise just continue,
and I'll forget about whatever was undefined.

! Undefined control sequence.
l.232 e^{\bA
             t} = \sum_{k=0}^{n-1} \alpha_k(t)\bA^k
The control sequence at the end of the top line
of your error message was never \def'ed. If you have
misspelled it (e.g., `\hobx'), type `I' and the correct
spelling (e.g., `I\hbox'). Otherwise just continue,
and I'll forget about whatever was undefined.

! Undefined control sequence.
l.232 e^{\bA t} = \sum_{k=0}^{n-1} \alpha_k(t)\bA
                                                 ^k
The control sequence at the end of the top line
of your error message was never \def'ed. If you have
misspelled it (e.g., `\hobx'), type `I' and the correct
spelling (e.g., `I\hbox'). Otherwise just continue,
and I'll forget about whatever was undefined.

! Undefined control sequence.
l.241 ...controllability matrix} of the pair $(\bA
                                                  , \bB)$ is:
The control sequence at the end of the top line
of your error message was never \def'ed. If you have
misspelled it (e.g., `\hobx'), type `I' and the correct
spelling (e.g., `I\hbox'). Otherwise just continue,
and I'll forget about whatever was undefined.

! Undefined control sequence.
l.241 ...ollability matrix} of the pair $(\bA, \bB
                                                  )$ is:
The control sequence at the end of the top line
of your error message was never \def'ed. If you have
misspelled it (e.g., `\hobx'), type `I' and the correct
spelling (e.g., `I\hbox'). Otherwise just continue,
and I'll forget about whatever was undefined.

! Undefined control sequence.
l.243 \mathcal{C} = \begin{bmatrix} \bB
                                        & \bA\bB & \bA^2\bB & \cdots & \bA^{...
The control sequence at the end of the top line
of your error message was never \def'ed. If you have
misspelled it (e.g., `\hobx'), type `I' and the correct
spelling (e.g., `I\hbox'). Otherwise just continue,
and I'll forget about whatever was undefined.

! Undefined control sequence.
l.243 \mathcal{C} = \begin{bmatrix} \bB & \bA
                                             \bB & \bA^2\bB & \cdots & \bA^{...
The control sequence at the end of the top line
of your error message was never \def'ed. If you have
misspelled it (e.g., `\hobx'), type `I' and the correct
spelling (e.g., `I\hbox'). Otherwise just continue,
and I'll forget about whatever was undefined.

! Undefined control sequence.
l.243 \mathcal{C} = \begin{bmatrix} \bB & \bA\bB
                                                 & \bA^2\bB & \cdots & \bA^{...
The control sequence at the end of the top line
of your error message was never \def'ed. If you have
misspelled it (e.g., `\hobx'), type `I' and the correct
spelling (e.g., `I\hbox'). Otherwise just continue,
and I'll forget about whatever was undefined.

! Undefined control sequence.
l.243 ...l{C} = \begin{bmatrix} \bB & \bA\bB & \bA
                                                  ^2\bB & \cdots & \bA^{n-1}...
The control sequence at the end of the top line
of your error message was never \def'ed. If you have
misspelled it (e.g., `\hobx'), type `I' and the correct
spelling (e.g., `I\hbox'). Otherwise just continue,
and I'll forget about whatever was undefined.

! Undefined control sequence.
l.243 ...= \begin{bmatrix} \bB & \bA\bB & \bA^2\bB
                                                   & \cdots & \bA^{n-1}\bB \...
The control sequence at the end of the top line
of your error message was never \def'ed. If you have
misspelled it (e.g., `\hobx'), type `I' and the correct
spelling (e.g., `I\hbox'). Otherwise just continue,
and I'll forget about whatever was undefined.

! Undefined control sequence.
l.243 ...x} \bB & \bA\bB & \bA^2\bB & \cdots & \bA
                                                  ^{n-1}\bB \end{bmatrix}
The control sequence at the end of the top line
of your error message was never \def'ed. If you have
misspelled it (e.g., `\hobx'), type `I' and the correct
spelling (e.g., `I\hbox'). Otherwise just continue,
and I'll forget about whatever was undefined.

! Undefined control sequence.
l.243 ...\bA\bB & \bA^2\bB & \cdots & \bA^{n-1}\bB
                                                   \end{bmatrix}
The control sequence at the end of the top line
of your error message was never \def'ed. If you have
misspelled it (e.g., `\hobx'), type `I' and the correct
spelling (e.g., `I\hbox'). Otherwise just continue,
and I'll forget about whatever was undefined.

! Undefined control sequence.
l.255 The system $(\bA
                      , \bB)$ is controllable if and only if:
The control sequence at the end of the top line
of your error message was never \def'ed. If you have
misspelled it (e.g., `\hobx'), type `I' and the correct
spelling (e.g., `I\hbox'). Otherwise just continue,
and I'll forget about whatever was undefined.

! Undefined control sequence.
l.255 The system $(\bA, \bB
                           )$ is controllable if and only if:
The control sequence at the end of the top line
of your error message was never \def'ed. If you have
misspelled it (e.g., `\hobx'), type `I' and the correct
spelling (e.g., `I\hbox'). Otherwise just continue,
and I'll forget about whatever was undefined.

! Undefined control sequence.
l.257 ...k(\mathcal{C}) = \rank\begin{bmatrix} \bB
                                                   & \bA\bB & \bA^2\bB & \cd...
The control sequence at the end of the top line
of your error message was never \def'ed. If you have
misspelled it (e.g., `\hobx'), type `I' and the correct
spelling (e.g., `I\hbox'). Otherwise just continue,
and I'll forget about whatever was undefined.

! Undefined control sequence.
l.257 ...hcal{C}) = \rank\begin{bmatrix} \bB & \bA
                                                  \bB & \bA^2\bB & \cdots & ...
The control sequence at the end of the top line
of your error message was never \def'ed. If you have
misspelled it (e.g., `\hobx'), type `I' and the correct
spelling (e.g., `I\hbox'). Otherwise just continue,
and I'll forget about whatever was undefined.

! Undefined control sequence.
l.257 ...l{C}) = \rank\begin{bmatrix} \bB & \bA\bB
                                                   & \bA^2\bB & \cdots & \bA...
The control sequence at the end of the top line
of your error message was never \def'ed. If you have
misspelled it (e.g., `\hobx'), type `I' and the correct
spelling (e.g., `I\hbox'). Otherwise just continue,
and I'll forget about whatever was undefined.

! Undefined control sequence.
l.257 ...= \rank\begin{bmatrix} \bB & \bA\bB & \bA
                                                  ^2\bB & \cdots & \bA^{n-1}...
The control sequence at the end of the top line
of your error message was never \def'ed. If you have
misspelled it (e.g., `\hobx'), type `I' and the correct
spelling (e.g., `I\hbox'). Otherwise just continue,
and I'll forget about whatever was undefined.

! Undefined control sequence.
l.257 ...nk\begin{bmatrix} \bB & \bA\bB & \bA^2\bB
                                                   & \cdots & \bA^{n-1}\bB \...
The control sequence at the end of the top line
of your error message was never \def'ed. If you have
misspelled it (e.g., `\hobx'), type `I' and the correct
spelling (e.g., `I\hbox'). Otherwise just continue,
and I'll forget about whatever was undefined.

! Undefined control sequence.
l.257 ...x} \bB & \bA\bB & \bA^2\bB & \cdots & \bA
                                                  ^{n-1}\bB \end{bmatrix} = n
The control sequence at the end of the top line
of your error message was never \def'ed. If you have
misspelled it (e.g., `\hobx'), type `I' and the correct
spelling (e.g., `I\hbox'). Otherwise just continue,
and I'll forget about whatever was undefined.

! Undefined control sequence.
l.257 ...\bA\bB & \bA^2\bB & \cdots & \bA^{n-1}\bB
                                                   \end{bmatrix} = n
The control sequence at the end of the top line
of your error message was never \def'ed. If you have
misspelled it (e.g., `\hobx'), type `I' and the correct
spelling (e.g., `I\hbox'). Otherwise just continue,
and I'll forget about whatever was undefined.

! Undefined control sequence.
<recently read> \bx 
                    
l.267 ...cal{C}) = n$. We show that any state $\bx
                                                  _f$ is reachable from the ...
The control sequence at the end of the top line
of your error message was never \def'ed. If you have
misspelled it (e.g., `\hobx'), type `I' and the correct
spelling (e.g., `I\hbox'). Otherwise just continue,
and I'll forget about whatever was undefined.

! Undefined control sequence.
l.271 ...cal{R}(t_f) = \left\{ \int_0^{t_f} e^{\bA
                                                  (t_f-\tau)}\bB\bu(\tau)\,d...
The control sequence at the end of the top line
of your error message was never \def'ed. If you have
misspelled it (e.g., `\hobx'), type `I' and the correct
spelling (e.g., `I\hbox'). Otherwise just continue,
and I'll forget about whatever was undefined.

! Undefined control sequence.
l.271 ...\left\{ \int_0^{t_f} e^{\bA(t_f-\tau)}\bB
                                                  \bu(\tau)\,d\tau \,:\, \bu...
The control sequence at the end of the top line
of your error message was never \def'ed. If you have
misspelled it (e.g., `\hobx'), type `I' and the correct
spelling (e.g., `I\hbox'). Otherwise just continue,
and I'll forget about whatever was undefined.

! Undefined control sequence.
l.271 ...ft\{ \int_0^{t_f} e^{\bA(t_f-\tau)}\bB\bu
                                                  (\tau)\,d\tau \,:\, \bu(\c...
The control sequence at the end of the top line
of your error message was never \def'ed. If you have
misspelled it (e.g., `\hobx'), type `I' and the correct
spelling (e.g., `I\hbox'). Otherwise just continue,
and I'll forget about whatever was undefined.

! Undefined control sequence.
l.271 ...A(t_f-\tau)}\bB\bu(\tau)\,d\tau \,:\, \bu
                                                  (\cdot) \right\}
The control sequence at the end of the top line
of your error message was never \def'ed. If you have
misspelled it (e.g., `\hobx'), type `I' and the correct
spelling (e.g., `I\hbox'). Otherwise just continue,
and I'll forget about whatever was undefined.

! Undefined control sequence.
l.276 e^{\bA
            (t_f-\tau)} = \sum_{k=0}^{n-1} \alpha_k(t_f-\tau)\bA^k
The control sequence at the end of the top line
of your error message was never \def'ed. If you have
misspelled it (e.g., `\hobx'), type `I' and the correct
spelling (e.g., `I\hbox'). Otherwise just continue,
and I'll forget about whatever was undefined.

! Undefined control sequence.
l.276 ... = \sum_{k=0}^{n-1} \alpha_k(t_f-\tau)\bA
                                                  ^k
The control sequence at the end of the top line
of your error message was never \def'ed. If you have
misspelled it (e.g., `\hobx'), type `I' and the correct
spelling (e.g., `I\hbox'). Otherwise just continue,
and I'll forget about whatever was undefined.

! Undefined control sequence.
<argument>  \int _0^{t_f} e^{\bA 
                                 (t_f-\tau )}\bB \bu (\tau )\,d\tau &= \sum ...
l.283 \end{align}
                 
The control sequence at the end of the top line
of your error message was never \def'ed. If you have
misspelled it (e.g., `\hobx'), type `I' and the correct
spelling (e.g., `I\hbox'). Otherwise just continue,
and I'll forget about whatever was undefined.

! Undefined control sequence.
<argument>  \int _0^{t_f} e^{\bA (t_f-\tau )}\bB 
                                                 \bu (\tau )\,d\tau &= \sum ...
l.283 \end{align}
                 
The control sequence at the end of the top line
of your error message was never \def'ed. If you have
misspelled it (e.g., `\hobx'), type `I' and the correct
spelling (e.g., `I\hbox'). Otherwise just continue,
and I'll forget about whatever was undefined.

! Undefined control sequence.
<argument> ..._0^{t_f} e^{\bA (t_f-\tau )}\bB \bu 
                                                  (\tau )\,d\tau &= \sum _{k...
l.283 \end{align}
                 
The control sequence at the end of the top line
of your error message was never \def'ed. If you have
misspelled it (e.g., `\hobx'), type `I' and the correct
spelling (e.g., `I\hbox'). Otherwise just continue,
and I'll forget about whatever was undefined.

! Undefined control sequence.
<argument> ...u )\,d\tau &= \sum _{k=0}^{n-1} \bA 
                                                  ^k\bB \int _0^{t_f} \alpha...
l.283 \end{align}
                 
The control sequence at the end of the top line
of your error message was never \def'ed. If you have
misspelled it (e.g., `\hobx'), type `I' and the correct
spelling (e.g., `I\hbox'). Otherwise just continue,
and I'll forget about whatever was undefined.

! Double superscript.
<argument> ... )\,d\tau &= \sum _{k=0}^{n-1} \bA ^
                                                  k\bB \int _0^{t_f} \alpha ...
l.283 \end{align}
                 
I treat `x^1^2' essentially like `x^1{}^2'.

! Undefined control sequence.
<argument> ...\tau &= \sum _{k=0}^{n-1} \bA ^k\bB 
                                                  \int _0^{t_f} \alpha _k(t_...
l.283 \end{align}
                 
The control sequence at the end of the top line
of your error message was never \def'ed. If you have
misspelled it (e.g., `\hobx'), type `I' and the correct
spelling (e.g., `I\hbox'). Otherwise just continue,
and I'll forget about whatever was undefined.

! Undefined control sequence.
<argument> ...nt _0^{t_f} \alpha _k(t_f-\tau )\bu 
                                                  (\tau )\,d\tau \\ &= \sum ...
l.283 \end{align}
                 
The control sequence at the end of the top line
of your error message was never \def'ed. If you have
misspelled it (e.g., `\hobx'), type `I' and the correct
spelling (e.g., `I\hbox'). Otherwise just continue,
and I'll forget about whatever was undefined.

! Undefined control sequence.
<argument> ...\,d\tau \\ &= \sum _{k=0}^{n-1} \bA 
                                                  ^k\bB \bv _k 
l.283 \end{align}
                 
The control sequence at the end of the top line
of your error message was never \def'ed. If you have
misspelled it (e.g., `\hobx'), type `I' and the correct
spelling (e.g., `I\hbox'). Otherwise just continue,
and I'll forget about whatever was undefined.

! Double superscript.
<argument> ...,d\tau \\ &= \sum _{k=0}^{n-1} \bA ^
                                                  k\bB \bv _k 
l.283 \end{align}
                 
I treat `x^1^2' essentially like `x^1{}^2'.

! Undefined control sequence.
<argument> ...u \\ &= \sum _{k=0}^{n-1} \bA ^k\bB 
                                                  \bv _k 
l.283 \end{align}
                 
The control sequence at the end of the top line
of your error message was never \def'ed. If you have
misspelled it (e.g., `\hobx'), type `I' and the correct
spelling (e.g., `I\hbox'). Otherwise just continue,
and I'll forget about whatever was undefined.

! Undefined control sequence.
<argument> ... &= \sum _{k=0}^{n-1} \bA ^k\bB \bv 
                                                  _k 
l.283 \end{align}
                 
The control sequence at the end of the top line
of your error message was never \def'ed. If you have
misspelled it (e.g., `\hobx'), type `I' and the correct
spelling (e.g., `I\hbox'). Otherwise just continue,
and I'll forget about whatever was undefined.

! Undefined control sequence.
<argument>  \int _0^{t_f} e^{\bA 
                                 (t_f-\tau )}\bB \bu (\tau )\,d\tau &= \sum ...
l.283 \end{align}
                 
The control sequence at the end of the top line
of your error message was never \def'ed. If you have
misspelled it (e.g., `\hobx'), type `I' and the correct
spelling (e.g., `I\hbox'). Otherwise just continue,
and I'll forget about whatever was undefined.

! Undefined control sequence.
<argument>  \int _0^{t_f} e^{\bA (t_f-\tau )}\bB 
                                                 \bu (\tau )\,d\tau &= \sum ...
l.283 \end{align}
                 
The control sequence at the end of the top line
of your error message was never \def'ed. If you have
misspelled it (e.g., `\hobx'), type `I' and the correct
spelling (e.g., `I\hbox'). Otherwise just continue,
and I'll forget about whatever was undefined.

! Undefined control sequence.
<argument> ..._0^{t_f} e^{\bA (t_f-\tau )}\bB \bu 
                                                  (\tau )\,d\tau &= \sum _{k...
l.283 \end{align}
                 
The control sequence at the end of the top line
of your error message was never \def'ed. If you have
misspelled it (e.g., `\hobx'), type `I' and the correct
spelling (e.g., `I\hbox'). Otherwise just continue,
and I'll forget about whatever was undefined.

! Undefined control sequence.
<argument> ...u )\,d\tau &= \sum _{k=0}^{n-1} \bA 
                                                  ^k\bB \int _0^{t_f} \alpha...
l.283 \end{align}
                 
The control sequence at the end of the top line
of your error message was never \def'ed. If you have
misspelled it (e.g., `\hobx'), type `I' and the correct
spelling (e.g., `I\hbox'). Otherwise just continue,
and I'll forget about whatever was undefined.

! Double superscript.
<argument> ... )\,d\tau &= \sum _{k=0}^{n-1} \bA ^
                                                  k\bB \int _0^{t_f} \alpha ...
l.283 \end{align}
                 
I treat `x^1^2' essentially like `x^1{}^2'.

! Undefined control sequence.
<argument> ...\tau &= \sum _{k=0}^{n-1} \bA ^k\bB 
                                                  \int _0^{t_f} \alpha _k(t_...
l.283 \end{align}
                 
The control sequence at the end of the top line
of your error message was never \def'ed. If you have
misspelled it (e.g., `\hobx'), type `I' and the correct
spelling (e.g., `I\hbox'). Otherwise just continue,
and I'll forget about whatever was undefined.

! Undefined control sequence.
<argument> ...nt _0^{t_f} \alpha _k(t_f-\tau )\bu 
                                                  (\tau )\,d\tau \\ &= \sum ...
l.283 \end{align}
                 
The control sequence at the end of the top line
of your error message was never \def'ed. If you have
misspelled it (e.g., `\hobx'), type `I' and the correct
spelling (e.g., `I\hbox'). Otherwise just continue,
and I'll forget about whatever was undefined.

! Undefined control sequence.
<argument> ...\,d\tau \\ &= \sum _{k=0}^{n-1} \bA 
                                                  ^k\bB \bv _k 
l.283 \end{align}
                 
The control sequence at the end of the top line
of your error message was never \def'ed. If you have
misspelled it (e.g., `\hobx'), type `I' and the correct
spelling (e.g., `I\hbox'). Otherwise just continue,
and I'll forget about whatever was undefined.

! Double superscript.
<argument> ...,d\tau \\ &= \sum _{k=0}^{n-1} \bA ^
                                                  k\bB \bv _k 
l.283 \end{align}
                 
I treat `x^1^2' essentially like `x^1{}^2'.

! Undefined control sequence.
<argument> ...u \\ &= \sum _{k=0}^{n-1} \bA ^k\bB 
                                                  \bv _k 
l.283 \end{align}
                 
The control sequence at the end of the top line
of your error message was never \def'ed. If you have
misspelled it (e.g., `\hobx'), type `I' and the correct
spelling (e.g., `I\hbox'). Otherwise just continue,
and I'll forget about whatever was undefined.

! Undefined control sequence.
<argument> ... &= \sum _{k=0}^{n-1} \bA ^k\bB \bv 
                                                  _k 
l.283 \end{align}
                 
The control sequence at the end of the top line
of your error message was never \def'ed. If you have
misspelled it (e.g., `\hobx'), type `I' and the correct
spelling (e.g., `I\hbox'). Otherwise just continue,
and I'll forget about whatever was undefined.



[278]
! Undefined control sequence.
<recently read> \bv 
                    
l.284 where $\bv
                _k = \int_0^{t_f} \alpha_k(t_f-\tau)\bu(\tau)\,d\tau \in \R^m$.
The control sequence at the end of the top line
of your error message was never \def'ed. If you have
misspelled it (e.g., `\hobx'), type `I' and the correct
spelling (e.g., `I\hbox'). Otherwise just continue,
and I'll forget about whatever was undefined.

! Undefined control sequence.
l.284 ...bv_k = \int_0^{t_f} \alpha_k(t_f-\tau)\bu
                                                  (\tau)\,d\tau \in \R^m$.
The control sequence at the end of the top line
of your error message was never \def'ed. If you have
misspelled it (e.g., `\hobx'), type `I' and the correct
spelling (e.g., `I\hbox'). Otherwise just continue,
and I'll forget about whatever was undefined.

! Undefined control sequence.
l.284 ...\alpha_k(t_f-\tau)\bu(\tau)\,d\tau \in \R
                                                  ^m$.
The control sequence at the end of the top line
of your error message was never \def'ed. If you have
misspelled it (e.g., `\hobx'), type `I' and the correct
spelling (e.g., `I\hbox'). Otherwise just continue,
and I'll forget about whatever was undefined.

! Undefined control sequence.
l.288 ...xt{range}(\mathcal{C}) = \text{span}\{\bB
                                                  , \bA\bB, \ldots, \bA^{n-1...
The control sequence at the end of the top line
of your error message was never \def'ed. If you have
misspelled it (e.g., `\hobx'), type `I' and the correct
spelling (e.g., `I\hbox'). Otherwise just continue,
and I'll forget about whatever was undefined.

! Undefined control sequence.
l.288 ...nge}(\mathcal{C}) = \text{span}\{\bB, \bA
                                                  \bB, \ldots, \bA^{n-1}\bB\}
The control sequence at the end of the top line
of your error message was never \def'ed. If you have
misspelled it (e.g., `\hobx'), type `I' and the correct
spelling (e.g., `I\hbox'). Otherwise just continue,
and I'll forget about whatever was undefined.

! Undefined control sequence.
l.288 ...}(\mathcal{C}) = \text{span}\{\bB, \bA\bB
                                                  , \ldots, \bA^{n-1}\bB\}
The control sequence at the end of the top line
of your error message was never \def'ed. If you have
misspelled it (e.g., `\hobx'), type `I' and the correct
spelling (e.g., `I\hbox'). Otherwise just continue,
and I'll forget about whatever was undefined.

! Undefined control sequence.
l.288 ...) = \text{span}\{\bB, \bA\bB, \ldots, \bA
                                                  ^{n-1}\bB\}
The control sequence at the end of the top line
of your error message was never \def'ed. If you have
misspelled it (e.g., `\hobx'), type `I' and the correct
spelling (e.g., `I\hbox'). Otherwise just continue,
and I'll forget about whatever was undefined.

! Undefined control sequence.
l.288 ...{span}\{\bB, \bA\bB, \ldots, \bA^{n-1}\bB
                                                  \}
The control sequence at the end of the top line
of your error message was never \def'ed. If you have
misspelled it (e.g., `\hobx'), type `I' and the correct
spelling (e.g., `I\hbox'). Otherwise just continue,
and I'll forget about whatever was undefined.

! Undefined control sequence.
<recently read> \bv 
                    
l.291 Conversely, for any choice of vectors $\bv
                                                _0, \ldots, \bv_{n-1} \in \R...
The control sequence at the end of the top line
of your error message was never \def'ed. If you have
misspelled it (e.g., `\hobx'), type `I' and the correct
spelling (e.g., `I\hbox'). Otherwise just continue,
and I'll forget about whatever was undefined.

! Undefined control sequence.
l.291 ...any choice of vectors $\bv_0, \ldots, \bv
                                                  _{n-1} \in \R^m$, we can f...
The control sequence at the end of the top line
of your error message was never \def'ed. If you have
misspelled it (e.g., `\hobx'), type `I' and the correct
spelling (e.g., `I\hbox'). Otherwise just continue,
and I'll forget about whatever was undefined.

! Undefined control sequence.
l.291 ... vectors $\bv_0, \ldots, \bv_{n-1} \in \R
                                                  ^m$, we can find a suitabl...
The control sequence at the end of the top line
of your error message was never \def'ed. If you have
misspelled it (e.g., `\hobx'), type `I' and the correct
spelling (e.g., `I\hbox'). Otherwise just continue,
and I'll forget about whatever was undefined.

! Undefined control sequence.
<recently read> \bu 
                    
l.291 ... \R^m$, we can find a suitable input $\bu
                                                  (\tau)$ that produces thes...
The control sequence at the end of the top line
of your error message was never \def'ed. If you have
misspelled it (e.g., `\hobx'), type `I' and the correct
spelling (e.g., `I\hbox'). Otherwise just continue,
and I'll forget about whatever was undefined.

! Undefined control sequence.
l.296 ... n$, then $\text{range}(\mathcal{C}) = \R
                                                  ^n$, so any state is reach...
The control sequence at the end of the top line
of your error message was never \def'ed. If you have
misspelled it (e.g., `\hobx'), type `I' and the correct
spelling (e.g., `I\hbox'). Otherwise just continue,
and I'll forget about whatever was undefined.

! Undefined control sequence.
<recently read> \bx 
                    
l.298 To show controllability (reaching any $\bx
                                                _f$ from any $\bx_0$), note ...
The control sequence at the end of the top line
of your error message was never \def'ed. If you have
misspelled it (e.g., `\hobx'), type `I' and the correct
spelling (e.g., `I\hbox'). Otherwise just continue,
and I'll forget about whatever was undefined.

! Undefined control sequence.
<recently read> \bx 
                    
l.298 ...ility (reaching any $\bx_f$ from any $\bx
                                                  _0$), note that if $\bx_1(...
The control sequence at the end of the top line
of your error message was never \def'ed. If you have
misspelled it (e.g., `\hobx'), type `I' and the correct
spelling (e.g., `I\hbox'). Otherwise just continue,
and I'll forget about whatever was undefined.

! Undefined control sequence.
<recently read> \bx 
                    
l.298 ...x_f$ from any $\bx_0$), note that if $\bx
                                                  _1(t)$ reaches $\bx_f$ fro...
The control sequence at the end of the top line
of your error message was never \def'ed. If you have
misspelled it (e.g., `\hobx'), type `I' and the correct
spelling (e.g., `I\hbox'). Otherwise just continue,
and I'll forget about whatever was undefined.

! Undefined control sequence.
<recently read> \bx 
                    
l.298 ...0$), note that if $\bx_1(t)$ reaches $\bx
                                                  _f$ from $\bzero$ using in...
The control sequence at the end of the top line
of your error message was never \def'ed. If you have
misspelled it (e.g., `\hobx'), type `I' and the correct
spelling (e.g., `I\hbox'). Otherwise just continue,
and I'll forget about whatever was undefined.

! Undefined control sequence.
<recently read> \bzero 
                       
l.298 ...f $\bx_1(t)$ reaches $\bx_f$ from $\bzero
                                                  $ using input $\bu_1(t)$, ...
The control sequence at the end of the top line
of your error message was never \def'ed. If you have
misspelled it (e.g., `\hobx'), type `I' and the correct
spelling (e.g., `I\hbox'). Otherwise just continue,
and I'll forget about whatever was undefined.

! Undefined control sequence.
<recently read> \bu 
                    
l.298 ...es $\bx_f$ from $\bzero$ using input $\bu
                                                  _1(t)$, and $\bx_2(t)$ rea...
The control sequence at the end of the top line
of your error message was never \def'ed. If you have
misspelled it (e.g., `\hobx'), type `I' and the correct
spelling (e.g., `I\hbox'). Otherwise just continue,
and I'll forget about whatever was undefined.

! Undefined control sequence.
<recently read> \bx 
                    
l.298 ...$\bzero$ using input $\bu_1(t)$, and $\bx
                                                  _2(t)$ reaches some state ...
The control sequence at the end of the top line
of your error message was never \def'ed. If you have
misspelled it (e.g., `\hobx'), type `I' and the correct
spelling (e.g., `I\hbox'). Otherwise just continue,
and I'll forget about whatever was undefined.

! Undefined control sequence.
l.298 ... $\bx_2(t)$ reaches some state from $-\bx
                                                  _0$ using input $\bu_2(t)$...
The control sequence at the end of the top line
of your error message was never \def'ed. If you have
misspelled it (e.g., `\hobx'), type `I' and the correct
spelling (e.g., `I\hbox'). Otherwise just continue,
and I'll forget about whatever was undefined.

! Undefined control sequence.
<recently read> \bu 
                    
l.298 ...some state from $-\bx_0$ using input $\bu
                                                  _2(t)$, then by linearity ...
The control sequence at the end of the top line
of your error message was never \def'ed. If you have
misspelled it (e.g., `\hobx'), type `I' and the correct
spelling (e.g., `I\hbox'). Otherwise just continue,
and I'll forget about whatever was undefined.

! Undefined control sequence.
<recently read> \bx 
                    
l.298 ...e can construct an input that drives $\bx
                                                  _0$ to $\bx_f$.
The control sequence at the end of the top line
of your error message was never \def'ed. If you have
misspelled it (e.g., `\hobx'), type `I' and the correct
spelling (e.g., `I\hbox'). Otherwise just continue,
and I'll forget about whatever was undefined.

! Undefined control sequence.
<recently read> \bx 
                    
l.298 ...ruct an input that drives $\bx_0$ to $\bx
                                                  _f$.
The control sequence at the end of the top line
of your error message was never \def'ed. If you have
misspelled it (e.g., `\hobx'), type `I' and the correct
spelling (e.g., `I\hbox'). Otherwise just continue,
and I'll forget about whatever was undefined.

! Undefined control sequence.
<recently read> \bq 
                    
l.304 .... Then there exists a nonzero vector $\bq
                                                   \in \R^n$ such that $\bq^...
The control sequence at the end of the top line
of your error message was never \def'ed. If you have
misspelled it (e.g., `\hobx'), type `I' and the correct
spelling (e.g., `I\hbox'). Otherwise just continue,
and I'll forget about whatever was undefined.

! Undefined control sequence.
l.304 ...there exists a nonzero vector $\bq \in \R
                                                  ^n$ such that $\bq^\top \m...
The control sequence at the end of the top line
of your error message was never \def'ed. If you have
misspelled it (e.g., `\hobx'), type `I' and the correct
spelling (e.g., `I\hbox'). Otherwise just continue,
and I'll forget about whatever was undefined.

! Undefined control sequence.
<recently read> \bq 
                    
l.304 ...zero vector $\bq \in \R^n$ such that $\bq
                                                  ^\top \mathcal{C} = \bzero...
The control sequence at the end of the top line
of your error message was never \def'ed. If you have
misspelled it (e.g., `\hobx'), type `I' and the correct
spelling (e.g., `I\hbox'). Otherwise just continue,
and I'll forget about whatever was undefined.

! Undefined control sequence.
l.304 ... such that $\bq^\top \mathcal{C} = \bzero
                                                  $. This means:
The control sequence at the end of the top line
of your error message was never \def'ed. If you have
misspelled it (e.g., `\hobx'), type `I' and the correct
spelling (e.g., `I\hbox'). Otherwise just continue,
and I'll forget about whatever was undefined.

! Undefined control sequence.
l.306 \bq
         ^\top \bA^k\bB = \bzero \quad \text{for } k = 0, 1, \ldots, n-1
The control sequence at the end of the top line
of your error message was never \def'ed. If you have
misspelled it (e.g., `\hobx'), type `I' and the correct
spelling (e.g., `I\hbox'). Otherwise just continue,
and I'll forget about whatever was undefined.

! Undefined control sequence.
l.306 \bq^\top \bA
                  ^k\bB = \bzero \quad \text{for } k = 0, 1, \ldots, n-1
The control sequence at the end of the top line
of your error message was never \def'ed. If you have
misspelled it (e.g., `\hobx'), type `I' and the correct
spelling (e.g., `I\hbox'). Otherwise just continue,
and I'll forget about whatever was undefined.

! Double superscript.
l.306 \bq^\top \bA^
                   k\bB = \bzero \quad \text{for } k = 0, 1, \ldots, n-1
I treat `x^1^2' essentially like `x^1{}^2'.

! Undefined control sequence.
l.306 \bq^\top \bA^k\bB
                        = \bzero \quad \text{for } k = 0, 1, \ldots, n-1
The control sequence at the end of the top line
of your error message was never \def'ed. If you have
misspelled it (e.g., `\hobx'), type `I' and the correct
spelling (e.g., `I\hbox'). Otherwise just continue,
and I'll forget about whatever was undefined.

! Undefined control sequence.
l.306 \bq^\top \bA^k\bB = \bzero
                                 \quad \text{for } k = 0, 1, \ldots, n-1
The control sequence at the end of the top line
of your error message was never \def'ed. If you have
misspelled it (e.g., `\hobx'), type `I' and the correct
spelling (e.g., `I\hbox'). Otherwise just continue,
and I'll forget about whatever was undefined.

! Undefined control sequence.
<recently read> \bA 
                    
l.310 By Cayley-Hamilton, $\bA
                              ^k$ for $k \geq n$ is a linear combination of ...
The control sequence at the end of the top line
of your error message was never \def'ed. If you have
misspelled it (e.g., `\hobx'), type `I' and the correct
spelling (e.g., `I\hbox'). Otherwise just continue,
and I'll forget about whatever was undefined.

! Undefined control sequence.
l.312 \bq
         ^\top \bA^k\bB = \bzero \quad \text{for all } k \geq 0
The control sequence at the end of the top line
of your error message was never \def'ed. If you have
misspelled it (e.g., `\hobx'), type `I' and the correct
spelling (e.g., `I\hbox'). Otherwise just continue,
and I'll forget about whatever was undefined.

! Undefined control sequence.
l.312 \bq^\top \bA
                  ^k\bB = \bzero \quad \text{for all } k \geq 0
The control sequence at the end of the top line
of your error message was never \def'ed. If you have
misspelled it (e.g., `\hobx'), type `I' and the correct
spelling (e.g., `I\hbox'). Otherwise just continue,
and I'll forget about whatever was undefined.

! Double superscript.
l.312 \bq^\top \bA^
                   k\bB = \bzero \quad \text{for all } k \geq 0
I treat `x^1^2' essentially like `x^1{}^2'.

! Undefined control sequence.
l.312 \bq^\top \bA^k\bB
                        = \bzero \quad \text{for all } k \geq 0
The control sequence at the end of the top line
of your error message was never \def'ed. If you have
misspelled it (e.g., `\hobx'), type `I' and the correct
spelling (e.g., `I\hbox'). Otherwise just continue,
and I'll forget about whatever was undefined.

! Undefined control sequence.
l.312 \bq^\top \bA^k\bB = \bzero
                                 \quad \text{for all } k \geq 0
The control sequence at the end of the top line
of your error message was never \def'ed. If you have
misspelled it (e.g., `\hobx'), type `I' and the correct
spelling (e.g., `I\hbox'). Otherwise just continue,
and I'll forget about whatever was undefined.

! Undefined control sequence.
l.317 \bx
         (t_f) = \int_0^{t_f} e^{\bA(t_f-\tau)}\bB\bu(\tau)\,d\tau
The control sequence at the end of the top line
of your error message was never \def'ed. If you have
misspelled it (e.g., `\hobx'), type `I' and the correct
spelling (e.g., `I\hbox'). Otherwise just continue,
and I'll forget about whatever was undefined.

! Undefined control sequence.
l.317 \bx(t_f) = \int_0^{t_f} e^{\bA
                                    (t_f-\tau)}\bB\bu(\tau)\,d\tau
The control sequence at the end of the top line
of your error message was never \def'ed. If you have
misspelled it (e.g., `\hobx'), type `I' and the correct
spelling (e.g., `I\hbox'). Otherwise just continue,
and I'll forget about whatever was undefined.

! Undefined control sequence.
l.317 \bx(t_f) = \int_0^{t_f} e^{\bA(t_f-\tau)}\bB
                                                  \bu(\tau)\,d\tau
The control sequence at the end of the top line
of your error message was never \def'ed. If you have
misspelled it (e.g., `\hobx'), type `I' and the correct
spelling (e.g., `I\hbox'). Otherwise just continue,
and I'll forget about whatever was undefined.

! Undefined control sequence.
l.317 ...f) = \int_0^{t_f} e^{\bA(t_f-\tau)}\bB\bu
                                                  (\tau)\,d\tau
The control sequence at the end of the top line
of your error message was never \def'ed. If you have
misspelled it (e.g., `\hobx'), type `I' and the correct
spelling (e.g., `I\hbox'). Otherwise just continue,
and I'll forget about whatever was undefined.

! Undefined control sequence.
<recently read> \bq 
                    
l.320 Taking the inner product with $\bq
                                        $:
The control sequence at the end of the top line
of your error message was never \def'ed. If you have
misspelled it (e.g., `\hobx'), type `I' and the correct
spelling (e.g., `I\hbox'). Otherwise just continue,
and I'll forget about whatever was undefined.

! Undefined control sequence.
<argument>  \bq 
                ^\top \bx (t_f) &= \int _0^{t_f} \bq ^\top e^{\bA (t_f-\tau ...
l.325 \end{align}
                 
The control sequence at the end of the top line
of your error message was never \def'ed. If you have
misspelled it (e.g., `\hobx'), type `I' and the correct
spelling (e.g., `I\hbox'). Otherwise just continue,
and I'll forget about whatever was undefined.

! Undefined control sequence.
<argument>  \bq ^\top \bx 
                          (t_f) &= \int _0^{t_f} \bq ^\top e^{\bA (t_f-\tau ...
l.325 \end{align}
                 
The control sequence at the end of the top line
of your error message was never \def'ed. If you have
misspelled it (e.g., `\hobx'), type `I' and the correct
spelling (e.g., `I\hbox'). Otherwise just continue,
and I'll forget about whatever was undefined.

! Undefined control sequence.
<argument> ...\top \bx (t_f) &= \int _0^{t_f} \bq 
                                                  ^\top e^{\bA (t_f-\tau )}\...
l.325 \end{align}
                 
The control sequence at the end of the top line
of your error message was never \def'ed. If you have
misspelled it (e.g., `\hobx'), type `I' and the correct
spelling (e.g., `I\hbox'). Otherwise just continue,
and I'll forget about whatever was undefined.

! Double superscript.
<argument> ...top \bx (t_f) &= \int _0^{t_f} \bq ^
                                                  \top e^{\bA (t_f-\tau )}\b...
l.325 \end{align}
                 
I treat `x^1^2' essentially like `x^1{}^2'.

! Undefined control sequence.
<argument> ...) &= \int _0^{t_f} \bq ^\top e^{\bA 
                                                  (t_f-\tau )}\bB \bu (\tau ...
l.325 \end{align}
                 
The control sequence at the end of the top line
of your error message was never \def'ed. If you have
misspelled it (e.g., `\hobx'), type `I' and the correct
spelling (e.g., `I\hbox'). Otherwise just continue,
and I'll forget about whatever was undefined.

! Undefined control sequence.
<argument> ...f} \bq ^\top e^{\bA (t_f-\tau )}\bB 
                                                  \bu (\tau )\,d\tau \\ &= \...
l.325 \end{align}
                 
The control sequence at the end of the top line
of your error message was never \def'ed. If you have
misspelled it (e.g., `\hobx'), type `I' and the correct
spelling (e.g., `I\hbox'). Otherwise just continue,
and I'll forget about whatever was undefined.

! Undefined control sequence.
<argument> ...bq ^\top e^{\bA (t_f-\tau )}\bB \bu 
                                                  (\tau )\,d\tau \\ &= \int ...
l.325 \end{align}
                 
The control sequence at the end of the top line
of your error message was never \def'ed. If you have
misspelled it (e.g., `\hobx'), type `I' and the correct
spelling (e.g., `I\hbox'). Otherwise just continue,
and I'll forget about whatever was undefined.

! Undefined control sequence.
<argument> ...nfty } \frac {(t_f-\tau )^k}{k!}\bq 
                                                  ^\top \bA ^k\bB \bu (\tau ...
l.325 \end{align}
                 
The control sequence at the end of the top line
of your error message was never \def'ed. If you have
misspelled it (e.g., `\hobx'), type `I' and the correct
spelling (e.g., `I\hbox'). Otherwise just continue,
and I'll forget about whatever was undefined.

! Undefined control sequence.
<argument> ...ac {(t_f-\tau )^k}{k!}\bq ^\top \bA 
                                                  ^k\bB \bu (\tau )\,d\tau \...
l.325 \end{align}
                 
The control sequence at the end of the top line
of your error message was never \def'ed. If you have
misspelled it (e.g., `\hobx'), type `I' and the correct
spelling (e.g., `I\hbox'). Otherwise just continue,
and I'll forget about whatever was undefined.

! Double superscript.
<argument> ...c {(t_f-\tau )^k}{k!}\bq ^\top \bA ^
                                                  k\bB \bu (\tau )\,d\tau \\...
l.325 \end{align}
                 
I treat `x^1^2' essentially like `x^1{}^2'.

! Undefined control sequence.
<argument> ..._f-\tau )^k}{k!}\bq ^\top \bA ^k\bB 
                                                  \bu (\tau )\,d\tau \\ &= 0 
l.325 \end{align}
                 
The control sequence at the end of the top line
of your error message was never \def'ed. If you have
misspelled it (e.g., `\hobx'), type `I' and the correct
spelling (e.g., `I\hbox'). Otherwise just continue,
and I'll forget about whatever was undefined.

! Undefined control sequence.
<argument> ...tau )^k}{k!}\bq ^\top \bA ^k\bB \bu 
                                                  (\tau )\,d\tau \\ &= 0 
l.325 \end{align}
                 
The control sequence at the end of the top line
of your error message was never \def'ed. If you have
misspelled it (e.g., `\hobx'), type `I' and the correct
spelling (e.g., `I\hbox'). Otherwise just continue,
and I'll forget about whatever was undefined.

! Undefined control sequence.
<argument>  \bq 
                ^\top \bx (t_f) &= \int _0^{t_f} \bq ^\top e^{\bA (t_f-\tau ...
l.325 \end{align}
                 
The control sequence at the end of the top line
of your error message was never \def'ed. If you have
misspelled it (e.g., `\hobx'), type `I' and the correct
spelling (e.g., `I\hbox'). Otherwise just continue,
and I'll forget about whatever was undefined.

! Undefined control sequence.
<argument>  \bq ^\top \bx 
                          (t_f) &= \int _0^{t_f} \bq ^\top e^{\bA (t_f-\tau ...
l.325 \end{align}
                 
The control sequence at the end of the top line
of your error message was never \def'ed. If you have
misspelled it (e.g., `\hobx'), type `I' and the correct
spelling (e.g., `I\hbox'). Otherwise just continue,
and I'll forget about whatever was undefined.

! Undefined control sequence.
<argument> ...\top \bx (t_f) &= \int _0^{t_f} \bq 
                                                  ^\top e^{\bA (t_f-\tau )}\...
l.325 \end{align}
                 
The control sequence at the end of the top line
of your error message was never \def'ed. If you have
misspelled it (e.g., `\hobx'), type `I' and the correct
spelling (e.g., `I\hbox'). Otherwise just continue,
and I'll forget about whatever was undefined.

! Double superscript.
<argument> ...top \bx (t_f) &= \int _0^{t_f} \bq ^
                                                  \top e^{\bA (t_f-\tau )}\b...
l.325 \end{align}
                 
I treat `x^1^2' essentially like `x^1{}^2'.

! Undefined control sequence.
<argument> ...) &= \int _0^{t_f} \bq ^\top e^{\bA 
                                                  (t_f-\tau )}\bB \bu (\tau ...
l.325 \end{align}
                 
The control sequence at the end of the top line
of your error message was never \def'ed. If you have
misspelled it (e.g., `\hobx'), type `I' and the correct
spelling (e.g., `I\hbox'). Otherwise just continue,
and I'll forget about whatever was undefined.

! Undefined control sequence.
<argument> ...f} \bq ^\top e^{\bA (t_f-\tau )}\bB 
                                                  \bu (\tau )\,d\tau \\ &= \...
l.325 \end{align}
                 
The control sequence at the end of the top line
of your error message was never \def'ed. If you have
misspelled it (e.g., `\hobx'), type `I' and the correct
spelling (e.g., `I\hbox'). Otherwise just continue,
and I'll forget about whatever was undefined.

! Undefined control sequence.
<argument> ...bq ^\top e^{\bA (t_f-\tau )}\bB \bu 
                                                  (\tau )\,d\tau \\ &= \int ...
l.325 \end{align}
                 
The control sequence at the end of the top line
of your error message was never \def'ed. If you have
misspelled it (e.g., `\hobx'), type `I' and the correct
spelling (e.g., `I\hbox'). Otherwise just continue,
and I'll forget about whatever was undefined.

! Undefined control sequence.
<argument> ...nfty } \frac {(t_f-\tau )^k}{k!}\bq 
                                                  ^\top \bA ^k\bB \bu (\tau ...
l.325 \end{align}
                 
The control sequence at the end of the top line
of your error message was never \def'ed. If you have
misspelled it (e.g., `\hobx'), type `I' and the correct
spelling (e.g., `I\hbox'). Otherwise just continue,
and I'll forget about whatever was undefined.

! Undefined control sequence.
<argument> ...ac {(t_f-\tau )^k}{k!}\bq ^\top \bA 
                                                  ^k\bB \bu (\tau )\,d\tau \...
l.325 \end{align}
                 
The control sequence at the end of the top line
of your error message was never \def'ed. If you have
misspelled it (e.g., `\hobx'), type `I' and the correct
spelling (e.g., `I\hbox'). Otherwise just continue,
and I'll forget about whatever was undefined.

! Double superscript.
<argument> ...c {(t_f-\tau )^k}{k!}\bq ^\top \bA ^
                                                  k\bB \bu (\tau )\,d\tau \\...
l.325 \end{align}
                 
I treat `x^1^2' essentially like `x^1{}^2'.

! Undefined control sequence.
<argument> ..._f-\tau )^k}{k!}\bq ^\top \bA ^k\bB 
                                                  \bu (\tau )\,d\tau \\ &= 0 
l.325 \end{align}
                 
The control sequence at the end of the top line
of your error message was never \def'ed. If you have
misspelled it (e.g., `\hobx'), type `I' and the correct
spelling (e.g., `I\hbox'). Otherwise just continue,
and I'll forget about whatever was undefined.

! Undefined control sequence.
<argument> ...tau )^k}{k!}\bq ^\top \bA ^k\bB \bu 
                                                  (\tau )\,d\tau \\ &= 0 
l.325 \end{align}
                 
The control sequence at the end of the top line
of your error message was never \def'ed. If you have
misspelled it (e.g., `\hobx'), type `I' and the correct
spelling (e.g., `I\hbox'). Otherwise just continue,
and I'll forget about whatever was undefined.

! Undefined control sequence.
<recently read> \bx 
                    
l.327 This shows that any reachable state $\bx
                                              (t_f)$ satisfies $\bq^\top\bx(...
The control sequence at the end of the top line
of your error message was never \def'ed. If you have
misspelled it (e.g., `\hobx'), type `I' and the correct
spelling (e.g., `I\hbox'). Otherwise just continue,
and I'll forget about whatever was undefined.

! Undefined control sequence.
<recently read> \bq 
                    
l.327 ...reachable state $\bx(t_f)$ satisfies $\bq
                                                  ^\top\bx(t_f) = 0$. Hence,...
The control sequence at the end of the top line
of your error message was never \def'ed. If you have
misspelled it (e.g., `\hobx'), type `I' and the correct
spelling (e.g., `I\hbox'). Otherwise just continue,
and I'll forget about whatever was undefined.

! Undefined control sequence.
l.327 ...e state $\bx(t_f)$ satisfies $\bq^\top\bx
                                                  (t_f) = 0$. Hence, any sta...
The control sequence at the end of the top line
of your error message was never \def'ed. If you have
misspelled it (e.g., `\hobx'), type `I' and the correct
spelling (e.g., `I\hbox'). Otherwise just continue,
and I'll forget about whatever was undefined.

! Undefined control sequence.
<recently read> \bx 
                    
l.327 ...^\top\bx(t_f) = 0$. Hence, any state $\bx
                                                  _f$ with $\bq^\top\bx_f \n...
The control sequence at the end of the top line
of your error message was never \def'ed. If you have
misspelled it (e.g., `\hobx'), type `I' and the correct
spelling (e.g., `I\hbox'). Otherwise just continue,
and I'll forget about whatever was undefined.

! Undefined control sequence.
<recently read> \bq 
                    
l.327 ... = 0$. Hence, any state $\bx_f$ with $\bq
                                                  ^\top\bx_f \neq 0$ is unre...
The control sequence at the end of the top line
of your error message was never \def'ed. If you have
misspelled it (e.g., `\hobx'), type `I' and the correct
spelling (e.g., `I\hbox'). Otherwise just continue,
and I'll forget about whatever was undefined.

! Undefined control sequence.
l.327 ...ence, any state $\bx_f$ with $\bq^\top\bx
                                                  _f \neq 0$ is unreachable ...
The control sequence at the end of the top line
of your error message was never \def'ed. If you have
misspelled it (e.g., `\hobx'), type `I' and the correct
spelling (e.g., `I\hbox'). Otherwise just continue,
and I'll forget about whatever was undefined.



[279]
! Undefined control sequence.
l.337 \bW
         _c(t_f) = \int_0^{t_f} e^{\bA\tau}\bB\bB^\top e^{\bA^\top\tau}\,d\tau
The control sequence at the end of the top line
of your error message was never \def'ed. If you have
misspelled it (e.g., `\hobx'), type `I' and the correct
spelling (e.g., `I\hbox'). Otherwise just continue,
and I'll forget about whatever was undefined.

! Undefined control sequence.
l.337 \bW_c(t_f) = \int_0^{t_f} e^{\bA
                                      \tau}\bB\bB^\top e^{\bA^\top\tau}\,d\tau
The control sequence at the end of the top line
of your error message was never \def'ed. If you have
misspelled it (e.g., `\hobx'), type `I' and the correct
spelling (e.g., `I\hbox'). Otherwise just continue,
and I'll forget about whatever was undefined.

! Undefined control sequence.
l.337 \bW_c(t_f) = \int_0^{t_f} e^{\bA\tau}\bB
                                              \bB^\top e^{\bA^\top\tau}\,d\tau
The control sequence at the end of the top line
of your error message was never \def'ed. If you have
misspelled it (e.g., `\hobx'), type `I' and the correct
spelling (e.g., `I\hbox'). Otherwise just continue,
and I'll forget about whatever was undefined.

! Undefined control sequence.
l.337 \bW_c(t_f) = \int_0^{t_f} e^{\bA\tau}\bB\bB
                                                 ^\top e^{\bA^\top\tau}\,d\tau
The control sequence at the end of the top line
of your error message was never \def'ed. If you have
misspelled it (e.g., `\hobx'), type `I' and the correct
spelling (e.g., `I\hbox'). Otherwise just continue,
and I'll forget about whatever was undefined.

! Double superscript.
l.337 \bW_c(t_f) = \int_0^{t_f} e^{\bA\tau}\bB\bB^
                                                  \top e^{\bA^\top\tau}\,d\tau
I treat `x^1^2' essentially like `x^1{}^2'.

! Undefined control sequence.
l.337 ...int_0^{t_f} e^{\bA\tau}\bB\bB^\top e^{\bA
                                                  ^\top\tau}\,d\tau
The control sequence at the end of the top line
of your error message was never \def'ed. If you have
misspelled it (e.g., `\hobx'), type `I' and the correct
spelling (e.g., `I\hbox'). Otherwise just continue,
and I'll forget about whatever was undefined.

! Undefined control sequence.
l.343 The system $(\bA
                      , \bB)$ is controllable if and only if $\bW_c(t_f)$ is...
The control sequence at the end of the top line
of your error message was never \def'ed. If you have
misspelled it (e.g., `\hobx'), type `I' and the correct
spelling (e.g., `I\hbox'). Otherwise just continue,
and I'll forget about whatever was undefined.

! Undefined control sequence.
l.343 The system $(\bA, \bB
                           )$ is controllable if and only if $\bW_c(t_f)$ is...
The control sequence at the end of the top line
of your error message was never \def'ed. If you have
misspelled it (e.g., `\hobx'), type `I' and the correct
spelling (e.g., `I\hbox'). Otherwise just continue,
and I'll forget about whatever was undefined.

! Undefined control sequence.
<recently read> \bW 
                    
l.343 ...\bB)$ is controllable if and only if $\bW
                                                  _c(t_f)$ is positive defin...
The control sequence at the end of the top line
of your error message was never \def'ed. If you have
misspelled it (e.g., `\hobx'), type `I' and the correct
spelling (e.g., `I\hbox'). Otherwise just continue,
and I'll forget about whatever was undefined.

! Undefined control sequence.
<recently read> \bx 
                    
l.346 ... want to drive the system from state $\bx
                                                  _0$ to state $\bx_f$ in ti...
The control sequence at the end of the top line
of your error message was never \def'ed. If you have
misspelled it (e.g., `\hobx'), type `I' and the correct
spelling (e.g., `I\hbox'). Otherwise just continue,
and I'll forget about whatever was undefined.

! Undefined control sequence.
<recently read> \bx 
                    
l.346 ...e system from state $\bx_0$ to state $\bx
                                                  _f$ in time $t_f$, the min...
The control sequence at the end of the top line
of your error message was never \def'ed. If you have
misspelled it (e.g., `\hobx'), type `I' and the correct
spelling (e.g., `I\hbox'). Otherwise just continue,
and I'll forget about whatever was undefined.

! Undefined control sequence.
l.348 \bu
         ^*(t) = \bB^\top e^{\bA^\top(t_f-t)}\bW_c^{-1}(t_f)\left(\bx_f - e^...
The control sequence at the end of the top line
of your error message was never \def'ed. If you have
misspelled it (e.g., `\hobx'), type `I' and the correct
spelling (e.g., `I\hbox'). Otherwise just continue,
and I'll forget about whatever was undefined.

! Undefined control sequence.
l.348 \bu^*(t) = \bB
                    ^\top e^{\bA^\top(t_f-t)}\bW_c^{-1}(t_f)\left(\bx_f - e^...
The control sequence at the end of the top line
of your error message was never \def'ed. If you have
misspelled it (e.g., `\hobx'), type `I' and the correct
spelling (e.g., `I\hbox'). Otherwise just continue,
and I'll forget about whatever was undefined.

! Undefined control sequence.
l.348 \bu^*(t) = \bB^\top e^{\bA
                                ^\top(t_f-t)}\bW_c^{-1}(t_f)\left(\bx_f - e^...
The control sequence at the end of the top line
of your error message was never \def'ed. If you have
misspelled it (e.g., `\hobx'), type `I' and the correct
spelling (e.g., `I\hbox'). Otherwise just continue,
and I'll forget about whatever was undefined.

! Undefined control sequence.
l.348 \bu^*(t) = \bB^\top e^{\bA^\top(t_f-t)}\bW
                                                _c^{-1}(t_f)\left(\bx_f - e^...
The control sequence at the end of the top line
of your error message was never \def'ed. If you have
misspelled it (e.g., `\hobx'), type `I' and the correct
spelling (e.g., `I\hbox'). Otherwise just continue,
and I'll forget about whatever was undefined.

! Double superscript.
l.348 ...*(t) = \bB^\top e^{\bA^\top(t_f-t)}\bW_c^
                                                  {-1}(t_f)\left(\bx_f - e^{...
I treat `x^1^2' essentially like `x^1{}^2'.

! Undefined control sequence.
l.348 ...{\bA^\top(t_f-t)}\bW_c^{-1}(t_f)\left(\bx
                                                  _f - e^{\bA t_f}\bx_0\right)
The control sequence at the end of the top line
of your error message was never \def'ed. If you have
misspelled it (e.g., `\hobx'), type `I' and the correct
spelling (e.g., `I\hbox'). Otherwise just continue,
and I'll forget about whatever was undefined.

! Undefined control sequence.
l.348 ..._f-t)}\bW_c^{-1}(t_f)\left(\bx_f - e^{\bA
                                                   t_f}\bx_0\right)
The control sequence at the end of the top line
of your error message was never \def'ed. If you have
misspelled it (e.g., `\hobx'), type `I' and the correct
spelling (e.g., `I\hbox'). Otherwise just continue,
and I'll forget about whatever was undefined.

! Undefined control sequence.
l.348 ...W_c^{-1}(t_f)\left(\bx_f - e^{\bA t_f}\bx
                                                  _0\right)
The control sequence at the end of the top line
of your error message was never \def'ed. If you have
misspelled it (e.g., `\hobx'), type `I' and the correct
spelling (e.g., `I\hbox'). Otherwise just continue,
and I'll forget about whatever was undefined.

! Undefined control sequence.
l.352 \int_0^{t_f} \|\bu
                        ^*(t)\|^2\,dt = \left(\bx_f - e^{\bA t_f}\bx_0\right...
The control sequence at the end of the top line
of your error message was never \def'ed. If you have
misspelled it (e.g., `\hobx'), type `I' and the correct
spelling (e.g., `I\hbox'). Otherwise just continue,
and I'll forget about whatever was undefined.

! Undefined control sequence.
l.352 \int_0^{t_f} \|\bu^*(t)\|^2\,dt = \left(\bx
                                                 _f - e^{\bA t_f}\bx_0\right...
The control sequence at the end of the top line
of your error message was never \def'ed. If you have
misspelled it (e.g., `\hobx'), type `I' and the correct
spelling (e.g., `I\hbox'). Otherwise just continue,
and I'll forget about whatever was undefined.

! Undefined control sequence.
l.352 ...\|\bu^*(t)\|^2\,dt = \left(\bx_f - e^{\bA
                                                   t_f}\bx_0\right)^\top\bW_...
The control sequence at the end of the top line
of your error message was never \def'ed. If you have
misspelled it (e.g., `\hobx'), type `I' and the correct
spelling (e.g., `I\hbox'). Otherwise just continue,
and I'll forget about whatever was undefined.

! Undefined control sequence.
l.352 ...t)\|^2\,dt = \left(\bx_f - e^{\bA t_f}\bx
                                                  _0\right)^\top\bW_c^{-1}(t...
The control sequence at the end of the top line
of your error message was never \def'ed. If you have
misspelled it (e.g., `\hobx'), type `I' and the correct
spelling (e.g., `I\hbox'). Otherwise just continue,
and I'll forget about whatever was undefined.

! Undefined control sequence.
l.352 ...t(\bx_f - e^{\bA t_f}\bx_0\right)^\top\bW
                                                  _c^{-1}(t_f)\left(\bx_f - ...
The control sequence at the end of the top line
of your error message was never \def'ed. If you have
misspelled it (e.g., `\hobx'), type `I' and the correct
spelling (e.g., `I\hbox'). Otherwise just continue,
and I'll forget about whatever was undefined.

! Double superscript.
l.352 ...bx_f - e^{\bA t_f}\bx_0\right)^\top\bW_c^
                                                  {-1}(t_f)\left(\bx_f - e^{...
I treat `x^1^2' essentially like `x^1{}^2'.

! Undefined control sequence.
l.352 ...\bx_0\right)^\top\bW_c^{-1}(t_f)\left(\bx
                                                  _f - e^{\bA t_f}\bx_0\right)
The control sequence at the end of the top line
of your error message was never \def'ed. If you have
misspelled it (e.g., `\hobx'), type `I' and the correct
spelling (e.g., `I\hbox'). Otherwise just continue,
and I'll forget about whatever was undefined.

! Undefined control sequence.
l.352 ...)^\top\bW_c^{-1}(t_f)\left(\bx_f - e^{\bA
                                                   t_f}\bx_0\right)
The control sequence at the end of the top line
of your error message was never \def'ed. If you have
misspelled it (e.g., `\hobx'), type `I' and the correct
spelling (e.g., `I\hbox'). Otherwise just continue,
and I'll forget about whatever was undefined.

! Undefined control sequence.
l.352 ...W_c^{-1}(t_f)\left(\bx_f - e^{\bA t_f}\bx
                                                  _0\right)
The control sequence at the end of the top line
of your error message was never \def'ed. If you have
misspelled it (e.g., `\hobx'), type `I' and the correct
spelling (e.g., `I\hbox'). Otherwise just continue,
and I'll forget about whatever was undefined.

! Undefined control sequence.
l.362 \bu
         (t) = -\bK\bx(t) + \br(t)
The control sequence at the end of the top line
of your error message was never \def'ed. If you have
misspelled it (e.g., `\hobx'), type `I' and the correct
spelling (e.g., `I\hbox'). Otherwise just continue,
and I'll forget about whatever was undefined.

! Undefined control sequence.
l.362 \bu(t) = -\bK
                   \bx(t) + \br(t)
The control sequence at the end of the top line
of your error message was never \def'ed. If you have
misspelled it (e.g., `\hobx'), type `I' and the correct
spelling (e.g., `I\hbox'). Otherwise just continue,
and I'll forget about whatever was undefined.

! Undefined control sequence.
l.362 \bu(t) = -\bK\bx
                      (t) + \br(t)
The control sequence at the end of the top line
of your error message was never \def'ed. If you have
misspelled it (e.g., `\hobx'), type `I' and the correct
spelling (e.g., `I\hbox'). Otherwise just continue,
and I'll forget about whatever was undefined.

! Undefined control sequence.
l.362 \bu(t) = -\bK\bx(t) + \br
                               (t)
The control sequence at the end of the top line
of your error message was never \def'ed. If you have
misspelled it (e.g., `\hobx'), type `I' and the correct
spelling (e.g., `I\hbox'). Otherwise just continue,
and I'll forget about whatever was undefined.

! Undefined control sequence.
<recently read> \bK 
                    
l.365 where $\bK
                 \in \R^{m \times n}$ is the feedback gain matrix and $\br(t...
The control sequence at the end of the top line
of your error message was never \def'ed. If you have
misspelled it (e.g., `\hobx'), type `I' and the correct
spelling (e.g., `I\hbox'). Otherwise just continue,
and I'll forget about whatever was undefined.

! Undefined control sequence.
l.365 where $\bK \in \R
                       ^{m \times n}$ is the feedback gain matrix and $\br(t...
The control sequence at the end of the top line
of your error message was never \def'ed. If you have
misspelled it (e.g., `\hobx'), type `I' and the correct
spelling (e.g., `I\hbox'). Otherwise just continue,
and I'll forget about whatever was undefined.

! Undefined control sequence.
<recently read> \br 
                    
l.365 ... n}$ is the feedback gain matrix and $\br
                                                  (t)$ is a reference input.
The control sequence at the end of the top line
of your error message was never \def'ed. If you have
misspelled it (e.g., `\hobx'), type `I' and the correct
spelling (e.g., `I\hbox'). Otherwise just continue,
and I'll forget about whatever was undefined.

! Undefined control sequence.
<recently read> \bx 
                    
l.373 \end{align}
                 
The control sequence at the end of the top line
of your error message was never \def'ed. If you have
misspelled it (e.g., `\hobx'), type `I' and the correct
spelling (e.g., `I\hbox'). Otherwise just continue,
and I'll forget about whatever was undefined.

! Undefined control sequence.
<argument> \bx 
               
l.373 \end{align}
                 
The control sequence at the end of the top line
of your error message was never \def'ed. If you have
misspelled it (e.g., `\hobx'), type `I' and the correct
spelling (e.g., `I\hbox'). Otherwise just continue,
and I'll forget about whatever was undefined.

! Undefined control sequence.
<argument>  \dot {\bx } &= \bA 
                               \bx + \bB (-\bK \bx + \br ) \\ &= (\bA - \bB ...
l.373 \end{align}
                 
The control sequence at the end of the top line
of your error message was never \def'ed. If you have
misspelled it (e.g., `\hobx'), type `I' and the correct
spelling (e.g., `I\hbox'). Otherwise just continue,
and I'll forget about whatever was undefined.

! Undefined control sequence.
<argument>  \dot {\bx } &= \bA \bx 
                                   + \bB (-\bK \bx + \br ) \\ &= (\bA - \bB ...
l.373 \end{align}
                 
The control sequence at the end of the top line
of your error message was never \def'ed. If you have
misspelled it (e.g., `\hobx'), type `I' and the correct
spelling (e.g., `I\hbox'). Otherwise just continue,
and I'll forget about whatever was undefined.

! Undefined control sequence.
<argument>  \dot {\bx } &= \bA \bx + \bB 
                                         (-\bK \bx + \br ) \\ &= (\bA - \bB ...
l.373 \end{align}
                 
The control sequence at the end of the top line
of your error message was never \def'ed. If you have
misspelled it (e.g., `\hobx'), type `I' and the correct
spelling (e.g., `I\hbox'). Otherwise just continue,
and I'll forget about whatever was undefined.

! Undefined control sequence.
<argument>  \dot {\bx } &= \bA \bx + \bB (-\bK 
                                               \bx + \br ) \\ &= (\bA - \bB ...
l.373 \end{align}
                 
The control sequence at the end of the top line
of your error message was never \def'ed. If you have
misspelled it (e.g., `\hobx'), type `I' and the correct
spelling (e.g., `I\hbox'). Otherwise just continue,
and I'll forget about whatever was undefined.

! Undefined control sequence.
<argument> ...t {\bx } &= \bA \bx + \bB (-\bK \bx 
                                                  + \br ) \\ &= (\bA - \bB \...
l.373 \end{align}
                 
The control sequence at the end of the top line
of your error message was never \def'ed. If you have
misspelled it (e.g., `\hobx'), type `I' and the correct
spelling (e.g., `I\hbox'). Otherwise just continue,
and I'll forget about whatever was undefined.

! Undefined control sequence.
<argument> ... } &= \bA \bx + \bB (-\bK \bx + \br 
                                                  ) \\ &= (\bA - \bB \bK )\b...
l.373 \end{align}
                 
The control sequence at the end of the top line
of your error message was never \def'ed. If you have
misspelled it (e.g., `\hobx'), type `I' and the correct
spelling (e.g., `I\hbox'). Otherwise just continue,
and I'll forget about whatever was undefined.

! Undefined control sequence.
<argument> ... + \bB (-\bK \bx + \br ) \\ &= (\bA 
                                                  - \bB \bK )\bx + \bB \br \...
l.373 \end{align}
                 
The control sequence at the end of the top line
of your error message was never \def'ed. If you have
misspelled it (e.g., `\hobx'), type `I' and the correct
spelling (e.g., `I\hbox'). Otherwise just continue,
and I'll forget about whatever was undefined.

! Undefined control sequence.
<argument> ... (-\bK \bx + \br ) \\ &= (\bA - \bB 
                                                  \bK )\bx + \bB \br \label ...
l.373 \end{align}
                 
The control sequence at the end of the top line
of your error message was never \def'ed. If you have
misspelled it (e.g., `\hobx'), type `I' and the correct
spelling (e.g., `I\hbox'). Otherwise just continue,
and I'll forget about whatever was undefined.

! Undefined control sequence.
<argument> ...bK \bx + \br ) \\ &= (\bA - \bB \bK 
                                                  )\bx + \bB \br \label {eq:...
l.373 \end{align}
                 
The control sequence at the end of the top line
of your error message was never \def'ed. If you have
misspelled it (e.g., `\hobx'), type `I' and the correct
spelling (e.g., `I\hbox'). Otherwise just continue,
and I'll forget about whatever was undefined.

! Undefined control sequence.
<argument> ...x + \br ) \\ &= (\bA - \bB \bK )\bx 
                                                  + \bB \br \label {eq:close...
l.373 \end{align}
                 
The control sequence at the end of the top line
of your error message was never \def'ed. If you have
misspelled it (e.g., `\hobx'), type `I' and the correct
spelling (e.g., `I\hbox'). Otherwise just continue,
and I'll forget about whatever was undefined.

! Undefined control sequence.
<argument> ...r ) \\ &= (\bA - \bB \bK )\bx + \bB 
                                                  \br \label {eq:closed_loop} 
l.373 \end{align}
                 
The control sequence at the end of the top line
of your error message was never \def'ed. If you have
misspelled it (e.g., `\hobx'), type `I' and the correct
spelling (e.g., `I\hbox'). Otherwise just continue,
and I'll forget about whatever was undefined.

! Undefined control sequence.
<argument> ...\\ &= (\bA - \bB \bK )\bx + \bB \br 
                                                  \label {eq:closed_loop} 
l.373 \end{align}
                 
The control sequence at the end of the top line
of your error message was never \def'ed. If you have
misspelled it (e.g., `\hobx'), type `I' and the correct
spelling (e.g., `I\hbox'). Otherwise just continue,
and I'll forget about whatever was undefined.

! Undefined control sequence.
<recently read> \bx 
                    
l.373 \end{align}
                 
The control sequence at the end of the top line
of your error message was never \def'ed. If you have
misspelled it (e.g., `\hobx'), type `I' and the correct
spelling (e.g., `I\hbox'). Otherwise just continue,
and I'll forget about whatever was undefined.

! Undefined control sequence.
<argument> \bx 
               
l.373 \end{align}
                 
The control sequence at the end of the top line
of your error message was never \def'ed. If you have
misspelled it (e.g., `\hobx'), type `I' and the correct
spelling (e.g., `I\hbox'). Otherwise just continue,
and I'll forget about whatever was undefined.

! Undefined control sequence.
<argument>  \dot {\bx } &= \bA 
                               \bx + \bB (-\bK \bx + \br ) \\ &= (\bA - \bB ...
l.373 \end{align}
                 
The control sequence at the end of the top line
of your error message was never \def'ed. If you have
misspelled it (e.g., `\hobx'), type `I' and the correct
spelling (e.g., `I\hbox'). Otherwise just continue,
and I'll forget about whatever was undefined.

! Undefined control sequence.
<argument>  \dot {\bx } &= \bA \bx 
                                   + \bB (-\bK \bx + \br ) \\ &= (\bA - \bB ...
l.373 \end{align}
                 
The control sequence at the end of the top line
of your error message was never \def'ed. If you have
misspelled it (e.g., `\hobx'), type `I' and the correct
spelling (e.g., `I\hbox'). Otherwise just continue,
and I'll forget about whatever was undefined.

! Undefined control sequence.
<argument>  \dot {\bx } &= \bA \bx + \bB 
                                         (-\bK \bx + \br ) \\ &= (\bA - \bB ...
l.373 \end{align}
                 
The control sequence at the end of the top line
of your error message was never \def'ed. If you have
misspelled it (e.g., `\hobx'), type `I' and the correct
spelling (e.g., `I\hbox'). Otherwise just continue,
and I'll forget about whatever was undefined.

! Undefined control sequence.
<argument>  \dot {\bx } &= \bA \bx + \bB (-\bK 
                                               \bx + \br ) \\ &= (\bA - \bB ...
l.373 \end{align}
                 
The control sequence at the end of the top line
of your error message was never \def'ed. If you have
misspelled it (e.g., `\hobx'), type `I' and the correct
spelling (e.g., `I\hbox'). Otherwise just continue,
and I'll forget about whatever was undefined.

! Undefined control sequence.
<argument> ...t {\bx } &= \bA \bx + \bB (-\bK \bx 
                                                  + \br ) \\ &= (\bA - \bB \...
l.373 \end{align}
                 
The control sequence at the end of the top line
of your error message was never \def'ed. If you have
misspelled it (e.g., `\hobx'), type `I' and the correct
spelling (e.g., `I\hbox'). Otherwise just continue,
and I'll forget about whatever was undefined.

! Undefined control sequence.
<argument> ... } &= \bA \bx + \bB (-\bK \bx + \br 
                                                  ) \\ &= (\bA - \bB \bK )\b...
l.373 \end{align}
                 
The control sequence at the end of the top line
of your error message was never \def'ed. If you have
misspelled it (e.g., `\hobx'), type `I' and the correct
spelling (e.g., `I\hbox'). Otherwise just continue,
and I'll forget about whatever was undefined.

! Undefined control sequence.
<argument> ... + \bB (-\bK \bx + \br ) \\ &= (\bA 
                                                  - \bB \bK )\bx + \bB \br \...
l.373 \end{align}
                 
The control sequence at the end of the top line
of your error message was never \def'ed. If you have
misspelled it (e.g., `\hobx'), type `I' and the correct
spelling (e.g., `I\hbox'). Otherwise just continue,
and I'll forget about whatever was undefined.

! Undefined control sequence.
<argument> ... (-\bK \bx + \br ) \\ &= (\bA - \bB 
                                                  \bK )\bx + \bB \br \label ...
l.373 \end{align}
                 
The control sequence at the end of the top line
of your error message was never \def'ed. If you have
misspelled it (e.g., `\hobx'), type `I' and the correct
spelling (e.g., `I\hbox'). Otherwise just continue,
and I'll forget about whatever was undefined.

! Undefined control sequence.
<argument> ...bK \bx + \br ) \\ &= (\bA - \bB \bK 
                                                  )\bx + \bB \br \label {eq:...
l.373 \end{align}
                 
The control sequence at the end of the top line
of your error message was never \def'ed. If you have
misspelled it (e.g., `\hobx'), type `I' and the correct
spelling (e.g., `I\hbox'). Otherwise just continue,
and I'll forget about whatever was undefined.

! Undefined control sequence.
<argument> ...x + \br ) \\ &= (\bA - \bB \bK )\bx 
                                                  + \bB \br \label {eq:close...
l.373 \end{align}
                 
The control sequence at the end of the top line
of your error message was never \def'ed. If you have
misspelled it (e.g., `\hobx'), type `I' and the correct
spelling (e.g., `I\hbox'). Otherwise just continue,
and I'll forget about whatever was undefined.

! Undefined control sequence.
<argument> ...r ) \\ &= (\bA - \bB \bK )\bx + \bB 
                                                  \br \label {eq:closed_loop} 
l.373 \end{align}
                 
The control sequence at the end of the top line
of your error message was never \def'ed. If you have
misspelled it (e.g., `\hobx'), type `I' and the correct
spelling (e.g., `I\hbox'). Otherwise just continue,
and I'll forget about whatever was undefined.

! Undefined control sequence.
<argument> ...\\ &= (\bA - \bB \bK )\bx + \bB \br 
                                                  \label {eq:closed_loop} 
l.373 \end{align}
                 
The control sequence at the end of the top line
of your error message was never \def'ed. If you have
misspelled it (e.g., `\hobx'), type `I' and the correct
spelling (e.g., `I\hbox'). Otherwise just continue,
and I'll forget about whatever was undefined.

! Undefined control sequence.
<recently read> \bA 
                    
l.375 ...osed-loop system has dynamics matrix $\bA
                                                  _{cl} = \bA - \bB\bK$. The...
The control sequence at the end of the top line
of your error message was never \def'ed. If you have
misspelled it (e.g., `\hobx'), type `I' and the correct
spelling (e.g., `I\hbox'). Otherwise just continue,
and I'll forget about whatever was undefined.

! Undefined control sequence.
l.375 ...ystem has dynamics matrix $\bA_{cl} = \bA
                                                   - \bB\bK$. The key insigh...
The control sequence at the end of the top line
of your error message was never \def'ed. If you have
misspelled it (e.g., `\hobx'), type `I' and the correct
spelling (e.g., `I\hbox'). Otherwise just continue,
and I'll forget about whatever was undefined.

! Undefined control sequence.
l.375 ...has dynamics matrix $\bA_{cl} = \bA - \bB
                                                  \bK$. The key insight is t...
The control sequence at the end of the top line
of your error message was never \def'ed. If you have
misspelled it (e.g., `\hobx'), type `I' and the correct
spelling (e.g., `I\hbox'). Otherwise just continue,
and I'll forget about whatever was undefined.

! Undefined control sequence.
l.375 ... dynamics matrix $\bA_{cl} = \bA - \bB\bK
                                                  $. The key insight is that...
The control sequence at the end of the top line
of your error message was never \def'ed. If you have
misspelled it (e.g., `\hobx'), type `I' and the correct
spelling (e.g., `I\hbox'). Otherwise just continue,
and I'll forget about whatever was undefined.

! Undefined control sequence.
<recently read> \bK 
                    
l.375 ...key insight is that proper choice of $\bK
                                                  $ can place the eigenvalue...
The control sequence at the end of the top line
of your error message was never \def'ed. If you have
misspelled it (e.g., `\hobx'), type `I' and the correct
spelling (e.g., `I\hbox'). Otherwise just continue,
and I'll forget about whatever was undefined.

! Undefined control sequence.
<recently read> \bA 
                    
l.375 ...f $\bK$ can place the eigenvalues of $\bA
                                                  _{cl}$ at any desired loca...
The control sequence at the end of the top line
of your error message was never \def'ed. If you have
misspelled it (e.g., `\hobx'), type `I' and the correct
spelling (e.g., `I\hbox'). Otherwise just continue,
and I'll forget about whatever was undefined.

! Undefined control sequence.
<recently read> \bx 
                    
l.381 ... minimum width=1.5cm] (plant) {$\dot{\bx}
                                                   = \bA\bx + \bB\bu$};
The control sequence at the end of the top line
of your error message was never \def'ed. If you have
misspelled it (e.g., `\hobx'), type `I' and the correct
spelling (e.g., `I\hbox'). Otherwise just continue,
and I'll forget about whatever was undefined.

! Undefined control sequence.
<argument> \bx 
               
l.381 ... minimum width=1.5cm] (plant) {$\dot{\bx}
                                                   = \bA\bx + \bB\bu$};
The control sequence at the end of the top line
of your error message was never \def'ed. If you have
misspelled it (e.g., `\hobx'), type `I' and the correct
spelling (e.g., `I\hbox'). Otherwise just continue,
and I'll forget about whatever was undefined.

! Undefined control sequence.
l.381 ...um width=1.5cm] (plant) {$\dot{\bx} = \bA
                                                  \bx + \bB\bu$};
The control sequence at the end of the top line
of your error message was never \def'ed. If you have
misspelled it (e.g., `\hobx'), type `I' and the correct
spelling (e.g., `I\hbox'). Otherwise just continue,
and I'll forget about whatever was undefined.

! Undefined control sequence.
l.381 ...width=1.5cm] (plant) {$\dot{\bx} = \bA\bx
                                                   + \bB\bu$};
The control sequence at the end of the top line
of your error message was never \def'ed. If you have
misspelled it (e.g., `\hobx'), type `I' and the correct
spelling (e.g., `I\hbox'). Otherwise just continue,
and I'll forget about whatever was undefined.

! Undefined control sequence.
l.381 ...1.5cm] (plant) {$\dot{\bx} = \bA\bx + \bB
                                                  \bu$};
The control sequence at the end of the top line
of your error message was never \def'ed. If you have
misspelled it (e.g., `\hobx'), type `I' and the correct
spelling (e.g., `I\hbox'). Otherwise just continue,
and I'll forget about whatever was undefined.

! Undefined control sequence.
l.381 ...cm] (plant) {$\dot{\bx} = \bA\bx + \bB\bu
                                                  $};
The control sequence at the end of the top line
of your error message was never \def'ed. If you have
misspelled it (e.g., `\hobx'), type `I' and the correct
spelling (e.g., `I\hbox'). Otherwise just continue,
and I'll forget about whatever was undefined.

! Undefined control sequence.
l.382 ...h=1.2cm, below=1.5cm of plant] (K) {$-\bK
                                                  $};
The control sequence at the end of the top line
of your error message was never \def'ed. If you have
misspelled it (e.g., `\hobx'), type `I' and the correct
spelling (e.g., `I\hbox'). Otherwise just continue,
and I'll forget about whatever was undefined.

! Undefined control sequence.
<recently read> \br 
                    
l.386     \node [left=1.5cm of sum] (input) {$\br
                                                 $};
The control sequence at the end of the top line
of your error message was never \def'ed. If you have
misspelled it (e.g., `\hobx'), type `I' and the correct
spelling (e.g., `I\hbox'). Otherwise just continue,
and I'll forget about whatever was undefined.

! Undefined control sequence.
<recently read> \bu 
                    
l.393 ...) -- node[pos=0.5, above] {$\bu$} (plant)
                                                  ;
The control sequence at the end of the top line
of your error message was never \def'ed. If you have
misspelled it (e.g., `\hobx'), type `I' and the correct
spelling (e.g., `I\hbox'). Otherwise just continue,
and I'll forget about whatever was undefined.

! Undefined control sequence.
<recently read> \bx 
                    
l.394 ...[name=x, pos=0.5, above] {$\bx$} (output)
                                                  ;
The control sequence at the end of the top line
of your error message was never \def'ed. If you have
misspelled it (e.g., `\hobx'), type `I' and the correct
spelling (e.g., `I\hbox'). Otherwise just continue,
and I'll forget about whatever was undefined.

! Undefined control sequence.
<argument> ... architecture. The gain matrix $\bK 
                                                  $ feeds back the full stat...
l.401 ... $\dot{\bx} = (\bA-\bB\bK)\bx + \bB\br$.}
                                                  
The control sequence at the end of the top line
of your error message was never \def'ed. If you have
misspelled it (e.g., `\hobx'), type `I' and the correct
spelling (e.g., `I\hbox'). Otherwise just continue,
and I'll forget about whatever was undefined.

! Undefined control sequence.
<argument> ... in closed-loop dynamics $\dot {\bx 
                                                  } = (\bA -\bB \bK )\bx + \...
l.401 ... $\dot{\bx} = (\bA-\bB\bK)\bx + \bB\br$.}
                                                  
The control sequence at the end of the top line
of your error message was never \def'ed. If you have
misspelled it (e.g., `\hobx'), type `I' and the correct
spelling (e.g., `I\hbox'). Otherwise just continue,
and I'll forget about whatever was undefined.

! Undefined control sequence.
<argument> ...d-loop dynamics $\dot {\bx } = (\bA 
                                                  -\bB \bK )\bx + \bB \br $....
l.401 ... $\dot{\bx} = (\bA-\bB\bK)\bx + \bB\br$.}
                                                  
The control sequence at the end of the top line
of your error message was never \def'ed. If you have
misspelled it (e.g., `\hobx'), type `I' and the correct
spelling (e.g., `I\hbox'). Otherwise just continue,
and I'll forget about whatever was undefined.

! Undefined control sequence.
<argument> ...p dynamics $\dot {\bx } = (\bA -\bB 
                                                  \bK )\bx + \bB \br $.}}{\t...
l.401 ... $\dot{\bx} = (\bA-\bB\bK)\bx + \bB\br$.}
                                                  
The control sequence at the end of the top line
of your error message was never \def'ed. If you have
misspelled it (e.g., `\hobx'), type `I' and the correct
spelling (e.g., `I\hbox'). Otherwise just continue,
and I'll forget about whatever was undefined.

! Undefined control sequence.
<argument> ...namics $\dot {\bx } = (\bA -\bB \bK 
                                                  )\bx + \bB \br $.}}{\thepa...
l.401 ... $\dot{\bx} = (\bA-\bB\bK)\bx + \bB\br$.}
                                                  
The control sequence at the end of the top line
of your error message was never \def'ed. If you have
misspelled it (e.g., `\hobx'), type `I' and the correct
spelling (e.g., `I\hbox'). Otherwise just continue,
and I'll forget about whatever was undefined.

! Undefined control sequence.
<argument> ...s $\dot {\bx } = (\bA -\bB \bK )\bx 
                                                  + \bB \br $.}}{\thepage }{...
l.401 ... $\dot{\bx} = (\bA-\bB\bK)\bx + \bB\br$.}
                                                  
The control sequence at the end of the top line
of your error message was never \def'ed. If you have
misspelled it (e.g., `\hobx'), type `I' and the correct
spelling (e.g., `I\hbox'). Otherwise just continue,
and I'll forget about whatever was undefined.

! Undefined control sequence.
<argument> ...t {\bx } = (\bA -\bB \bK )\bx + \bB 
                                                  \br $.}}{\thepage }{\@curr...
l.401 ... $\dot{\bx} = (\bA-\bB\bK)\bx + \bB\br$.}
                                                  
The control sequence at the end of the top line
of your error message was never \def'ed. If you have
misspelled it (e.g., `\hobx'), type `I' and the correct
spelling (e.g., `I\hbox'). Otherwise just continue,
and I'll forget about whatever was undefined.

! Undefined control sequence.
<argument> ...bx } = (\bA -\bB \bK )\bx + \bB \br 
                                                  $.}}{\thepage }{\@currentH...
l.401 ... $\dot{\bx} = (\bA-\bB\bK)\bx + \bB\br$.}
                                                  
The control sequence at the end of the top line
of your error message was never \def'ed. If you have
misspelled it (e.g., `\hobx'), type `I' and the correct
spelling (e.g., `I\hbox'). Otherwise just continue,
and I'll forget about whatever was undefined.

! Undefined control sequence.
<recently read> \bK 
                    
l.401 ... $\dot{\bx} = (\bA-\bB\bK)\bx + \bB\br$.}
                                                  
The control sequence at the end of the top line
of your error message was never \def'ed. If you have
misspelled it (e.g., `\hobx'), type `I' and the correct
spelling (e.g., `I\hbox'). Otherwise just continue,
and I'll forget about whatever was undefined.

! Undefined control sequence.
<recently read> \bx 
                    
l.401 ... $\dot{\bx} = (\bA-\bB\bK)\bx + \bB\br$.}
                                                  
The control sequence at the end of the top line
of your error message was never \def'ed. If you have
misspelled it (e.g., `\hobx'), type `I' and the correct
spelling (e.g., `I\hbox'). Otherwise just continue,
and I'll forget about whatever was undefined.

! Undefined control sequence.
<argument> \bx 
               
l.401 ... $\dot{\bx} = (\bA-\bB\bK)\bx + \bB\br$.}
                                                  
The control sequence at the end of the top line
of your error message was never \def'ed. If you have
misspelled it (e.g., `\hobx'), type `I' and the correct
spelling (e.g., `I\hbox'). Otherwise just continue,
and I'll forget about whatever was undefined.

! Undefined control sequence.
<argument> ...d-loop dynamics $\dot {\bx } = (\bA 
                                                  -\bB \bK )\bx + \bB \br $....
l.401 ... $\dot{\bx} = (\bA-\bB\bK)\bx + \bB\br$.}
                                                  
The control sequence at the end of the top line
of your error message was never \def'ed. If you have
misspelled it (e.g., `\hobx'), type `I' and the correct
spelling (e.g., `I\hbox'). Otherwise just continue,
and I'll forget about whatever was undefined.

! Undefined control sequence.
<argument> ...p dynamics $\dot {\bx } = (\bA -\bB 
                                                  \bK )\bx + \bB \br $.\fi \...
l.401 ... $\dot{\bx} = (\bA-\bB\bK)\bx + \bB\br$.}
                                                  
The control sequence at the end of the top line
of your error message was never \def'ed. If you have
misspelled it (e.g., `\hobx'), type `I' and the correct
spelling (e.g., `I\hbox'). Otherwise just continue,
and I'll forget about whatever was undefined.

! Undefined control sequence.
<argument> ...namics $\dot {\bx } = (\bA -\bB \bK 
                                                  )\bx + \bB \br $.\fi \IfFo...
l.401 ... $\dot{\bx} = (\bA-\bB\bK)\bx + \bB\br$.}
                                                  
The control sequence at the end of the top line
of your error message was never \def'ed. If you have
misspelled it (e.g., `\hobx'), type `I' and the correct
spelling (e.g., `I\hbox'). Otherwise just continue,
and I'll forget about whatever was undefined.

! Undefined control sequence.
<argument> ...s $\dot {\bx } = (\bA -\bB \bK )\bx 
                                                  + \bB \br $.\fi \IfFormatA...
l.401 ... $\dot{\bx} = (\bA-\bB\bK)\bx + \bB\br$.}
                                                  
The control sequence at the end of the top line
of your error message was never \def'ed. If you have
misspelled it (e.g., `\hobx'), type `I' and the correct
spelling (e.g., `I\hbox'). Otherwise just continue,
and I'll forget about whatever was undefined.

! Undefined control sequence.
<argument> ...t {\bx } = (\bA -\bB \bK )\bx + \bB 
                                                  \br $.\fi \IfFormatAtLeast...
l.401 ... $\dot{\bx} = (\bA-\bB\bK)\bx + \bB\br$.}
                                                  
The control sequence at the end of the top line
of your error message was never \def'ed. If you have
misspelled it (e.g., `\hobx'), type `I' and the correct
spelling (e.g., `I\hbox'). Otherwise just continue,
and I'll forget about whatever was undefined.

! Undefined control sequence.
<argument> ...bx } = (\bA -\bB \bK )\bx + \bB \br 
                                                  $.\fi \IfFormatAtLeastTF {...
l.401 ... $\dot{\bx} = (\bA-\bB\bK)\bx + \bB\br$.}
                                                  
The control sequence at the end of the top line
of your error message was never \def'ed. If you have
misspelled it (e.g., `\hobx'), type `I' and the correct
spelling (e.g., `I\hbox'). Otherwise just continue,
and I'll forget about whatever was undefined.

! Undefined control sequence.
<recently read> \bK 
                    
l.401 ... $\dot{\bx} = (\bA-\bB\bK)\bx + \bB\br$.}
                                                  
The control sequence at the end of the top line
of your error message was never \def'ed. If you have
misspelled it (e.g., `\hobx'), type `I' and the correct
spelling (e.g., `I\hbox'). Otherwise just continue,
and I'll forget about whatever was undefined.

! Undefined control sequence.
<recently read> \bx 
                    
l.401 ... $\dot{\bx} = (\bA-\bB\bK)\bx + \bB\br$.}
                                                  
The control sequence at the end of the top line
of your error message was never \def'ed. If you have
misspelled it (e.g., `\hobx'), type `I' and the correct
spelling (e.g., `I\hbox'). Otherwise just continue,
and I'll forget about whatever was undefined.

! Undefined control sequence.
<argument> \bx 
               
l.401 ... $\dot{\bx} = (\bA-\bB\bK)\bx + \bB\br$.}
                                                  
The control sequence at the end of the top line
of your error message was never \def'ed. If you have
misspelled it (e.g., `\hobx'), type `I' and the correct
spelling (e.g., `I\hbox'). Otherwise just continue,
and I'll forget about whatever was undefined.

! Undefined control sequence.
<argument> ...d-loop dynamics $\dot {\bx } = (\bA 
                                                  -\bB \bK )\bx + \bB \br $....
l.401 ... $\dot{\bx} = (\bA-\bB\bK)\bx + \bB\br$.}
                                                  
The control sequence at the end of the top line
of your error message was never \def'ed. If you have
misspelled it (e.g., `\hobx'), type `I' and the correct
spelling (e.g., `I\hbox'). Otherwise just continue,
and I'll forget about whatever was undefined.

! Undefined control sequence.
<argument> ...p dynamics $\dot {\bx } = (\bA -\bB 
                                                  \bK )\bx + \bB \br $.\fi \...
l.401 ... $\dot{\bx} = (\bA-\bB\bK)\bx + \bB\br$.}
                                                  
The control sequence at the end of the top line
of your error message was never \def'ed. If you have
misspelled it (e.g., `\hobx'), type `I' and the correct
spelling (e.g., `I\hbox'). Otherwise just continue,
and I'll forget about whatever was undefined.

! Undefined control sequence.
<argument> ...namics $\dot {\bx } = (\bA -\bB \bK 
                                                  )\bx + \bB \br $.\fi \IfFo...
l.401 ... $\dot{\bx} = (\bA-\bB\bK)\bx + \bB\br$.}
                                                  
The control sequence at the end of the top line
of your error message was never \def'ed. If you have
misspelled it (e.g., `\hobx'), type `I' and the correct
spelling (e.g., `I\hbox'). Otherwise just continue,
and I'll forget about whatever was undefined.

! Undefined control sequence.
<argument> ...s $\dot {\bx } = (\bA -\bB \bK )\bx 
                                                  + \bB \br $.\fi \IfFormatA...
l.401 ... $\dot{\bx} = (\bA-\bB\bK)\bx + \bB\br$.}
                                                  
The control sequence at the end of the top line
of your error message was never \def'ed. If you have
misspelled it (e.g., `\hobx'), type `I' and the correct
spelling (e.g., `I\hbox'). Otherwise just continue,
and I'll forget about whatever was undefined.

! Undefined control sequence.
<argument> ...t {\bx } = (\bA -\bB \bK )\bx + \bB 
                                                  \br $.\fi \IfFormatAtLeast...
l.401 ... $\dot{\bx} = (\bA-\bB\bK)\bx + \bB\br$.}
                                                  
The control sequence at the end of the top line
of your error message was never \def'ed. If you have
misspelled it (e.g., `\hobx'), type `I' and the correct
spelling (e.g., `I\hbox'). Otherwise just continue,
and I'll forget about whatever was undefined.

! Undefined control sequence.
<argument> ...bx } = (\bA -\bB \bK )\bx + \bB \br 
                                                  $.\fi \IfFormatAtLeastTF {...
l.401 ... $\dot{\bx} = (\bA-\bB\bK)\bx + \bB\br$.}
                                                  
The control sequence at the end of the top line
of your error message was never \def'ed. If you have
misspelled it (e.g., `\hobx'), type `I' and the correct
spelling (e.g., `I\hbox'). Otherwise just continue,
and I'll forget about whatever was undefined.

! Undefined control sequence.
l.409 If the system $(\bA
                         , \bB)$ is controllable, then for any set of $n$ co...
The control sequence at the end of the top line
of your error message was never \def'ed. If you have
misspelled it (e.g., `\hobx'), type `I' and the correct
spelling (e.g., `I\hbox'). Otherwise just continue,
and I'll forget about whatever was undefined.

! Undefined control sequence.
l.409 If the system $(\bA, \bB
                              )$ is controllable, then for any set of $n$ co...
The control sequence at the end of the top line
of your error message was never \def'ed. If you have
misspelled it (e.g., `\hobx'), type `I' and the correct
spelling (e.g., `I\hbox'). Otherwise just continue,
and I'll forget about whatever was undefined.

! Undefined control sequence.
<recently read> \bK 
                    
l.409 ... conjugation), there exists a matrix $\bK
                                                   \in \R^{m \times n}$ such...
The control sequence at the end of the top line
of your error message was never \def'ed. If you have
misspelled it (e.g., `\hobx'), type `I' and the correct
spelling (e.g., `I\hbox'). Otherwise just continue,
and I'll forget about whatever was undefined.

! Undefined control sequence.
l.409 ...ation), there exists a matrix $\bK \in \R
                                                  ^{m \times n}$ such that:
The control sequence at the end of the top line
of your error message was never \def'ed. If you have
misspelled it (e.g., `\hobx'), type `I' and the correct
spelling (e.g., `I\hbox'). Otherwise just continue,
and I'll forget about whatever was undefined.

! Undefined control sequence.
l.411 \eig
          (\bA - \bB\bK) = \{p_1, p_2, \ldots, p_n\}
The control sequence at the end of the top line
of your error message was never \def'ed. If you have
misspelled it (e.g., `\hobx'), type `I' and the correct
spelling (e.g., `I\hbox'). Otherwise just continue,
and I'll forget about whatever was undefined.

! Undefined control sequence.
l.411 \eig(\bA
               - \bB\bK) = \{p_1, p_2, \ldots, p_n\}
The control sequence at the end of the top line
of your error message was never \def'ed. If you have
misspelled it (e.g., `\hobx'), type `I' and the correct
spelling (e.g., `I\hbox'). Otherwise just continue,
and I'll forget about whatever was undefined.

! Undefined control sequence.
l.411 \eig(\bA - \bB
                    \bK) = \{p_1, p_2, \ldots, p_n\}
The control sequence at the end of the top line
of your error message was never \def'ed. If you have
misspelled it (e.g., `\hobx'), type `I' and the correct
spelling (e.g., `I\hbox'). Otherwise just continue,
and I'll forget about whatever was undefined.

! Undefined control sequence.
l.411 \eig(\bA - \bB\bK
                       ) = \{p_1, p_2, \ldots, p_n\}
The control sequence at the end of the top line
of your error message was never \def'ed. If you have
misspelled it (e.g., `\hobx'), type `I' and the correct
spelling (e.g., `I\hbox'). Otherwise just continue,
and I'll forget about whatever was undefined.

! Undefined control sequence.
l.418 \bA
         _c = \begin{bmatrix}
The control sequence at the end of the top line
of your error message was never \def'ed. If you have
misspelled it (e.g., `\hobx'), type `I' and the correct
spelling (e.g., `I\hbox'). Otherwise just continue,
and I'll forget about whatever was undefined.

! Undefined control sequence.
l.425 \bB
         _c = \begin{bmatrix} 0 \\ 0 \\ \vdots \\ 0 \\ 1 \end{bmatrix}
The control sequence at the end of the top line
of your error message was never \def'ed. If you have
misspelled it (e.g., `\hobx'), type `I' and the correct
spelling (e.g., `I\hbox'). Otherwise just continue,
and I'll forget about whatever was undefined.



[280]
! Undefined control sequence.
<recently read> \bK 
                    
l.429 With $\bK
               _c = \begin{bmatrix} k_0 & k_1 & \cdots & k_{n-1} \end{bmatri...
The control sequence at the end of the top line
of your error message was never \def'ed. If you have
misspelled it (e.g., `\hobx'), type `I' and the correct
spelling (e.g., `I\hbox'). Otherwise just continue,
and I'll forget about whatever was undefined.

! Undefined control sequence.
l.431 \bA
         _c - \bB_c\bK_c = \begin{bmatrix}
The control sequence at the end of the top line
of your error message was never \def'ed. If you have
misspelled it (e.g., `\hobx'), type `I' and the correct
spelling (e.g., `I\hbox'). Otherwise just continue,
and I'll forget about whatever was undefined.

! Undefined control sequence.
l.431 \bA_c - \bB
                 _c\bK_c = \begin{bmatrix}
The control sequence at the end of the top line
of your error message was never \def'ed. If you have
misspelled it (e.g., `\hobx'), type `I' and the correct
spelling (e.g., `I\hbox'). Otherwise just continue,
and I'll forget about whatever was undefined.

! Undefined control sequence.
l.431 \bA_c - \bB_c\bK
                      _c = \begin{bmatrix}
The control sequence at the end of the top line
of your error message was never \def'ed. If you have
misspelled it (e.g., `\hobx'), type `I' and the correct
spelling (e.g., `I\hbox'). Otherwise just continue,
and I'll forget about whatever was undefined.

! Double subscript.
l.431 \bA_c - \bB_c\bK_
                       c = \begin{bmatrix}
I treat `x_1_2' essentially like `x_1{}_2'.

! Undefined control sequence.
<recently read> \bA 
                    
l.440 The characteristic polynomial of $\bA
                                           _c - \bB_c\bK_c$ is:
The control sequence at the end of the top line
of your error message was never \def'ed. If you have
misspelled it (e.g., `\hobx'), type `I' and the correct
spelling (e.g., `I\hbox'). Otherwise just continue,
and I'll forget about whatever was undefined.

! Undefined control sequence.
l.440 ...characteristic polynomial of $\bA_c - \bB
                                                  _c\bK_c$ is:
The control sequence at the end of the top line
of your error message was never \def'ed. If you have
misspelled it (e.g., `\hobx'), type `I' and the correct
spelling (e.g., `I\hbox'). Otherwise just continue,
and I'll forget about whatever was undefined.

! Undefined control sequence.
l.440 ...cteristic polynomial of $\bA_c - \bB_c\bK
                                                  _c$ is:
The control sequence at the end of the top line
of your error message was never \def'ed. If you have
misspelled it (e.g., `\hobx'), type `I' and the correct
spelling (e.g., `I\hbox'). Otherwise just continue,
and I'll forget about whatever was undefined.

! Double subscript.
l.440 ...teristic polynomial of $\bA_c - \bB_c\bK_
                                                  c$ is:
I treat `x_1_2' essentially like `x_1{}_2'.

! Undefined control sequence.
l.442 \det(s\bI
                - \bA_c + \bB_c\bK_c) = s^n + (a_{n-1}+k_{n-1})s^{n-1} + \cd...
The control sequence at the end of the top line
of your error message was never \def'ed. If you have
misspelled it (e.g., `\hobx'), type `I' and the correct
spelling (e.g., `I\hbox'). Otherwise just continue,
and I'll forget about whatever was undefined.

! Undefined control sequence.
l.442 \det(s\bI - \bA
                     _c + \bB_c\bK_c) = s^n + (a_{n-1}+k_{n-1})s^{n-1} + \cd...
The control sequence at the end of the top line
of your error message was never \def'ed. If you have
misspelled it (e.g., `\hobx'), type `I' and the correct
spelling (e.g., `I\hbox'). Otherwise just continue,
and I'll forget about whatever was undefined.

! Undefined control sequence.
l.442 \det(s\bI - \bA_c + \bB
                             _c\bK_c) = s^n + (a_{n-1}+k_{n-1})s^{n-1} + \cd...
The control sequence at the end of the top line
of your error message was never \def'ed. If you have
misspelled it (e.g., `\hobx'), type `I' and the correct
spelling (e.g., `I\hbox'). Otherwise just continue,
and I'll forget about whatever was undefined.

! Undefined control sequence.
l.442 \det(s\bI - \bA_c + \bB_c\bK
                                  _c) = s^n + (a_{n-1}+k_{n-1})s^{n-1} + \cd...
The control sequence at the end of the top line
of your error message was never \def'ed. If you have
misspelled it (e.g., `\hobx'), type `I' and the correct
spelling (e.g., `I\hbox'). Otherwise just continue,
and I'll forget about whatever was undefined.

! Double subscript.
l.442 \det(s\bI - \bA_c + \bB_c\bK_
                                   c) = s^n + (a_{n-1}+k_{n-1})s^{n-1} + \cd...
I treat `x_1_2' essentially like `x_1{}_2'.

! Undefined control sequence.
<recently read> \bK 
                    
l.450 ...inal coordinates yields the required $\bK
                                                  $.
The control sequence at the end of the top line
of your error message was never \def'ed. If you have
misspelled it (e.g., `\hobx'), type `I' and the correct
spelling (e.g., `I\hbox'). Otherwise just continue,
and I'll forget about whatever was undefined.

! Undefined control sequence.
l.459 Let $(\bA
               , \bB)$ be a controllable single-input system ($\bB \in \R^{n...
The control sequence at the end of the top line
of your error message was never \def'ed. If you have
misspelled it (e.g., `\hobx'), type `I' and the correct
spelling (e.g., `I\hbox'). Otherwise just continue,
and I'll forget about whatever was undefined.

! Undefined control sequence.
l.459 Let $(\bA, \bB
                    )$ be a controllable single-input system ($\bB \in \R^{n...
The control sequence at the end of the top line
of your error message was never \def'ed. If you have
misspelled it (e.g., `\hobx'), type `I' and the correct
spelling (e.g., `I\hbox'). Otherwise just continue,
and I'll forget about whatever was undefined.

! Undefined control sequence.
<recently read> \bB 
                    
l.459 ... a controllable single-input system ($\bB
                                                   \in \R^{n \times 1}$). Let:
The control sequence at the end of the top line
of your error message was never \def'ed. If you have
misspelled it (e.g., `\hobx'), type `I' and the correct
spelling (e.g., `I\hbox'). Otherwise just continue,
and I'll forget about whatever was undefined.

! Undefined control sequence.
l.459 ...rollable single-input system ($\bB \in \R
                                                  ^{n \times 1}$). Let:
The control sequence at the end of the top line
of your error message was never \def'ed. If you have
misspelled it (e.g., `\hobx'), type `I' and the correct
spelling (e.g., `I\hbox'). Otherwise just continue,
and I'll forget about whatever was undefined.

! Undefined control sequence.
<recently read> \bK 
                    
l.463 ...e locations). Then the feedback gain $\bK
                                                  $ that places the closed-l...
The control sequence at the end of the top line
of your error message was never \def'ed. If you have
misspelled it (e.g., `\hobx'), type `I' and the correct
spelling (e.g., `I\hbox'). Otherwise just continue,
and I'll forget about whatever was undefined.

! Undefined control sequence.
l.465 \bK
          = \begin{bmatrix} 0 & 0 & \cdots & 0 & 1 \end{bmatrix} \mathcal{C}...
The control sequence at the end of the top line
of your error message was never \def'ed. If you have
misspelled it (e.g., `\hobx'), type `I' and the correct
spelling (e.g., `I\hbox'). Otherwise just continue,
and I'll forget about whatever was undefined.

! Undefined control sequence.
l.465 ...1 \end{bmatrix} \mathcal{C}^{-1} \phi(\bA
                                                  )
The control sequence at the end of the top line
of your error message was never \def'ed. If you have
misspelled it (e.g., `\hobx'), type `I' and the correct
spelling (e.g., `I\hbox'). Otherwise just continue,
and I'll forget about whatever was undefined.

! Undefined control sequence.
l.468 where $\mathcal{C} = \begin{bmatrix} \bB
                                               & \bA\bB & \cdots & \bA^{n-1}...
The control sequence at the end of the top line
of your error message was never \def'ed. If you have
misspelled it (e.g., `\hobx'), type `I' and the correct
spelling (e.g., `I\hbox'). Otherwise just continue,
and I'll forget about whatever was undefined.

! Undefined control sequence.
l.468 ... $\mathcal{C} = \begin{bmatrix} \bB & \bA
                                                  \bB & \cdots & \bA^{n-1}\b...
The control sequence at the end of the top line
of your error message was never \def'ed. If you have
misspelled it (e.g., `\hobx'), type `I' and the correct
spelling (e.g., `I\hbox'). Otherwise just continue,
and I'll forget about whatever was undefined.

! Undefined control sequence.
l.468 ...mathcal{C} = \begin{bmatrix} \bB & \bA\bB
                                                   & \cdots & \bA^{n-1}\bB \...
The control sequence at the end of the top line
of your error message was never \def'ed. If you have
misspelled it (e.g., `\hobx'), type `I' and the correct
spelling (e.g., `I\hbox'). Otherwise just continue,
and I'll forget about whatever was undefined.

! Undefined control sequence.
l.468 ...egin{bmatrix} \bB & \bA\bB & \cdots & \bA
                                                  ^{n-1}\bB \end{bmatrix}$ and:
The control sequence at the end of the top line
of your error message was never \def'ed. If you have
misspelled it (e.g., `\hobx'), type `I' and the correct
spelling (e.g., `I\hbox'). Otherwise just continue,
and I'll forget about whatever was undefined.

! Undefined control sequence.
l.468 ...rix} \bB & \bA\bB & \cdots & \bA^{n-1}\bB
                                                   \end{bmatrix}$ and:
The control sequence at the end of the top line
of your error message was never \def'ed. If you have
misspelled it (e.g., `\hobx'), type `I' and the correct
spelling (e.g., `I\hbox'). Otherwise just continue,
and I'll forget about whatever was undefined.

! Undefined control sequence.
l.470 \phi(\bA
              ) = \bA^n + \alpha_{n-1}\bA^{n-1} + \cdots + \alpha_1\bA + \al...
The control sequence at the end of the top line
of your error message was never \def'ed. If you have
misspelled it (e.g., `\hobx'), type `I' and the correct
spelling (e.g., `I\hbox'). Otherwise just continue,
and I'll forget about whatever was undefined.

! Undefined control sequence.
l.470 \phi(\bA) = \bA
                     ^n + \alpha_{n-1}\bA^{n-1} + \cdots + \alpha_1\bA + \al...
The control sequence at the end of the top line
of your error message was never \def'ed. If you have
misspelled it (e.g., `\hobx'), type `I' and the correct
spelling (e.g., `I\hbox'). Otherwise just continue,
and I'll forget about whatever was undefined.

! Undefined control sequence.
l.470 \phi(\bA) = \bA^n + \alpha_{n-1}\bA
                                         ^{n-1} + \cdots + \alpha_1\bA + \al...
The control sequence at the end of the top line
of your error message was never \def'ed. If you have
misspelled it (e.g., `\hobx'), type `I' and the correct
spelling (e.g., `I\hbox'). Otherwise just continue,
and I'll forget about whatever was undefined.

! Undefined control sequence.
l.470 ...pha_{n-1}\bA^{n-1} + \cdots + \alpha_1\bA
                                                   + \alpha_0\bI
The control sequence at the end of the top line
of your error message was never \def'ed. If you have
misspelled it (e.g., `\hobx'), type `I' and the correct
spelling (e.g., `I\hbox'). Otherwise just continue,
and I'll forget about whatever was undefined.

! Undefined control sequence.
l.470 ...n-1} + \cdots + \alpha_1\bA + \alpha_0\bI
                                                  
The control sequence at the end of the top line
of your error message was never \def'ed. If you have
misspelled it (e.g., `\hobx'), type `I' and the correct
spelling (e.g., `I\hbox'). Otherwise just continue,
and I'll forget about whatever was undefined.



[281]
! Undefined control sequence.
<recently read> \bT 
                    
l.475 ...on to controller canonical form. Let $\bT
                                                  $ be the transformation su...
The control sequence at the end of the top line
of your error message was never \def'ed. If you have
misspelled it (e.g., `\hobx'), type `I' and the correct
spelling (e.g., `I\hbox'). Otherwise just continue,
and I'll forget about whatever was undefined.

! Undefined control sequence.
<recently read> \bA 
                    
l.475 ...\bT$ be the transformation such that $\bA
                                                  _c = \bT^{-1}\bA\bT$ and $...
The control sequence at the end of the top line
of your error message was never \def'ed. If you have
misspelled it (e.g., `\hobx'), type `I' and the correct
spelling (e.g., `I\hbox'). Otherwise just continue,
and I'll forget about whatever was undefined.

! Undefined control sequence.
l.475 ...the transformation such that $\bA_c = \bT
                                                  ^{-1}\bA\bT$ and $\bB_c = ...
The control sequence at the end of the top line
of your error message was never \def'ed. If you have
misspelled it (e.g., `\hobx'), type `I' and the correct
spelling (e.g., `I\hbox'). Otherwise just continue,
and I'll forget about whatever was undefined.

! Undefined control sequence.
l.475 ...sformation such that $\bA_c = \bT^{-1}\bA
                                                  \bT$ and $\bB_c = \bT^{-1}...
The control sequence at the end of the top line
of your error message was never \def'ed. If you have
misspelled it (e.g., `\hobx'), type `I' and the correct
spelling (e.g., `I\hbox'). Otherwise just continue,
and I'll forget about whatever was undefined.

! Undefined control sequence.
l.475 ...rmation such that $\bA_c = \bT^{-1}\bA\bT
                                                  $ and $\bB_c = \bT^{-1}\bB...
The control sequence at the end of the top line
of your error message was never \def'ed. If you have
misspelled it (e.g., `\hobx'), type `I' and the correct
spelling (e.g., `I\hbox'). Otherwise just continue,
and I'll forget about whatever was undefined.

! Undefined control sequence.
<recently read> \bB 
                    
l.475 ...ch that $\bA_c = \bT^{-1}\bA\bT$ and $\bB
                                                  _c = \bT^{-1}\bB$ are in c...
The control sequence at the end of the top line
of your error message was never \def'ed. If you have
misspelled it (e.g., `\hobx'), type `I' and the correct
spelling (e.g., `I\hbox'). Otherwise just continue,
and I'll forget about whatever was undefined.

! Undefined control sequence.
l.475 ...$\bA_c = \bT^{-1}\bA\bT$ and $\bB_c = \bT
                                                  ^{-1}\bB$ are in controlle...
The control sequence at the end of the top line
of your error message was never \def'ed. If you have
misspelled it (e.g., `\hobx'), type `I' and the correct
spelling (e.g., `I\hbox'). Otherwise just continue,
and I'll forget about whatever was undefined.

! Undefined control sequence.
l.475 ... \bT^{-1}\bA\bT$ and $\bB_c = \bT^{-1}\bB
                                                  $ are in controller canoni...
The control sequence at the end of the top line
of your error message was never \def'ed. If you have
misspelled it (e.g., `\hobx'), type `I' and the correct
spelling (e.g., `I\hbox'). Otherwise just continue,
and I'll forget about whatever was undefined.

! Undefined control sequence.
l.479 \bT
         ^{-1} = \mathcal{C}_c^{-1}\mathcal{C}^{-1}
The control sequence at the end of the top line
of your error message was never \def'ed. If you have
misspelled it (e.g., `\hobx'), type `I' and the correct
spelling (e.g., `I\hbox'). Otherwise just continue,
and I'll forget about whatever was undefined.

! Undefined control sequence.
l.485 \bK
         _c = \begin{bmatrix} \alpha_0 - a_0 & \alpha_1 - a_1 & \cdots & \al...
The control sequence at the end of the top line
of your error message was never \def'ed. If you have
misspelled it (e.g., `\hobx'), type `I' and the correct
spelling (e.g., `I\hbox'). Otherwise just continue,
and I'll forget about whatever was undefined.

! Undefined control sequence.
<recently read> \bK 
                    
l.492 ...t unique---there are infinitely many $\bK
                                                  $ matrices that achieve th...
The control sequence at the end of the top line
of your error message was never \def'ed. If you have
misspelled it (e.g., `\hobx'), type `I' and the correct
spelling (e.g., `I\hbox'). Otherwise just continue,
and I'll forget about whatever was undefined.

! Undefined control sequence.
l.506 \bK
          = (\boldsymbol{\alpha} - \mathbf{a})^\top \bT^{-1}
The control sequence at the end of the top line
of your error message was never \def'ed. If you have
misspelled it (e.g., `\hobx'), type `I' and the correct
spelling (e.g., `I\hbox'). Otherwise just continue,
and I'll forget about whatever was undefined.

! Undefined control sequence.
l.506 ...boldsymbol{\alpha} - \mathbf{a})^\top \bT
                                                  ^{-1}
The control sequence at the end of the top line
of your error message was never \def'ed. If you have
misspelled it (e.g., `\hobx'), type `I' and the correct
spelling (e.g., `I\hbox'). Otherwise just continue,
and I'll forget about whatever was undefined.

! Double superscript.
l.506 ...oldsymbol{\alpha} - \mathbf{a})^\top \bT^
                                                  {-1}
I treat `x^1^2' essentially like `x^1{}^2'.

! Undefined control sequence.
<recently read> \bT 
                    
l.508 ...s & a_{n-1} \end{bmatrix}^\top$, and $\bT
                                                  $ is the transformation to...
The control sequence at the end of the top line
of your error message was never \def'ed. If you have
misspelled it (e.g., `\hobx'), type `I' and the correct
spelling (e.g., `I\hbox'). Otherwise just continue,
and I'll forget about whatever was undefined.



[282]
Overfull \hbox (1.08624pt too wide) in paragraph at lines 536--536
[]\T1/ptm/b/n/17.28 Prac-ti-cal Ex-per-i-ment: In-verted Pen-du-lum State Feed-b
ack
 []

! Undefined control sequence.
<recently read> \bx 
                    
l.609 Defining state vector $\bx
                                 = \begin{bmatrix} x & \dot{x} & \theta & \d...
The control sequence at the end of the top line
of your error message was never \def'ed. If you have
misspelled it (e.g., `\hobx'), type `I' and the correct
spelling (e.g., `I\hbox'). Otherwise just continue,
and I'll forget about whatever was undefined.




Package fancyhdr Warning: \headheight is too small (14.5pt): 
(fancyhdr)                Make it at least 26.98592pt, for example:
(fancyhdr)                \setlength{\headheight}{26.98592pt}.
(fancyhdr)                You might also make \topmargin smaller:
(fancyhdr)                \addtolength{\topmargin}{-12.48592pt}.

[283]
! Undefined control sequence.
l.612 \bA
          = \begin{bmatrix}
The control sequence at the end of the top line
of your error message was never \def'ed. If you have
misspelled it (e.g., `\hobx'), type `I' and the correct
spelling (e.g., `I\hbox'). Otherwise just continue,
and I'll forget about whatever was undefined.

! Undefined control sequence.
l.618 \bB
          = \begin{bmatrix}
The control sequence at the end of the top line
of your error message was never \def'ed. If you have
misspelled it (e.g., `\hobx'), type `I' and the correct
spelling (e.g., `I\hbox'). Otherwise just continue,
and I'll forget about whatever was undefined.

! Undefined control sequence.
l.632 \mathcal{C} = \begin{bmatrix} \bB
                                        & \bA\bB & \bA^2\bB & \bA^3\bB \end{...
The control sequence at the end of the top line
of your error message was never \def'ed. If you have
misspelled it (e.g., `\hobx'), type `I' and the correct
spelling (e.g., `I\hbox'). Otherwise just continue,
and I'll forget about whatever was undefined.

! Undefined control sequence.
l.632 \mathcal{C} = \begin{bmatrix} \bB & \bA
                                             \bB & \bA^2\bB & \bA^3\bB \end{...
The control sequence at the end of the top line
of your error message was never \def'ed. If you have
misspelled it (e.g., `\hobx'), type `I' and the correct
spelling (e.g., `I\hbox'). Otherwise just continue,
and I'll forget about whatever was undefined.

! Undefined control sequence.
l.632 \mathcal{C} = \begin{bmatrix} \bB & \bA\bB
                                                 & \bA^2\bB & \bA^3\bB \end{...
The control sequence at the end of the top line
of your error message was never \def'ed. If you have
misspelled it (e.g., `\hobx'), type `I' and the correct
spelling (e.g., `I\hbox'). Otherwise just continue,
and I'll forget about whatever was undefined.

! Undefined control sequence.
l.632 ...l{C} = \begin{bmatrix} \bB & \bA\bB & \bA
                                                  ^2\bB & \bA^3\bB \end{bmat...
The control sequence at the end of the top line
of your error message was never \def'ed. If you have
misspelled it (e.g., `\hobx'), type `I' and the correct
spelling (e.g., `I\hbox'). Otherwise just continue,
and I'll forget about whatever was undefined.

! Undefined control sequence.
l.632 ...= \begin{bmatrix} \bB & \bA\bB & \bA^2\bB
                                                   & \bA^3\bB \end{bmatrix}
The control sequence at the end of the top line
of your error message was never \def'ed. If you have
misspelled it (e.g., `\hobx'), type `I' and the correct
spelling (e.g., `I\hbox'). Otherwise just continue,
and I'll forget about whatever was undefined.

! Undefined control sequence.
l.632 ...in{bmatrix} \bB & \bA\bB & \bA^2\bB & \bA
                                                  ^3\bB \end{bmatrix}
The control sequence at the end of the top line
of your error message was never \def'ed. If you have
misspelled it (e.g., `\hobx'), type `I' and the correct
spelling (e.g., `I\hbox'). Otherwise just continue,
and I'll forget about whatever was undefined.

! Undefined control sequence.
l.632 ...atrix} \bB & \bA\bB & \bA^2\bB & \bA^3\bB
                                                   \end{bmatrix}
The control sequence at the end of the top line
of your error message was never \def'ed. If you have
misspelled it (e.g., `\hobx'), type `I' and the correct
spelling (e.g., `I\hbox'). Otherwise just continue,
and I'll forget about whatever was undefined.



[284]

! Package Listings Error: Couldn't load requested style.

See the Listings package documentation for explanation.
Type  H <return>  for immediate help.
 ...                                              
                                                  
l.673 ...edback controller for inverted pendulum}]
                                                  
The following styles weren't loadable:
    ,arduino$
This may cause errors in the sequel.


! Package Listings Error: style arduino undefined.

See the Listings package documentation for explanation.
Type  H <return>  for immediate help.
 ...                                              
                                                  
l.673 ...edback controller for inverted pendulum}]
                                                  
The style is not loadable. Try typing  <return>  to proceed.
If that doesn't work, type  X <return>  to quit.




Package fancyhdr Warning: \headheight is too small (14.5pt): 
(fancyhdr)                Make it at least 26.98592pt, for example:
(fancyhdr)                \setlength{\headheight}{26.98592pt}.
(fancyhdr)                You might also make \topmargin smaller:
(fancyhdr)                \addtolength{\topmargin}{-12.48592pt}.

[285]
Underfull \vbox (badness 10000) has occurred while \output is active []



[286]


Package fancyhdr Warning: \headheight is too small (14.5pt): 
(fancyhdr)                Make it at least 26.98592pt, for example:
(fancyhdr)                \setlength{\headheight}{26.98592pt}.
(fancyhdr)                You might also make \topmargin smaller:
(fancyhdr)                \addtolength{\topmargin}{-12.48592pt}.

[287]

[288]
! Undefined control sequence.
l.849 \bA
          = \begin{bmatrix} 0 & 1 \\ -2 & -3 \end{bmatrix}, \quad
The control sequence at the end of the top line
of your error message was never \def'ed. If you have
misspelled it (e.g., `\hobx'), type `I' and the correct
spelling (e.g., `I\hbox'). Otherwise just continue,
and I'll forget about whatever was undefined.

! Undefined control sequence.
l.850 \bB
          = \begin{bmatrix} 0 \\ 1 \end{bmatrix}
The control sequence at the end of the top line
of your error message was never \def'ed. If you have
misspelled it (e.g., `\hobx'), type `I' and the correct
spelling (e.g., `I\hbox'). Otherwise just continue,
and I'll forget about whatever was undefined.

! Undefined control sequence.
l.859 \mathcal{C} = \begin{bmatrix} \bB
                                        & \bA\bB \end{bmatrix}
The control sequence at the end of the top line
of your error message was never \def'ed. If you have
misspelled it (e.g., `\hobx'), type `I' and the correct
spelling (e.g., `I\hbox'). Otherwise just continue,
and I'll forget about whatever was undefined.

! Undefined control sequence.
l.859 \mathcal{C} = \begin{bmatrix} \bB & \bA
                                             \bB \end{bmatrix}
The control sequence at the end of the top line
of your error message was never \def'ed. If you have
misspelled it (e.g., `\hobx'), type `I' and the correct
spelling (e.g., `I\hbox'). Otherwise just continue,
and I'll forget about whatever was undefined.

! Undefined control sequence.
l.859 \mathcal{C} = \begin{bmatrix} \bB & \bA\bB
                                                 \end{bmatrix}
The control sequence at the end of the top line
of your error message was never \def'ed. If you have
misspelled it (e.g., `\hobx'), type `I' and the correct
spelling (e.g., `I\hbox'). Otherwise just continue,
and I'll forget about whatever was undefined.

! Undefined control sequence.
<recently read> \bA 
                    
l.862 First, compute $\bA
                         \bB$:
The control sequence at the end of the top line
of your error message was never \def'ed. If you have
misspelled it (e.g., `\hobx'), type `I' and the correct
spelling (e.g., `I\hbox'). Otherwise just continue,
and I'll forget about whatever was undefined.

! Undefined control sequence.
l.862 First, compute $\bA\bB
                            $:
The control sequence at the end of the top line
of your error message was never \def'ed. If you have
misspelled it (e.g., `\hobx'), type `I' and the correct
spelling (e.g., `I\hbox'). Otherwise just continue,
and I'll forget about whatever was undefined.

! Undefined control sequence.
l.864 \bA
         \bB = \begin{bmatrix} 0 & 1 \\ -2 & -3 \end{bmatrix} \begin{bmatrix...
The control sequence at the end of the top line
of your error message was never \def'ed. If you have
misspelled it (e.g., `\hobx'), type `I' and the correct
spelling (e.g., `I\hbox'). Otherwise just continue,
and I'll forget about whatever was undefined.

! Undefined control sequence.
l.864 \bA\bB
             = \begin{bmatrix} 0 & 1 \\ -2 & -3 \end{bmatrix} \begin{bmatrix...
The control sequence at the end of the top line
of your error message was never \def'ed. If you have
misspelled it (e.g., `\hobx'), type `I' and the correct
spelling (e.g., `I\hbox'). Otherwise just continue,
and I'll forget about whatever was undefined.

! Undefined control sequence.
l.886 \bA
          = \begin{bmatrix} 1 & 0 \\ 0 & 2 \end{bmatrix}, \quad
The control sequence at the end of the top line
of your error message was never \def'ed. If you have
misspelled it (e.g., `\hobx'), type `I' and the correct
spelling (e.g., `I\hbox'). Otherwise just continue,
and I'll forget about whatever was undefined.

! Undefined control sequence.
l.887 \bB
          = \begin{bmatrix} 1 \\ 0 \end{bmatrix}
The control sequence at the end of the top line
of your error message was never \def'ed. If you have
misspelled it (e.g., `\hobx'), type `I' and the correct
spelling (e.g., `I\hbox'). Otherwise just continue,
and I'll forget about whatever was undefined.

! Undefined control sequence.
l.896 \bA
         \bB = \begin{bmatrix} 1 & 0 \\ 0 & 2 \end{bmatrix} \begin{bmatrix} ...
The control sequence at the end of the top line
of your error message was never \def'ed. If you have
misspelled it (e.g., `\hobx'), type `I' and the correct
spelling (e.g., `I\hbox'). Otherwise just continue,
and I'll forget about whatever was undefined.

! Undefined control sequence.
l.896 \bA\bB
             = \begin{bmatrix} 1 & 0 \\ 0 & 2 \end{bmatrix} \begin{bmatrix} ...
The control sequence at the end of the top line
of your error message was never \def'ed. If you have
misspelled it (e.g., `\hobx'), type `I' and the correct
spelling (e.g., `I\hbox'). Otherwise just continue,
and I'll forget about whatever was undefined.

! Undefined control sequence.
<recently read> \bq 
                    
l.912 ... orthogonal complement is spanned by $\bq
                                                   = \begin{bmatrix} 0 \\ 1 ...
The control sequence at the end of the top line
of your error message was never \def'ed. If you have
misspelled it (e.g., `\hobx'), type `I' and the correct
spelling (e.g., `I\hbox'). Otherwise just continue,
and I'll forget about whatever was undefined.



[289]
! Undefined control sequence.
<recently read> \bq 
                    
l.914 Check: $\bq
                 ^\top\bB = 0$ and $\bq^\top\bA\bB = 0$. \checkmark
The control sequence at the end of the top line
of your error message was never \def'ed. If you have
misspelled it (e.g., `\hobx'), type `I' and the correct
spelling (e.g., `I\hbox'). Otherwise just continue,
and I'll forget about whatever was undefined.

! Undefined control sequence.
l.914 Check: $\bq^\top\bB
                          = 0$ and $\bq^\top\bA\bB = 0$. \checkmark
The control sequence at the end of the top line
of your error message was never \def'ed. If you have
misspelled it (e.g., `\hobx'), type `I' and the correct
spelling (e.g., `I\hbox'). Otherwise just continue,
and I'll forget about whatever was undefined.

! Undefined control sequence.
<recently read> \bq 
                    
l.914 Check: $\bq^\top\bB = 0$ and $\bq
                                       ^\top\bA\bB = 0$. \checkmark
The control sequence at the end of the top line
of your error message was never \def'ed. If you have
misspelled it (e.g., `\hobx'), type `I' and the correct
spelling (e.g., `I\hbox'). Otherwise just continue,
and I'll forget about whatever was undefined.

! Undefined control sequence.
l.914 Check: $\bq^\top\bB = 0$ and $\bq^\top\bA
                                               \bB = 0$. \checkmark
The control sequence at the end of the top line
of your error message was never \def'ed. If you have
misspelled it (e.g., `\hobx'), type `I' and the correct
spelling (e.g., `I\hbox'). Otherwise just continue,
and I'll forget about whatever was undefined.

! Undefined control sequence.
l.914 Check: $\bq^\top\bB = 0$ and $\bq^\top\bA\bB
                                                   = 0$. \checkmark
The control sequence at the end of the top line
of your error message was never \def'ed. If you have
misspelled it (e.g., `\hobx'), type `I' and the correct
spelling (e.g., `I\hbox'). Otherwise just continue,
and I'll forget about whatever was undefined.

! Undefined control sequence.
l.927 \bA
          = \begin{bmatrix} 0 & 1 & 0 \\ 0 & 0 & 1 \\ 0 & 0 & 0 \end{bmatrix...
The control sequence at the end of the top line
of your error message was never \def'ed. If you have
misspelled it (e.g., `\hobx'), type `I' and the correct
spelling (e.g., `I\hbox'). Otherwise just continue,
and I'll forget about whatever was undefined.

! Undefined control sequence.
l.928 \bB
          = \begin{bmatrix} 1 \\ 0 \\ 0 \end{bmatrix}
The control sequence at the end of the top line
of your error message was never \def'ed. If you have
misspelled it (e.g., `\hobx'), type `I' and the correct
spelling (e.g., `I\hbox'). Otherwise just continue,
and I'll forget about whatever was undefined.

! Undefined control sequence.
<argument>  \bA 
                \bB &= \begin {bmatrix} 0 \\ 0 \\ 0 \end {bmatrix} \\ \bA ^2...
l.939 \end{align}
                 
The control sequence at the end of the top line
of your error message was never \def'ed. If you have
misspelled it (e.g., `\hobx'), type `I' and the correct
spelling (e.g., `I\hbox'). Otherwise just continue,
and I'll forget about whatever was undefined.

! Undefined control sequence.
<argument>  \bA \bB 
                    &= \begin {bmatrix} 0 \\ 0 \\ 0 \end {bmatrix} \\ \bA ^2...
l.939 \end{align}
                 
The control sequence at the end of the top line
of your error message was never \def'ed. If you have
misspelled it (e.g., `\hobx'), type `I' and the correct
spelling (e.g., `I\hbox'). Otherwise just continue,
and I'll forget about whatever was undefined.

! Undefined control sequence.
<argument> ...} 0 \\ 0 \\ 0 \end {bmatrix} \\ \bA 
                                                  ^2\bB &= \bA (\bA \bB ) = ...
l.939 \end{align}
                 
The control sequence at the end of the top line
of your error message was never \def'ed. If you have
misspelled it (e.g., `\hobx'), type `I' and the correct
spelling (e.g., `I\hbox'). Otherwise just continue,
and I'll forget about whatever was undefined.

! Undefined control sequence.
<argument> ... 0 \\ 0 \end {bmatrix} \\ \bA ^2\bB 
                                                  &= \bA (\bA \bB ) = \begin...
l.939 \end{align}
                 
The control sequence at the end of the top line
of your error message was never \def'ed. If you have
misspelled it (e.g., `\hobx'), type `I' and the correct
spelling (e.g., `I\hbox'). Otherwise just continue,
and I'll forget about whatever was undefined.

! Undefined control sequence.
<argument> ... \end {bmatrix} \\ \bA ^2\bB &= \bA 
                                                  (\bA \bB ) = \begin {bmatr...
l.939 \end{align}
                 
The control sequence at the end of the top line
of your error message was never \def'ed. If you have
misspelled it (e.g., `\hobx'), type `I' and the correct
spelling (e.g., `I\hbox'). Otherwise just continue,
and I'll forget about whatever was undefined.

! Undefined control sequence.
<argument> ... {bmatrix} \\ \bA ^2\bB &= \bA (\bA 
                                                  \bB ) = \begin {bmatrix} 0...
l.939 \end{align}
                 
The control sequence at the end of the top line
of your error message was never \def'ed. If you have
misspelled it (e.g., `\hobx'), type `I' and the correct
spelling (e.g., `I\hbox'). Otherwise just continue,
and I'll forget about whatever was undefined.

! Undefined control sequence.
<argument> ...atrix} \\ \bA ^2\bB &= \bA (\bA \bB 
                                                  ) = \begin {bmatrix} 0 \\ ...
l.939 \end{align}
                 
The control sequence at the end of the top line
of your error message was never \def'ed. If you have
misspelled it (e.g., `\hobx'), type `I' and the correct
spelling (e.g., `I\hbox'). Otherwise just continue,
and I'll forget about whatever was undefined.

! Undefined control sequence.
<argument>  \bA 
                \bB &= \begin {bmatrix} 0 \\ 0 \\ 0 \end {bmatrix} \\ \bA ^2...
l.939 \end{align}
                 
The control sequence at the end of the top line
of your error message was never \def'ed. If you have
misspelled it (e.g., `\hobx'), type `I' and the correct
spelling (e.g., `I\hbox'). Otherwise just continue,
and I'll forget about whatever was undefined.

! Undefined control sequence.
<argument>  \bA \bB 
                    &= \begin {bmatrix} 0 \\ 0 \\ 0 \end {bmatrix} \\ \bA ^2...
l.939 \end{align}
                 
The control sequence at the end of the top line
of your error message was never \def'ed. If you have
misspelled it (e.g., `\hobx'), type `I' and the correct
spelling (e.g., `I\hbox'). Otherwise just continue,
and I'll forget about whatever was undefined.

! Undefined control sequence.
<argument> ...} 0 \\ 0 \\ 0 \end {bmatrix} \\ \bA 
                                                  ^2\bB &= \bA (\bA \bB ) = ...
l.939 \end{align}
                 
The control sequence at the end of the top line
of your error message was never \def'ed. If you have
misspelled it (e.g., `\hobx'), type `I' and the correct
spelling (e.g., `I\hbox'). Otherwise just continue,
and I'll forget about whatever was undefined.

! Undefined control sequence.
<argument> ... 0 \\ 0 \end {bmatrix} \\ \bA ^2\bB 
                                                  &= \bA (\bA \bB ) = \begin...
l.939 \end{align}
                 
The control sequence at the end of the top line
of your error message was never \def'ed. If you have
misspelled it (e.g., `\hobx'), type `I' and the correct
spelling (e.g., `I\hbox'). Otherwise just continue,
and I'll forget about whatever was undefined.

! Undefined control sequence.
<argument> ... \end {bmatrix} \\ \bA ^2\bB &= \bA 
                                                  (\bA \bB ) = \begin {bmatr...
l.939 \end{align}
                 
The control sequence at the end of the top line
of your error message was never \def'ed. If you have
misspelled it (e.g., `\hobx'), type `I' and the correct
spelling (e.g., `I\hbox'). Otherwise just continue,
and I'll forget about whatever was undefined.

! Undefined control sequence.
<argument> ... {bmatrix} \\ \bA ^2\bB &= \bA (\bA 
                                                  \bB ) = \begin {bmatrix} 0...
l.939 \end{align}
                 
The control sequence at the end of the top line
of your error message was never \def'ed. If you have
misspelled it (e.g., `\hobx'), type `I' and the correct
spelling (e.g., `I\hbox'). Otherwise just continue,
and I'll forget about whatever was undefined.

! Undefined control sequence.
<argument> ...atrix} \\ \bA ^2\bB &= \bA (\bA \bB 
                                                  ) = \begin {bmatrix} 0 \\ ...
l.939 \end{align}
                 
The control sequence at the end of the top line
of your error message was never \def'ed. If you have
misspelled it (e.g., `\hobx'), type `I' and the correct
spelling (e.g., `I\hbox'). Otherwise just continue,
and I'll forget about whatever was undefined.

! Undefined control sequence.
<recently read> \bB 
                    
l.950 \textbf{Note:} If instead $\bB
                                     = \begin{bmatrix} 0 \\ 0 \\ 1 \end{bmat...
The control sequence at the end of the top line
of your error message was never \def'ed. If you have
misspelled it (e.g., `\hobx'), type `I' and the correct
spelling (e.g., `I\hbox'). Otherwise just continue,
and I'll forget about whatever was undefined.

! Undefined control sequence.
l.957 \bA
          = \begin{bmatrix} 0 & 1 \\ -2 & -3 \end{bmatrix}, \quad
The control sequence at the end of the top line
of your error message was never \def'ed. If you have
misspelled it (e.g., `\hobx'), type `I' and the correct
spelling (e.g., `I\hbox'). Otherwise just continue,
and I'll forget about whatever was undefined.

! Undefined control sequence.
l.958 \bB
          = \begin{bmatrix} 0 \\ 1 \end{bmatrix}
The control sequence at the end of the top line
of your error message was never \def'ed. If you have
misspelled it (e.g., `\hobx'), type `I' and the correct
spelling (e.g., `I\hbox'). Otherwise just continue,
and I'll forget about whatever was undefined.



[290]
! Undefined control sequence.
l.974 Step 2: Compute $\phi(\bA
                               )$.
The control sequence at the end of the top line
of your error message was never \def'ed. If you have
misspelled it (e.g., `\hobx'), type `I' and the correct
spelling (e.g., `I\hbox'). Otherwise just continue,
and I'll forget about whatever was undefined.

! Undefined control sequence.
l.976 \phi(\bA
              ) = \bA^2 + 10\bA + 34\bI
The control sequence at the end of the top line
of your error message was never \def'ed. If you have
misspelled it (e.g., `\hobx'), type `I' and the correct
spelling (e.g., `I\hbox'). Otherwise just continue,
and I'll forget about whatever was undefined.

! Undefined control sequence.
l.976 \phi(\bA) = \bA
                     ^2 + 10\bA + 34\bI
The control sequence at the end of the top line
of your error message was never \def'ed. If you have
misspelled it (e.g., `\hobx'), type `I' and the correct
spelling (e.g., `I\hbox'). Otherwise just continue,
and I'll forget about whatever was undefined.

! Undefined control sequence.
l.976 \phi(\bA) = \bA^2 + 10\bA
                                + 34\bI
The control sequence at the end of the top line
of your error message was never \def'ed. If you have
misspelled it (e.g., `\hobx'), type `I' and the correct
spelling (e.g., `I\hbox'). Otherwise just continue,
and I'll forget about whatever was undefined.

! Undefined control sequence.
l.976 \phi(\bA) = \bA^2 + 10\bA + 34\bI
                                       
The control sequence at the end of the top line
of your error message was never \def'ed. If you have
misspelled it (e.g., `\hobx'), type `I' and the correct
spelling (e.g., `I\hbox'). Otherwise just continue,
and I'll forget about whatever was undefined.

! Undefined control sequence.
<recently read> \bA 
                    
l.979 First, compute $\bA
                         ^2$:
The control sequence at the end of the top line
of your error message was never \def'ed. If you have
misspelled it (e.g., `\hobx'), type `I' and the correct
spelling (e.g., `I\hbox'). Otherwise just continue,
and I'll forget about whatever was undefined.

! Undefined control sequence.
l.981 \bA
         ^2 = \begin{bmatrix} 0 & 1 \\ -2 & -3 \end{bmatrix} \begin{bmatrix}...
The control sequence at the end of the top line
of your error message was never \def'ed. If you have
misspelled it (e.g., `\hobx'), type `I' and the correct
spelling (e.g., `I\hbox'). Otherwise just continue,
and I'll forget about whatever was undefined.

! Undefined control sequence.
<argument>  \phi (\bA 
                      ) &= \begin {bmatrix} -2 & -3 \\ 6 & 7 \end {bmatrix} ...
l.989 \end{align}
                 
The control sequence at the end of the top line
of your error message was never \def'ed. If you have
misspelled it (e.g., `\hobx'), type `I' and the correct
spelling (e.g., `I\hbox'). Otherwise just continue,
and I'll forget about whatever was undefined.

! Undefined control sequence.
<argument>  \phi (\bA 
                      ) &= \begin {bmatrix} -2 & -3 \\ 6 & 7 \end {bmatrix} ...
l.989 \end{align}
                 
The control sequence at the end of the top line
of your error message was never \def'ed. If you have
misspelled it (e.g., `\hobx'), type `I' and the correct
spelling (e.g., `I\hbox'). Otherwise just continue,
and I'll forget about whatever was undefined.

! Undefined control sequence.
<argument>  \bK 
                &= \begin {bmatrix} 0 & 1 \end {bmatrix} \mathcal {C}^{-1} \...
l.1005 \end{align}
                  
The control sequence at the end of the top line
of your error message was never \def'ed. If you have
misspelled it (e.g., `\hobx'), type `I' and the correct
spelling (e.g., `I\hbox'). Otherwise just continue,
and I'll forget about whatever was undefined.

! Undefined control sequence.
<argument> ...matrix} \mathcal {C}^{-1} \phi (\bA 
                                                  ) \\ &= \begin {bmatrix} 0...
l.1005 \end{align}
                  
The control sequence at the end of the top line
of your error message was never \def'ed. If you have
misspelled it (e.g., `\hobx'), type `I' and the correct
spelling (e.g., `I\hbox'). Otherwise just continue,
and I'll forget about whatever was undefined.

! Undefined control sequence.
<argument>  \bK 
                &= \begin {bmatrix} 0 & 1 \end {bmatrix} \mathcal {C}^{-1} \...
l.1005 \end{align}
                  
The control sequence at the end of the top line
of your error message was never \def'ed. If you have
misspelled it (e.g., `\hobx'), type `I' and the correct
spelling (e.g., `I\hbox'). Otherwise just continue,
and I'll forget about whatever was undefined.

! Undefined control sequence.
<argument> ...matrix} \mathcal {C}^{-1} \phi (\bA 
                                                  ) \\ &= \begin {bmatrix} 0...
l.1005 \end{align}
                  
The control sequence at the end of the top line
of your error message was never \def'ed. If you have
misspelled it (e.g., `\hobx'), type `I' and the correct
spelling (e.g., `I\hbox'). Otherwise just continue,
and I'll forget about whatever was undefined.

! Undefined control sequence.
l.1011 \bA
           - \bB\bK = \begin{bmatrix} 0 & 1 \\ -2 & -3 \end{bmatrix} - \begi...
The control sequence at the end of the top line
of your error message was never \def'ed. If you have
misspelled it (e.g., `\hobx'), type `I' and the correct
spelling (e.g., `I\hbox'). Otherwise just continue,
and I'll forget about whatever was undefined.

! Undefined control sequence.
l.1011 \bA - \bB
                \bK = \begin{bmatrix} 0 & 1 \\ -2 & -3 \end{bmatrix} - \begi...
The control sequence at the end of the top line
of your error message was never \def'ed. If you have
misspelled it (e.g., `\hobx'), type `I' and the correct
spelling (e.g., `I\hbox'). Otherwise just continue,
and I'll forget about whatever was undefined.

! Undefined control sequence.
l.1011 \bA - \bB\bK
                    = \begin{bmatrix} 0 & 1 \\ -2 & -3 \end{bmatrix} - \begi...
The control sequence at the end of the top line
of your error message was never \def'ed. If you have
misspelled it (e.g., `\hobx'), type `I' and the correct
spelling (e.g., `I\hbox'). Otherwise just continue,
and I'll forget about whatever was undefined.

! Undefined control sequence.
l.1016 \det(s\bI
                 - (\bA - \bB\bK)) = s^2 + 10s + 34 = (s + 5)^2 + 9 \checkmark
The control sequence at the end of the top line
of your error message was never \def'ed. If you have
misspelled it (e.g., `\hobx'), type `I' and the correct
spelling (e.g., `I\hbox'). Otherwise just continue,
and I'll forget about whatever was undefined.

! Undefined control sequence.
l.1016 \det(s\bI - (\bA
                        - \bB\bK)) = s^2 + 10s + 34 = (s + 5)^2 + 9 \checkmark
The control sequence at the end of the top line
of your error message was never \def'ed. If you have
misspelled it (e.g., `\hobx'), type `I' and the correct
spelling (e.g., `I\hbox'). Otherwise just continue,
and I'll forget about whatever was undefined.

! Undefined control sequence.
l.1016 \det(s\bI - (\bA - \bB
                             \bK)) = s^2 + 10s + 34 = (s + 5)^2 + 9 \checkmark
The control sequence at the end of the top line
of your error message was never \def'ed. If you have
misspelled it (e.g., `\hobx'), type `I' and the correct
spelling (e.g., `I\hbox'). Otherwise just continue,
and I'll forget about whatever was undefined.

! Undefined control sequence.
l.1016 \det(s\bI - (\bA - \bB\bK
                                )) = s^2 + 10s + 34 = (s + 5)^2 + 9 \checkmark
The control sequence at the end of the top line
of your error message was never \def'ed. If you have
misspelled it (e.g., `\hobx'), type `I' and the correct
spelling (e.g., `I\hbox'). Otherwise just continue,
and I'll forget about whatever was undefined.

! Undefined control sequence.
<recently read> \bK 
                    
l.1019 \textbf{Result:} $\bK
                             = \begin{bmatrix} 32 & 7 \end{bmatrix}$ \hfill ...
The control sequence at the end of the top line
of your error message was never \def'ed. If you have
misspelled it (e.g., `\hobx'), type `I' and the correct
spelling (e.g., `I\hbox'). Otherwise just continue,
and I'll forget about whatever was undefined.

! Undefined control sequence.
l.1026 \bA
           = \begin{bmatrix} 0 & 1 \\ 0 & 0 \end{bmatrix}, \quad
The control sequence at the end of the top line
of your error message was never \def'ed. If you have
misspelled it (e.g., `\hobx'), type `I' and the correct
spelling (e.g., `I\hbox'). Otherwise just continue,
and I'll forget about whatever was undefined.

! Undefined control sequence.
l.1027 \bB
           = \begin{bmatrix} 0 \\ 1 \end{bmatrix}
The control sequence at the end of the top line
of your error message was never \def'ed. If you have
misspelled it (e.g., `\hobx'), type `I' and the correct
spelling (e.g., `I\hbox'). Otherwise just continue,
and I'll forget about whatever was undefined.



[291]
! Undefined control sequence.
l.1040 \mathcal{C} = \begin{bmatrix} \bB
                                         & \bA\bB \end{bmatrix} = \begin{bma...
The control sequence at the end of the top line
of your error message was never \def'ed. If you have
misspelled it (e.g., `\hobx'), type `I' and the correct
spelling (e.g., `I\hbox'). Otherwise just continue,
and I'll forget about whatever was undefined.

! Undefined control sequence.
l.1040 \mathcal{C} = \begin{bmatrix} \bB & \bA
                                              \bB \end{bmatrix} = \begin{bma...
The control sequence at the end of the top line
of your error message was never \def'ed. If you have
misspelled it (e.g., `\hobx'), type `I' and the correct
spelling (e.g., `I\hbox'). Otherwise just continue,
and I'll forget about whatever was undefined.

! Undefined control sequence.
l.1040 \mathcal{C} = \begin{bmatrix} \bB & \bA\bB
                                                  \end{bmatrix} = \begin{bma...
The control sequence at the end of the top line
of your error message was never \def'ed. If you have
misspelled it (e.g., `\hobx'), type `I' and the correct
spelling (e.g., `I\hbox'). Otherwise just continue,
and I'll forget about whatever was undefined.

! Undefined control sequence.
l.1054 p(s) = \det(s\bI
                        - \bA) = s^2
The control sequence at the end of the top line
of your error message was never \def'ed. If you have
misspelled it (e.g., `\hobx'), type `I' and the correct
spelling (e.g., `I\hbox'). Otherwise just continue,
and I'll forget about whatever was undefined.

! Undefined control sequence.
l.1054 p(s) = \det(s\bI - \bA
                             ) = s^2
The control sequence at the end of the top line
of your error message was never \def'ed. If you have
misspelled it (e.g., `\hobx'), type `I' and the correct
spelling (e.g., `I\hbox'). Otherwise just continue,
and I'll forget about whatever was undefined.

! Undefined control sequence.
<recently read> \bK 
                    
l.1059 With $\bK
                 = \begin{bmatrix} k_1 & k_2 \end{bmatrix}$:
The control sequence at the end of the top line
of your error message was never \def'ed. If you have
misspelled it (e.g., `\hobx'), type `I' and the correct
spelling (e.g., `I\hbox'). Otherwise just continue,
and I'll forget about whatever was undefined.

! Undefined control sequence.
l.1061 \bA
           - \bB\bK = \begin{bmatrix} 0 & 1 \\ -k_1 & -k_2 \end{bmatrix}
The control sequence at the end of the top line
of your error message was never \def'ed. If you have
misspelled it (e.g., `\hobx'), type `I' and the correct
spelling (e.g., `I\hbox'). Otherwise just continue,
and I'll forget about whatever was undefined.

! Undefined control sequence.
l.1061 \bA - \bB
                \bK = \begin{bmatrix} 0 & 1 \\ -k_1 & -k_2 \end{bmatrix}
The control sequence at the end of the top line
of your error message was never \def'ed. If you have
misspelled it (e.g., `\hobx'), type `I' and the correct
spelling (e.g., `I\hbox'). Otherwise just continue,
and I'll forget about whatever was undefined.

! Undefined control sequence.
l.1061 \bA - \bB\bK
                    = \begin{bmatrix} 0 & 1 \\ -k_1 & -k_2 \end{bmatrix}
The control sequence at the end of the top line
of your error message was never \def'ed. If you have
misspelled it (e.g., `\hobx'), type `I' and the correct
spelling (e.g., `I\hbox'). Otherwise just continue,
and I'll forget about whatever was undefined.

! Undefined control sequence.
l.1066 \det(s\bI
                 - \bA + \bB\bK) = s^2 + k_2 s + k_1
The control sequence at the end of the top line
of your error message was never \def'ed. If you have
misspelled it (e.g., `\hobx'), type `I' and the correct
spelling (e.g., `I\hbox'). Otherwise just continue,
and I'll forget about whatever was undefined.

! Undefined control sequence.
l.1066 \det(s\bI - \bA
                       + \bB\bK) = s^2 + k_2 s + k_1
The control sequence at the end of the top line
of your error message was never \def'ed. If you have
misspelled it (e.g., `\hobx'), type `I' and the correct
spelling (e.g., `I\hbox'). Otherwise just continue,
and I'll forget about whatever was undefined.

! Undefined control sequence.
l.1066 \det(s\bI - \bA + \bB
                            \bK) = s^2 + k_2 s + k_1
The control sequence at the end of the top line
of your error message was never \def'ed. If you have
misspelled it (e.g., `\hobx'), type `I' and the correct
spelling (e.g., `I\hbox'). Otherwise just continue,
and I'll forget about whatever was undefined.

! Undefined control sequence.
l.1066 \det(s\bI - \bA + \bB\bK
                               ) = s^2 + k_2 s + k_1
The control sequence at the end of the top line
of your error message was never \def'ed. If you have
misspelled it (e.g., `\hobx'), type `I' and the correct
spelling (e.g., `I\hbox'). Otherwise just continue,
and I'll forget about whatever was undefined.

! Undefined control sequence.
<recently read> \bK 
                    
l.1074 \textbf{Result:} $\bK
                             = \begin{bmatrix} 4 & 4 \end{bmatrix}$
The control sequence at the end of the top line
of your error message was never \def'ed. If you have
misspelled it (e.g., `\hobx'), type `I' and the correct
spelling (e.g., `I\hbox'). Otherwise just continue,
and I'll forget about whatever was undefined.

! Undefined control sequence.
<recently read> \bK 
                    
l.1087 ...uble pole at $s = -\omega$, we have $\bK
                                                   = \begin{bmatrix} \omega^...
The control sequence at the end of the top line
of your error message was never \def'ed. If you have
misspelled it (e.g., `\hobx'), type `I' and the correct
spelling (e.g., `I\hbox'). Otherwise just continue,
and I'll forget about whatever was undefined.



[292]
! Undefined control sequence.
l.1145 ...trix} $\mathcal{C} = \begin{bmatrix} \bB
                                                   & \bA\bB & \cdots & \bA^{...
The control sequence at the end of the top line
of your error message was never \def'ed. If you have
misspelled it (e.g., `\hobx'), type `I' and the correct
spelling (e.g., `I\hbox'). Otherwise just continue,
and I'll forget about whatever was undefined.

! Undefined control sequence.
l.1145 ...$\mathcal{C} = \begin{bmatrix} \bB & \bA
                                                  \bB & \cdots & \bA^{n-1}\b...
The control sequence at the end of the top line
of your error message was never \def'ed. If you have
misspelled it (e.g., `\hobx'), type `I' and the correct
spelling (e.g., `I\hbox'). Otherwise just continue,
and I'll forget about whatever was undefined.

! Undefined control sequence.
l.1145 ...athcal{C} = \begin{bmatrix} \bB & \bA\bB
                                                   & \cdots & \bA^{n-1}\bB \...
The control sequence at the end of the top line
of your error message was never \def'ed. If you have
misspelled it (e.g., `\hobx'), type `I' and the correct
spelling (e.g., `I\hbox'). Otherwise just continue,
and I'll forget about whatever was undefined.

! Undefined control sequence.
l.1145 ...gin{bmatrix} \bB & \bA\bB & \cdots & \bA
                                                  ^{n-1}\bB \end{bmatrix}$ p...
The control sequence at the end of the top line
of your error message was never \def'ed. If you have
misspelled it (e.g., `\hobx'), type `I' and the correct
spelling (e.g., `I\hbox'). Otherwise just continue,
and I'll forget about whatever was undefined.

! Undefined control sequence.
l.1145 ...ix} \bB & \bA\bB & \cdots & \bA^{n-1}\bB
                                                   \end{bmatrix}$ provides a...
The control sequence at the end of the top line
of your error message was never \def'ed. If you have
misspelled it (e.g., `\hobx'), type `I' and the correct
spelling (e.g., `I\hbox'). Otherwise just continue,
and I'll forget about whatever was undefined.

! Undefined control sequence.
<recently read> \bu 
                    
l.1147 \item \textbf{State feedback} $\bu
                                          = -\bK\bx + \br$ modifies the syst...
The control sequence at the end of the top line
of your error message was never \def'ed. If you have
misspelled it (e.g., `\hobx'), type `I' and the correct
spelling (e.g., `I\hbox'). Otherwise just continue,
and I'll forget about whatever was undefined.

! Undefined control sequence.
l.1147 \item \textbf{State feedback} $\bu = -\bK
                                                \bx + \br$ modifies the syst...
The control sequence at the end of the top line
of your error message was never \def'ed. If you have
misspelled it (e.g., `\hobx'), type `I' and the correct
spelling (e.g., `I\hbox'). Otherwise just continue,
and I'll forget about whatever was undefined.

! Undefined control sequence.
l.1147 ...m \textbf{State feedback} $\bu = -\bK\bx
                                                   + \br$ modifies the syste...
The control sequence at the end of the top line
of your error message was never \def'ed. If you have
misspelled it (e.g., `\hobx'), type `I' and the correct
spelling (e.g., `I\hbox'). Otherwise just continue,
and I'll forget about whatever was undefined.

! Undefined control sequence.
l.1147 ...tbf{State feedback} $\bu = -\bK\bx + \br
                                                  $ modifies the system dyna...
The control sequence at the end of the top line
of your error message was never \def'ed. If you have
misspelled it (e.g., `\hobx'), type `I' and the correct
spelling (e.g., `I\hbox'). Otherwise just continue,
and I'll forget about whatever was undefined.

! Undefined control sequence.
<recently read> \bx 
                    
l.1147 ...difies the system dynamics to $\dot{\bx}
                                                   = (\bA - \bB\bK)\bx + \bB...
The control sequence at the end of the top line
of your error message was never \def'ed. If you have
misspelled it (e.g., `\hobx'), type `I' and the correct
spelling (e.g., `I\hbox'). Otherwise just continue,
and I'll forget about whatever was undefined.

! Undefined control sequence.
<argument> \bx 
               
l.1147 ...difies the system dynamics to $\dot{\bx}
                                                   = (\bA - \bB\bK)\bx + \bB...
The control sequence at the end of the top line
of your error message was never \def'ed. If you have
misspelled it (e.g., `\hobx'), type `I' and the correct
spelling (e.g., `I\hbox'). Otherwise just continue,
and I'll forget about whatever was undefined.

! Undefined control sequence.
l.1147 ...the system dynamics to $\dot{\bx} = (\bA
                                                   - \bB\bK)\bx + \bB\br$.
The control sequence at the end of the top line
of your error message was never \def'ed. If you have
misspelled it (e.g., `\hobx'), type `I' and the correct
spelling (e.g., `I\hbox'). Otherwise just continue,
and I'll forget about whatever was undefined.

! Undefined control sequence.
l.1147 ...stem dynamics to $\dot{\bx} = (\bA - \bB
                                                  \bK)\bx + \bB\br$.
The control sequence at the end of the top line
of your error message was never \def'ed. If you have
misspelled it (e.g., `\hobx'), type `I' and the correct
spelling (e.g., `I\hbox'). Otherwise just continue,
and I'll forget about whatever was undefined.

! Undefined control sequence.
l.1147 ...m dynamics to $\dot{\bx} = (\bA - \bB\bK
                                                  )\bx + \bB\br$.
The control sequence at the end of the top line
of your error message was never \def'ed. If you have
misspelled it (e.g., `\hobx'), type `I' and the correct
spelling (e.g., `I\hbox'). Otherwise just continue,
and I'll forget about whatever was undefined.

! Undefined control sequence.
l.1147 ...namics to $\dot{\bx} = (\bA - \bB\bK)\bx
                                                   + \bB\br$.
The control sequence at the end of the top line
of your error message was never \def'ed. If you have
misspelled it (e.g., `\hobx'), type `I' and the correct
spelling (e.g., `I\hbox'). Otherwise just continue,
and I'll forget about whatever was undefined.

! Undefined control sequence.
l.1147 ... to $\dot{\bx} = (\bA - \bB\bK)\bx + \bB
                                                  \br$.
The control sequence at the end of the top line
of your error message was never \def'ed. If you have
misspelled it (e.g., `\hobx'), type `I' and the correct
spelling (e.g., `I\hbox'). Otherwise just continue,
and I'll forget about whatever was undefined.

! Undefined control sequence.
l.1147 ... $\dot{\bx} = (\bA - \bB\bK)\bx + \bB\br
                                                  $.
The control sequence at the end of the top line
of your error message was never \def'ed. If you have
misspelled it (e.g., `\hobx'), type `I' and the correct
spelling (e.g., `I\hbox'). Otherwise just continue,
and I'll forget about whatever was undefined.

! Undefined control sequence.
<recently read> \bK 
                    
l.1149 ... locations by appropriate choice of $\bK
                                                  $.
The control sequence at the end of the top line
of your error message was never \def'ed. If you have
misspelled it (e.g., `\hobx'), type `I' and the correct
spelling (e.g., `I\hbox'). Otherwise just continue,
and I'll forget about whatever was undefined.

! Undefined control sequence.
<recently read> \bK 
                    
l.1151 ...ula} provides a direct computation: $\bK
                                                   = \begin{bmatrix} 0 & \cd...
The control sequence at the end of the top line
of your error message was never \def'ed. If you have
misspelled it (e.g., `\hobx'), type `I' and the correct
spelling (e.g., `I\hbox'). Otherwise just continue,
and I'll forget about whatever was undefined.

! Undefined control sequence.
l.1151 ... 1 \end{bmatrix}\mathcal{C}^{-1}\phi(\bA
                                                  )$.
The control sequence at the end of the top line
of your error message was never \def'ed. If you have
misspelled it (e.g., `\hobx'), type `I' and the correct
spelling (e.g., `I\hbox'). Otherwise just continue,
and I'll forget about whatever was undefined.



[293]
! Undefined control sequence.
<recently read> \bA 
                    
l.1170 \item $\bA
                  = \begin{bmatrix} -1 & 0 \\ 0 & -2 \end{bmatrix}$, $\bB = ...
The control sequence at the end of the top line
of your error message was never \def'ed. If you have
misspelled it (e.g., `\hobx'), type `I' and the correct
spelling (e.g., `I\hbox'). Otherwise just continue,
and I'll forget about whatever was undefined.

! Undefined control sequence.
<recently read> \bB 
                    
l.1170 ...x} -1 & 0 \\ 0 & -2 \end{bmatrix}$, $\bB
                                                   = \begin{bmatrix} 1 \\ 1 ...
The control sequence at the end of the top line
of your error message was never \def'ed. If you have
misspelled it (e.g., `\hobx'), type `I' and the correct
spelling (e.g., `I\hbox'). Otherwise just continue,
and I'll forget about whatever was undefined.

! Undefined control sequence.
<recently read> \bA 
                    
l.1172 \item $\bA
                  = \begin{bmatrix} -1 & 1 \\ 0 & -1 \end{bmatrix}$, $\bB = ...
The control sequence at the end of the top line
of your error message was never \def'ed. If you have
misspelled it (e.g., `\hobx'), type `I' and the correct
spelling (e.g., `I\hbox'). Otherwise just continue,
and I'll forget about whatever was undefined.

! Undefined control sequence.
<recently read> \bB 
                    
l.1172 ...x} -1 & 1 \\ 0 & -1 \end{bmatrix}$, $\bB
                                                   = \begin{bmatrix} 0 \\ 1 ...
The control sequence at the end of the top line
of your error message was never \def'ed. If you have
misspelled it (e.g., `\hobx'), type `I' and the correct
spelling (e.g., `I\hbox'). Otherwise just continue,
and I'll forget about whatever was undefined.

! Undefined control sequence.
<recently read> \bA 
                    
l.1174 \item $\bA
                  = \begin{bmatrix} 0 & 1 & 0 \\ 0 & 0 & 1 \\ -6 & -11 & -6 ...
The control sequence at the end of the top line
of your error message was never \def'ed. If you have
misspelled it (e.g., `\hobx'), type `I' and the correct
spelling (e.g., `I\hbox'). Otherwise just continue,
and I'll forget about whatever was undefined.

! Undefined control sequence.
<recently read> \bB 
                    
l.1174 ... 1 \\ -6 & -11 & -6 \end{bmatrix}$, $\bB
                                                   = \begin{bmatrix} 0 \\ 0 ...
The control sequence at the end of the top line
of your error message was never \def'ed. If you have
misspelled it (e.g., `\hobx'), type `I' and the correct
spelling (e.g., `I\hbox'). Otherwise just continue,
and I'll forget about whatever was undefined.

! Undefined control sequence.
<recently read> \bA 
                    
l.1177 \item For the system $\bA
                                 = \begin{bmatrix} 0 & 1 \\ -\omega_n^2 & -2...
The control sequence at the end of the top line
of your error message was never \def'ed. If you have
misspelled it (e.g., `\hobx'), type `I' and the correct
spelling (e.g., `I\hbox'). Otherwise just continue,
and I'll forget about whatever was undefined.

! Undefined control sequence.
<recently read> \bB 
                    
l.1177 ...2 & -2\zeta\omega_n \end{bmatrix}$, $\bB
                                                   = \begin{bmatrix} 0 \\ \o...
The control sequence at the end of the top line
of your error message was never \def'ed. If you have
misspelled it (e.g., `\hobx'), type `I' and the correct
spelling (e.g., `I\hbox'). Otherwise just continue,
and I'll forget about whatever was undefined.

! Undefined control sequence.
l.1186 \bA
           = \begin{bmatrix} 0 & 1 & 0 & 0 \\ 0 & 0 & 0 & 0 \\ 0 & 0 & 0 & 1...
The control sequence at the end of the top line
of your error message was never \def'ed. If you have
misspelled it (e.g., `\hobx'), type `I' and the correct
spelling (e.g., `I\hbox'). Otherwise just continue,
and I'll forget about whatever was undefined.

! Undefined control sequence.
l.1187 \bB
           = \begin{bmatrix} 0 & 0 \\ 1 & 0 \\ 0 & 0 \\ 0 & 1 \end{bmatrix}
The control sequence at the end of the top line
of your error message was never \def'ed. If you have
misspelled it (e.g., `\hobx'), type `I' and the correct
spelling (e.g., `I\hbox'). Otherwise just continue,
and I'll forget about whatever was undefined.

! Undefined control sequence.
<recently read> \bB 
                    
l.1191 \item If one thruster fails ($\bB
                                        $ becomes $\begin{bmatrix} 0 \\ 1 \\...
The control sequence at the end of the top line
of your error message was never \def'ed. If you have
misspelled it (e.g., `\hobx'), type `I' and the correct
spelling (e.g., `I\hbox'). Otherwise just continue,
and I'll forget about whatever was undefined.

! Undefined control sequence.
l.1196 \bA
           = \begin{bmatrix} 0 & 1 & 0 \\ 0 & 0 & 1 \\ -1 & -3 & -3 \end{bma...
The control sequence at the end of the top line
of your error message was never \def'ed. If you have
misspelled it (e.g., `\hobx'), type `I' and the correct
spelling (e.g., `I\hbox'). Otherwise just continue,
and I'll forget about whatever was undefined.

! Undefined control sequence.
l.1197 \bB
           = \begin{bmatrix} 0 \\ 0 \\ 1 \end{bmatrix}
The control sequence at the end of the top line
of your error message was never \def'ed. If you have
misspelled it (e.g., `\hobx'), type `I' and the correct
spelling (e.g., `I\hbox'). Otherwise just continue,
and I'll forget about whatever was undefined.



[294]
! Undefined control sequence.
<recently read> \bA 
                    
l.1208 ...ity Gramian)} For the stable system $\bA
                                                   = \begin{bmatrix} -1 & 0 ...
The control sequence at the end of the top line
of your error message was never \def'ed. If you have
misspelled it (e.g., `\hobx'), type `I' and the correct
spelling (e.g., `I\hbox'). Otherwise just continue,
and I'll forget about whatever was undefined.

! Undefined control sequence.
<recently read> \bB 
                    
l.1208 ...x} -1 & 0 \\ 0 & -2 \end{bmatrix}$, $\bB
                                                   = \begin{bmatrix} 1 \\ 1 ...
The control sequence at the end of the top line
of your error message was never \def'ed. If you have
misspelled it (e.g., `\hobx'), type `I' and the correct
spelling (e.g., `I\hbox'). Otherwise just continue,
and I'll forget about whatever was undefined.

! Undefined control sequence.
<recently read> \bW 
                    
l.1210 ...ite-horizon controllability Gramian $\bW
                                                  _c = \int_0^\infty e^{\bA ...
The control sequence at the end of the top line
of your error message was never \def'ed. If you have
misspelled it (e.g., `\hobx'), type `I' and the correct
spelling (e.g., `I\hbox'). Otherwise just continue,
and I'll forget about whatever was undefined.

! Undefined control sequence.
l.1210 ...ty Gramian $\bW_c = \int_0^\infty e^{\bA
                                                   t}\bB\bB^\top e^{\bA^\top...
The control sequence at the end of the top line
of your error message was never \def'ed. If you have
misspelled it (e.g., `\hobx'), type `I' and the correct
spelling (e.g., `I\hbox'). Otherwise just continue,
and I'll forget about whatever was undefined.

! Undefined control sequence.
l.1210 ...mian $\bW_c = \int_0^\infty e^{\bA t}\bB
                                                  \bB^\top e^{\bA^\top t}\,dt$
The control sequence at the end of the top line
of your error message was never \def'ed. If you have
misspelled it (e.g., `\hobx'), type `I' and the correct
spelling (e.g., `I\hbox'). Otherwise just continue,
and I'll forget about whatever was undefined.

! Undefined control sequence.
l.1210 ...n $\bW_c = \int_0^\infty e^{\bA t}\bB\bB
                                                  ^\top e^{\bA^\top t}\,dt$
The control sequence at the end of the top line
of your error message was never \def'ed. If you have
misspelled it (e.g., `\hobx'), type `I' and the correct
spelling (e.g., `I\hbox'). Otherwise just continue,
and I'll forget about whatever was undefined.

! Double superscript.
l.1210 ... $\bW_c = \int_0^\infty e^{\bA t}\bB\bB^
                                                  \top e^{\bA^\top t}\,dt$
I treat `x^1^2' essentially like `x^1{}^2'.

! Undefined control sequence.
l.1210 ...int_0^\infty e^{\bA t}\bB\bB^\top e^{\bA
                                                  ^\top t}\,dt$
The control sequence at the end of the top line
of your error message was never \def'ed. If you have
misspelled it (e.g., `\hobx'), type `I' and the correct
spelling (e.g., `I\hbox'). Otherwise just continue,
and I'll forget about whatever was undefined.

! Undefined control sequence.
<recently read> \bW 
                    
l.1211 \item Verify $\bW
                        _c$ is positive definite
The control sequence at the end of the top line
of your error message was never \def'ed. If you have
misspelled it (e.g., `\hobx'), type `I' and the correct
spelling (e.g., `I\hbox'). Otherwise just continue,
and I'll forget about whatever was undefined.

! Undefined control sequence.
<recently read> \bx 
                    
l.1212 ...d the minimum-energy input to reach $\bx
                                                  _f = \begin{bmatrix} 1 \\ ...
The control sequence at the end of the top line
of your error message was never \def'ed. If you have
misspelled it (e.g., `\hobx'), type `I' and the correct
spelling (e.g., `I\hbox'). Otherwise just continue,
and I'll forget about whatever was undefined.

! Undefined control sequence.
l.1217 \bA
           = \begin{bmatrix} -1 & 2 \\ 0 & -3 \end{bmatrix}, \quad
The control sequence at the end of the top line
of your error message was never \def'ed. If you have
misspelled it (e.g., `\hobx'), type `I' and the correct
spelling (e.g., `I\hbox'). Otherwise just continue,
and I'll forget about whatever was undefined.

! Undefined control sequence.
l.1218 \bB
           = \begin{bmatrix} 0 \\ 1 \end{bmatrix}
The control sequence at the end of the top line
of your error message was never \def'ed. If you have
misspelled it (e.g., `\hobx'), type `I' and the correct
spelling (e.g., `I\hbox'). Otherwise just continue,
and I'll forget about whatever was undefined.

! Undefined control sequence.
<recently read> \bA 
                    
l.1221 ...the eigenvalues and eigenvectors of $\bA
                                                  $
The control sequence at the end of the top line
of your error message was never \def'ed. If you have
misspelled it (e.g., `\hobx'), type `I' and the correct
spelling (e.g., `I\hbox'). Otherwise just continue,
and I'll forget about whatever was undefined.



[295]

[296

]) (./Part_IV_State_Space/ch16_observability.tex

[297]

[298

]
Chapter 16.


[299]

[300]

[301]

[302]

[303]

[304]
Overfull \hbox (17.27629pt too wide) in paragraph at lines 257--270
 [][] 
 []



[305]

[306]

[307] (/usr/local/texlive/2025/texmf-dist/tex/latex/listings/lstlang1.sty
File: lstlang1.sty 2024/09/23 1.10c listings language file
)

[308]

[309]

[310]

[311]
Underfull \vbox (badness 10000) has occurred while \output is active []



[312]
Underfull \vbox (badness 10000) has occurred while \output is active []



[313]

! LaTeX Error: Not allowed in LR mode.

See the LaTeX manual or LaTeX Companion for explanation.
Type  H <return>  for immediate help.
 ...                                              
                                                  
l.741 ..., minimum height=1.5cm] (plant) {Plant\\$
                                                  \dot{x} = Ax + Bu$\\$y = C...
You've lost some text.  Try typing  <return>  to proceed.
If that doesn't work, type  X <return>  to quit.


! LaTeX Error: Not allowed in LR mode.

See the LaTeX manual or LaTeX Companion for explanation.
Type  H <return>  for immediate help.
 ...                                              
                                                  
l.741 ...m] (plant) {Plant\\$\dot{x} = Ax + Bu$\\$
                                                  y = Cx$};
You've lost some text.  Try typing  <return>  to proceed.
If that doesn't work, type  X <return>  to quit.


! LaTeX Error: Not allowed in LR mode.

See the LaTeX manual or LaTeX Companion for explanation.
Type  H <return>  for immediate help.
 ...                                              
                                                  
l.744 ...nt, fill=blue!10] (observer) {Observer\\$
                                                  \dot{\hat{x}} = A\hat{x} +...
You've lost some text.  Try typing  <return>  to proceed.
If that doesn't work, type  X <return>  to quit.


! LaTeX Error: Not allowed in LR mode.

See the LaTeX manual or LaTeX Companion for explanation.
Type  H <return>  for immediate help.
 ...                                              
                                                  
l.744 ...erver\\$\dot{\hat{x}} = A\hat{x} + Bu$\\$
                                                  + L(y - C\hat{x})$};
You've lost some text.  Try typing  <return>  to proceed.
If that doesn't work, type  X <return>  to quit.


Package pgf Warning: Returning node center instead of a point on node border. D
id you specify a point identical to the center of node ``sum''? on input line 7
68.



[314]

! LaTeX Error: Not allowed in LR mode.

See the LaTeX manual or LaTeX Companion for explanation.
Type  H <return>  for immediate help.
 ...                                              
                                                  
l.803 ..., minimum height=1.2cm] (plant) {Plant\\$
                                                  \dot{x} = Ax + Bu$};
You've lost some text.  Try typing  <return>  to proceed.
If that doesn't work, type  X <return>  to quit.



[315]

[316]

[317]

[318]

[319]

[320]

[321]

[322]

[323]

[324]) (./Part_IV_State_Space/ch17_lqr.tex

[325]

[326

]
Chapter 17.


[327]

[328]

[329]

[330]

[331]
Underfull \vbox (badness 6708) has occurred while \output is active []



[332]

[333]

[334]

[335]
Missing character: There is no ° (U+00B0) in font cmr12!
Missing character: There is no ° (U+00B0) in font cmr12!


[336]
Underfull \vbox (badness 10000) has occurred while \output is active []



[337]

[338]

[339]

[340]
Underfull \vbox (badness 10000) has occurred while \output is active []



[341]
Overfull \hbox (10.33557pt too wide) in paragraph at lines 729--730
\T1/ptm/m/n/12 Fig-ure []17.4[] shows the ex-per-i-men-tal re-sults com-par-ing the three LQR de-signs with the pole-placement
 []


Underfull \vbox (badness 10000) has occurred while \output is active []



[342]

[343]

[344]

Package hyperref Warning: Token not allowed in a PDF string (Unicode):
(hyperref)                removing `math shift' on input line 878.


Package hyperref Warning: Token not allowed in a PDF string (Unicode):
(hyperref)                removing `math shift' on input line 878.


Package hyperref Warning: Token not allowed in a PDF string (Unicode):
(hyperref)                removing `math shift' on input line 878.


Package hyperref Warning: Token not allowed in a PDF string (Unicode):
(hyperref)                removing `math shift' on input line 878.

Missing character: There is no ° (U+00B0) in font cmr12!
Missing character: There is no ° (U+00B0) in font cmr12!
Missing character: There is no ° (U+00B0) in font cmr12!
Missing character: There is no ° (U+00B0) in font cmr12!


[345]

[346]

[347]

[348]

[349]

[350]

! LaTeX Error: \begin{document} ended by \end{chapter}.

See the LaTeX manual or LaTeX Companion for explanation.
Type  H <return>  for immediate help.
 ...                                              
                                                  
l.1199 \end{chapter}
                    
Your command was ignored.
Type  I <command> <return>  to replace it with another command,
or  <return>  to continue without it.

! Extra \endgroup.
\end  ...end#1\endcsname \@checkend {#1}\endgroup 
                                                  \UseHook {env/#1/after}\if...
l.1199 \end{chapter}
                    
Things are pretty mixed up, but I think the worst is over.

) (./Part_IV_State_Space/ch18_kalman_filter.tex

[351]

[352

]
Chapter 18.


[353]

[354]
Overfull \hbox (48.25922pt too wide) in paragraph at lines 78--89
 [] 
 []



[355]

[356]

[357]

[358]

[359]
Underfull \vbox (badness 10000) has occurred while \output is active []



[360]

Package hyperref Warning: Token not allowed in a PDF string (Unicode):
(hyperref)                removing `math shift' on input line 379.


Package hyperref Warning: Token not allowed in a PDF string (Unicode):
(hyperref)                removing `math shift' on input line 379.


Package hyperref Warning: Token not allowed in a PDF string (Unicode):
(hyperref)                removing `math shift' on input line 379.


Package hyperref Warning: Token not allowed in a PDF string (Unicode):
(hyperref)                removing `math shift' on input line 379.



[361]

[362]

[363]

[364]
Underfull \vbox (badness 10000) has occurred while \output is active []



[365]

[366]
Underfull \vbox (badness 1810) has occurred while \output is active []



[367]

[368]

Package hyperref Warning: Token not allowed in a PDF string (Unicode):
(hyperref)                removing `math shift' on input line 744.


Package hyperref Warning: Token not allowed in a PDF string (Unicode):
(hyperref)                removing `math shift' on input line 744.


Package hyperref Warning: Token not allowed in a PDF string (Unicode):
(hyperref)                removing `math shift' on input line 744.


Package hyperref Warning: Token not allowed in a PDF string (Unicode):
(hyperref)                removing `math shift' on input line 744.



[369]

[370]

[371]

[372]

[373]

[374])

[375

]

[376

]

[377]

[378] (./Part_V_Digital/ch19_sampling.tex
Chapter 19.


[379

]

[380

]
! Undefined control sequence.
\abstract ...pos }\abstractnamefont \abstractname 
                                                  \@endparpenalty \@M \end \...
l.8 \begin{abstract}
                    
The control sequence at the end of the top line
of your error message was never \def'ed. If you have
misspelled it (e.g., `\hobx'), type `I' and the correct
spelling (e.g., `I\hbox'). Otherwise just continue,
and I'll forget about whatever was undefined.




warning  (pdf backend): ignoring duplicate destination with the name 'page.1'
[1]


warning  (pdf backend): ignoring duplicate destination with the name 'page.2'
[2]


warning  (pdf backend): ignoring duplicate destination with the name 'page.3'
[3]


warning  (pdf backend): ignoring duplicate destination with the name 'page.4'
[4]


warning  (pdf backend): ignoring duplicate destination with the name 'page.5'
[5]
Overfull \hbox (2.70555pt too wide) in paragraph at lines 178--179
[]\T1/ptm/b/n/12 Power elec-tron-ics\T1/ptm/m/n/12 : Switch-ing con-vert-ers op-
er-ate at 50--500 kHz with con-trol loops at 10--100
 []




warning  (pdf backend): ignoring duplicate destination with the name 'page.6'
[6]


warning  (pdf backend): ignoring duplicate destination with the name 'page.7'
[7]


warning  (pdf backend): ignoring duplicate destination with the name 'page.8'
[8]
Overfull \hbox (13.46873pt too wide) in paragraph at lines 343--344
[]\T1/ptm/m/n/12 Con-volv-ing the sam-pled sig-nal with this sinc func-tion yiel
ds the re-con-struc-tion for-mula (Eq. []19.8[]). 
 []




warning  (pdf backend): ignoring duplicate destination with the name 'page.9'
[9]


warning  (pdf backend): ignoring duplicate destination with the name 'page.10'
[10]


warning  (pdf backend): ignoring duplicate destination with the name 'page.11'
[11]


warning  (pdf backend): ignoring duplicate destination with the name 'page.12'
[12]


warning  (pdf backend): ignoring duplicate destination with the name 'page.13'
[13]


warning  (pdf backend): ignoring duplicate destination with the name 'page.14'
[14]


warning  (pdf backend): ignoring duplicate destination with the name 'page.15'
[15]


warning  (pdf backend): ignoring duplicate destination with the name 'page.16'
[16]


Package fancyhdr Warning: \headheight is too small (14.5pt): 
(fancyhdr)                Make it at least 26.98592pt, for example:
(fancyhdr)                \setlength{\headheight}{26.98592pt}.
(fancyhdr)                You might also make \topmargin smaller:
(fancyhdr)                \addtolength{\topmargin}{-12.48592pt}.


warning  (pdf backend): ignoring duplicate destination with the name 'page.17'
[17]


warning  (pdf backend): ignoring duplicate destination with the name 'page.18'
[18]


Package fancyhdr Warning: \headheight is too small (14.5pt): 
(fancyhdr)                Make it at least 26.98592pt, for example:
(fancyhdr)                \setlength{\headheight}{26.98592pt}.
(fancyhdr)                You might also make \topmargin smaller:
(fancyhdr)                \addtolength{\topmargin}{-12.48592pt}.


warning  (pdf backend): ignoring duplicate destination with the name 'page.19'
[19]
Underfull \vbox (badness 10000) has occurred while \output is active []




warning  (pdf backend): ignoring duplicate destination with the name 'page.20'
[20]
Underfull \vbox (badness 10000) has occurred while \output is active []




Package fancyhdr Warning: \headheight is too small (14.5pt): 
(fancyhdr)                Make it at least 26.98592pt, for example:
(fancyhdr)                \setlength{\headheight}{26.98592pt}.
(fancyhdr)                You might also make \topmargin smaller:
(fancyhdr)                \addtolength{\topmargin}{-12.48592pt}.


warning  (pdf backend): ignoring duplicate destination with the name 'page.21'
[21]


warning  (pdf backend): ignoring duplicate destination with the name 'page.22'
[22]


Package fancyhdr Warning: \headheight is too small (14.5pt): 
(fancyhdr)                Make it at least 26.98592pt, for example:
(fancyhdr)                \setlength{\headheight}{26.98592pt}.
(fancyhdr)                You might also make \topmargin smaller:
(fancyhdr)                \addtolength{\topmargin}{-12.48592pt}.


warning  (pdf backend): ignoring duplicate destination with the name 'page.23'
[23]


warning  (pdf backend): ignoring duplicate destination with the name 'page.24'
[24]


warning  (pdf backend): ignoring duplicate destination with the name 'page.25'
[25]


warning  (pdf backend): ignoring duplicate destination with the name 'page.26'
[26]


warning  (pdf backend): ignoring duplicate destination with the name 'page.27'
[27]
Missing character: There is no ° (U+00B0) in font cmr12!
Missing character: There is no ° (U+00B0) in font cmr12!
Missing character: There is no ° (U+00B0) in font cmr12!
Missing character: There is no ° (U+00B0) in font cmr12!



warning  (pdf backend): ignoring duplicate destination with the name 'page.28'
[28]
Overfull \hbox (8.36368pt too wide) in paragraph at lines 1483--1484
 [][] 
 []




warning  (pdf backend): ignoring duplicate destination with the name 'page.29'
[29]


warning  (pdf backend): ignoring duplicate destination with the name 'page.30'
[30]


warning  (pdf backend): ignoring duplicate destination with the name 'page.31'
[31]) (./Part_V_Digital/ch20_z_transform.tex


warning  (pdf backend): ignoring duplicate destination with the name 'page.32'
[32]
Chapter 20.



warning  (pdf backend): ignoring duplicate destination with the name 'page.33'
[33

]


warning  (pdf backend): ignoring duplicate destination with the name 'page.34'
[34]

Package hyperref Warning: Token not allowed in a PDF string (Unicode):
(hyperref)                removing `math shift' on input line 74.


Package hyperref Warning: Token not allowed in a PDF string (Unicode):
(hyperref)                removing `superscript' on input line 74.


Package hyperref Warning: Token not allowed in a PDF string (Unicode):
(hyperref)                removing `math shift' on input line 74.




warning  (pdf backend): ignoring duplicate destination with the name 'page.35'
[35]


warning  (pdf backend): ignoring duplicate destination with the name 'page.36'
[36]
! Undefined control sequence.
l.147 X(z) = \ztrans
                    \{x[n]\} = \sum_{n=0}^{\infty} x[n] z^{-n}
The control sequence at the end of the top line
of your error message was never \def'ed. If you have
misspelled it (e.g., `\hobx'), type `I' and the correct
spelling (e.g., `I\hbox'). Otherwise just continue,
and I'll forget about whatever was undefined.

! Undefined control sequence.
l.167 \ztrans
             \{u[n]\} = \sum_{n=0}^{\infty} z^{-n} = \frac{1}{1 - z^{-1}} = ...
The control sequence at the end of the top line
of your error message was never \def'ed. If you have
misspelled it (e.g., `\hobx'), type `I' and the correct
spelling (e.g., `I\hbox'). Otherwise just continue,
and I'll forget about whatever was undefined.

! Undefined control sequence.
l.178 \ztrans
             \{a^n u[n]\} = \sum_{n=0}^{\infty} a^n z^{-n} = \sum_{n=0}^{\in...
The control sequence at the end of the top line
of your error message was never \def'ed. If you have
misspelled it (e.g., `\hobx'), type `I' and the correct
spelling (e.g., `I\hbox'). Otherwise just continue,
and I'll forget about whatever was undefined.

! Undefined control sequence.
l.185 \ztrans
             \{n \cdot u[n]\} = \frac{z}{(z-1)^2}, \quad |z| > 1
The control sequence at the end of the top line
of your error message was never \def'ed. If you have
misspelled it (e.g., `\hobx'), type `I' and the correct
spelling (e.g., `I\hbox'). Otherwise just continue,
and I'll forget about whatever was undefined.




warning  (pdf backend): ignoring duplicate destination with the name 'page.37'
[37]
! Undefined control sequence.
<recently read> \ztrans 
                        
l.190 ...ntiation property. Starting from $\ztrans
                                                  \{u[n]\} = z/(z-1)$ and no...
The control sequence at the end of the top line
of your error message was never \def'ed. If you have
misspelled it (e.g., `\hobx'), type `I' and the correct
spelling (e.g., `I\hbox'). Otherwise just continue,
and I'll forget about whatever was undefined.

! Undefined control sequence.
l.192 \ztrans
             \{n \cdot x[n]\} = -z \frac{d}{dz} X(z)
The control sequence at the end of the top line
of your error message was never \def'ed. If you have
misspelled it (e.g., `\hobx'), type `I' and the correct
spelling (e.g., `I\hbox'). Otherwise just continue,
and I'll forget about whatever was undefined.

! Undefined control sequence.
<argument>  \ztrans 
                    \{\cos (\Omega n) u[n]\} &= \frac {z(z - \cos \Omega )}{...
l.205 \end{align}
                 
The control sequence at the end of the top line
of your error message was never \def'ed. If you have
misspelled it (e.g., `\hobx'), type `I' and the correct
spelling (e.g., `I\hbox'). Otherwise just continue,
and I'll forget about whatever was undefined.

! Undefined control sequence.
<argument> ...mega + 1}, \quad |z| > 1 \\ \ztrans 
                                                  \{\sin (\Omega n) u[n]\} &...
l.205 \end{align}
                 
The control sequence at the end of the top line
of your error message was never \def'ed. If you have
misspelled it (e.g., `\hobx'), type `I' and the correct
spelling (e.g., `I\hbox'). Otherwise just continue,
and I'll forget about whatever was undefined.

! Undefined control sequence.
<argument>  \ztrans 
                    \{\cos (\Omega n) u[n]\} &= \frac {z(z - \cos \Omega )}{...
l.205 \end{align}
                 
The control sequence at the end of the top line
of your error message was never \def'ed. If you have
misspelled it (e.g., `\hobx'), type `I' and the correct
spelling (e.g., `I\hbox'). Otherwise just continue,
and I'll forget about whatever was undefined.

! Undefined control sequence.
<argument> ...mega + 1}, \quad |z| > 1 \\ \ztrans 
                                                  \{\sin (\Omega n) u[n]\} &...
l.205 \end{align}
                 
The control sequence at the end of the top line
of your error message was never \def'ed. If you have
misspelled it (e.g., `\hobx'), type `I' and the correct
spelling (e.g., `I\hbox'). Otherwise just continue,
and I'll forget about whatever was undefined.

! Undefined control sequence.
l.211 \ztrans
             \{e^{j\Omega n} u[n]\} = \frac{z}{z - e^{j\Omega}}
The control sequence at the end of the top line
of your error message was never \def'ed. If you have
misspelled it (e.g., `\hobx'), type `I' and the correct
spelling (e.g., `I\hbox'). Otherwise just continue,
and I'll forget about whatever was undefined.

! Undefined control sequence.
l.219 \ztrans
             \{r^n \cos(\Omega n) u[n]\} = \frac{z(z - r\cos\Omega)}{z^2 - 2...
The control sequence at the end of the top line
of your error message was never \def'ed. If you have
misspelled it (e.g., `\hobx'), type `I' and the correct
spelling (e.g., `I\hbox'). Otherwise just continue,
and I'll forget about whatever was undefined.

! Undefined control sequence.
l.230 \ztrans
             \{\alpha x[n] + \beta y[n]\} = \alpha X(z) + \beta Y(z)
The control sequence at the end of the top line
of your error message was never \def'ed. If you have
misspelled it (e.g., `\hobx'), type `I' and the correct
spelling (e.g., `I\hbox'). Otherwise just continue,
and I'll forget about whatever was undefined.

! Undefined control sequence.
l.237 \ztrans
             \{x[n-k]\} = z^{-k} X(z), \quad k > 0
The control sequence at the end of the top line
of your error message was never \def'ed. If you have
misspelled it (e.g., `\hobx'), type `I' and the correct
spelling (e.g., `I\hbox'). Otherwise just continue,
and I'll forget about whatever was undefined.

! Undefined control sequence.
l.247 \ztrans
             \{x[n+1]\} = z X(z) - z x[0]
The control sequence at the end of the top line
of your error message was never \def'ed. If you have
misspelled it (e.g., `\hobx'), type `I' and the correct
spelling (e.g., `I\hbox'). Otherwise just continue,
and I'll forget about whatever was undefined.

! Undefined control sequence.
l.251 \ztrans
             \{x[n+k]\} = z^k X(z) - \sum_{m=0}^{k-1} z^{k-m} x[m]
The control sequence at the end of the top line
of your error message was never \def'ed. If you have
misspelled it (e.g., `\hobx'), type `I' and the correct
spelling (e.g., `I\hbox'). Otherwise just continue,
and I'll forget about whatever was undefined.




warning  (pdf backend): ignoring duplicate destination with the name 'page.38'
[38]


warning  (pdf backend): ignoring duplicate destination with the name 'page.39'
[39]


warning  (pdf backend): ignoring duplicate destination with the name 'page.40'
[40]
! Undefined control sequence.
<recently read> \real 
                      
l.435 ...] (-2.5,0) -- (2.5,0) node[right] {$\real
                                                  (z)$};
The control sequence at the end of the top line
of your error message was never \def'ed. If you have
misspelled it (e.g., `\hobx'), type `I' and the correct
spelling (e.g., `I\hbox'). Otherwise just continue,
and I'll forget about whatever was undefined.

! Undefined control sequence.
<recently read> \imag 
                      
l.436 ...] (0,-2.5) -- (0,2.5) node[above] {$\imag
                                                  (z)$};
The control sequence at the end of the top line
of your error message was never \def'ed. If you have
misspelled it (e.g., `\hobx'), type `I' and the correct
spelling (e.g., `I\hbox'). Otherwise just continue,
and I'll forget about whatever was undefined.


Overfull \hbox (29.52142pt too wide) in paragraph at lines 461--462
 [][] 
 []


Underfull \vbox (badness 1769) has occurred while \output is active []




warning  (pdf backend): ignoring duplicate destination with the name 'page.41'
[41]
! Undefined control sequence.
l.501 ...response of the system is $h[n] = \ztrans
                                                  ^{-1}\{H(z)\}$. For a pole...
The control sequence at the end of the top line
of your error message was never \def'ed. If you have
misspelled it (e.g., `\hobx'), type `I' and the correct
spelling (e.g., `I\hbox'). Otherwise just continue,
and I'll forget about whatever was undefined.




warning  (pdf backend): ignoring duplicate destination with the name 'page.42'
[42]
! Undefined control sequence.
<recently read> \real 
                      
l.509 ...] (-2.5,0) -- (2.5,0) node[right] {$\real
                                                  (z)$};
The control sequence at the end of the top line
of your error message was never \def'ed. If you have
misspelled it (e.g., `\hobx'), type `I' and the correct
spelling (e.g., `I\hbox'). Otherwise just continue,
and I'll forget about whatever was undefined.

! Undefined control sequence.
<recently read> \imag 
                      
l.510 ...] (0,-2.5) -- (0,2.5) node[above] {$\imag
                                                  (z)$};
The control sequence at the end of the top line
of your error message was never \def'ed. If you have
misspelled it (e.g., `\hobx'), type `I' and the correct
spelling (e.g., `I\hbox'). Otherwise just continue,
and I'll forget about whatever was undefined.

! Undefined control sequence.
<recently read> \real 
                      
l.538 ...] (-2.5,0) -- (2.5,0) node[right] {$\real
                                                  (z)$};
The control sequence at the end of the top line
of your error message was never \def'ed. If you have
misspelled it (e.g., `\hobx'), type `I' and the correct
spelling (e.g., `I\hbox'). Otherwise just continue,
and I'll forget about whatever was undefined.

! Undefined control sequence.
<recently read> \imag 
                      
l.539 ...] (0,-2.5) -- (0,2.5) node[above] {$\imag
                                                  (z)$};
The control sequence at the end of the top line
of your error message was never \def'ed. If you have
misspelled it (e.g., `\hobx'), type `I' and the correct
spelling (e.g., `I\hbox'). Otherwise just continue,
and I'll forget about whatever was undefined.




warning  (pdf backend): ignoring duplicate destination with the name 'page.43'
[43]


warning  (pdf backend): ignoring duplicate destination with the name 'page.44'
[44]

! Package Listings Error: Couldn't load requested style.

See the Listings package documentation for explanation.
Type  H <return>  for immediate help.
 ...                                              
                                                  
l.689 ...igital Filter Implementation on Arduino}]
                                                  
The following styles weren't loadable:
    ,arduino$
This may cause errors in the sequel.


! Package Listings Error: style arduino undefined.

See the Listings package documentation for explanation.
Type  H <return>  for immediate help.
 ...                                              
                                                  
l.689 ...igital Filter Implementation on Arduino}]
                                                  
The style is not loadable. Try typing  <return>  to proceed.
If that doesn't work, type  X <return>  to quit.




warning  (pdf backend): ignoring duplicate destination with the name 'page.45'
[45]


warning  (pdf backend): ignoring duplicate destination with the name 'page.46'
[46]
Underfull \vbox (badness 10000) has occurred while \output is active []




warning  (pdf backend): ignoring duplicate destination with the name 'page.47'
[47]


warning  (pdf backend): ignoring duplicate destination with the name 'page.48'
[48]


warning  (pdf backend): ignoring duplicate destination with the name 'page.49'
[49]
! Undefined control sequence.
<argument>  X(z) &= 3 \cdot \ztrans 
                                    \{2^n u[n]\} - 2 \cdot \ztrans \{3^n u[n...
l.947 \end{align}
                 
The control sequence at the end of the top line
of your error message was never \def'ed. If you have
misspelled it (e.g., `\hobx'), type `I' and the correct
spelling (e.g., `I\hbox'). Otherwise just continue,
and I'll forget about whatever was undefined.

! Undefined control sequence.
<argument> ...rans \{2^n u[n]\} - 2 \cdot \ztrans 
                                                  \{3^n u[n]\} \\ &= 3 \cdot...
l.947 \end{align}
                 
The control sequence at the end of the top line
of your error message was never \def'ed. If you have
misspelled it (e.g., `\hobx'), type `I' and the correct
spelling (e.g., `I\hbox'). Otherwise just continue,
and I'll forget about whatever was undefined.

! Undefined control sequence.
<argument>  X(z) &= 3 \cdot \ztrans 
                                    \{2^n u[n]\} - 2 \cdot \ztrans \{3^n u[n...
l.947 \end{align}
                 
The control sequence at the end of the top line
of your error message was never \def'ed. If you have
misspelled it (e.g., `\hobx'), type `I' and the correct
spelling (e.g., `I\hbox'). Otherwise just continue,
and I'll forget about whatever was undefined.

! Undefined control sequence.
<argument> ...rans \{2^n u[n]\} - 2 \cdot \ztrans 
                                                  \{3^n u[n]\} \\ &= 3 \cdot...
l.947 \end{align}
                 
The control sequence at the end of the top line
of your error message was never \def'ed. If you have
misspelled it (e.g., `\hobx'), type `I' and the correct
spelling (e.g., `I\hbox'). Otherwise just continue,
and I'll forget about whatever was undefined.

! Undefined control sequence.
l.957 G(z) = (1 - z^{-1}) \ztrans
                                 \left\{\frac{G(s)}{s}\right\}
The control sequence at the end of the top line
of your error message was never \def'ed. If you have
misspelled it (e.g., `\hobx'), type `I' and the correct
spelling (e.g., `I\hbox'). Otherwise just continue,
and I'll forget about whatever was undefined.

! Undefined control sequence.
l.967 \ztrans
             \left\{\frac{G(s)}{s}\right\} = \frac{5}{2} \cdot \frac{z}{z-1}...
The control sequence at the end of the top line
of your error message was never \def'ed. If you have
misspelled it (e.g., `\hobx'), type `I' and the correct
spelling (e.g., `I\hbox'). Otherwise just continue,
and I'll forget about whatever was undefined.




warning  (pdf backend): ignoring duplicate destination with the name 'page.50'
[50]
! Undefined control sequence.
l.973 \ztrans
             \left\{\frac{G(s)}{s}\right\} = \frac{5}{2} \left(\frac{z}{z-1}...
The control sequence at the end of the top line
of your error message was never \def'ed. If you have
misspelled it (e.g., `\hobx'), type `I' and the correct
spelling (e.g., `I\hbox'). Otherwise just continue,
and I'll forget about whatever was undefined.


Overfull \hbox (10.76132pt too wide) in paragraph at lines 1019--1020
[]\T1/ptm/m/n/12 Ver-i-fi-ca-tion: $\OML/cmm/m/it/12 y\OT1/cmr/m/n/12 [0] = \OM
S/cmsy/m/n/12 ^^@\OT1/cmr/m/n/12 50\OML/cmm/m/it/12 =\OT1/cmr/m/n/12 3 + 80\OML
/cmm/m/it/12 =\OT1/cmr/m/n/12 3 = 30\OML/cmm/m/it/12 =\OT1/cmr/m/n/12 3 = 10$\T
1/ptm/m/n/12 . From the ini-tial value the-o-rem: $[][] \OML/cmm/m/it/12 Y\OT1/
cmr/m/n/12 (\OML/cmm/m/it/12 z\OT1/cmr/m/n/12 ) =
 []




warning  (pdf backend): ignoring duplicate destination with the name 'page.51'
[51]
Missing character: There is no ° (U+00B0) in font cmr12!
! Undefined control sequence.
<recently read> \real 
                      
l.1070 ... (-1.5,0) -- (1.5,0) node[right] {$\real
                                                  $};
The control sequence at the end of the top line
of your error message was never \def'ed. If you have
misspelled it (e.g., `\hobx'), type `I' and the correct
spelling (e.g., `I\hbox'). Otherwise just continue,
and I'll forget about whatever was undefined.

! Undefined control sequence.
<recently read> \imag 
                      
l.1071 ... (0,-1.5) -- (0,1.5) node[above] {$\imag
                                                  $};
The control sequence at the end of the top line
of your error message was never \def'ed. If you have
misspelled it (e.g., `\hobx'), type `I' and the correct
spelling (e.g., `I\hbox'). Otherwise just continue,
and I'll forget about whatever was undefined.




warning  (pdf backend): ignoring duplicate destination with the name 'page.52'
[52]
Overfull \hbox (4.60274pt too wide) in paragraph at lines 1129--1130
[][]\T1/ptm/b/n/12 Ex-am-ple 20.9 \T1/ptm/m/n/12 (Com-plete Dis-crete Sys-tem An
al-y-sis)\T1/ptm/b/n/12 . []\T1/ptm/m/n/12 A discrete-time con-trol sys-tem has the closed-
 []

Missing character: There is no ° (U+00B0) in font cmr12!
Missing character: There is no ° (U+00B0) in font cmr12!



warning  (pdf backend): ignoring duplicate destination with the name 'page.53'
[53]
! Undefined control sequence.
<recently read> \real 
                      
l.1176 ... (-1.5,0) -- (1.5,0) node[right] {$\real
                                                  $};
The control sequence at the end of the top line
of your error message was never \def'ed. If you have
misspelled it (e.g., `\hobx'), type `I' and the correct
spelling (e.g., `I\hbox'). Otherwise just continue,
and I'll forget about whatever was undefined.

! Undefined control sequence.
<recently read> \imag 
                      
l.1177 ... (0,-1.5) -- (0,1.5) node[above] {$\imag
                                                  $};
The control sequence at the end of the top line
of your error message was never \def'ed. If you have
misspelled it (e.g., `\hobx'), type `I' and the correct
spelling (e.g., `I\hbox'). Otherwise just continue,
and I'll forget about whatever was undefined.




warning  (pdf backend): ignoring duplicate destination with the name 'page.54'
[54]


warning  (pdf backend): ignoring duplicate destination with the name 'page.55'
[55]


warning  (pdf backend): ignoring duplicate destination with the name 'page.56'
[56

])


warning  (pdf backend): ignoring duplicate destination with the name 'page.57'
[57]


warning  (pdf backend): ignoring duplicate destination with the name 'page.58'
[58

]


warning  (pdf backend): ignoring duplicate destination with the name 'page.59'
[59]


warning  (pdf backend): ignoring duplicate destination with the name 'page.60'
[60] (./Part_VI_Modern_AI/ch21_model_predictive_control.tex

Package hyperref Warning: Difference (2) between bookmark levels is greater 
(hyperref)                than one, level fixed on input line 7.


Underfull \vbox (badness 1275) has occurred while \output is active []




warning  (pdf backend): ignoring duplicate destination with the name 'page.61'
[61]


warning  (pdf backend): ignoring duplicate destination with the name 'page.62'
[62]
Overfull \hbox (5.02083pt too wide) in paragraph at lines 94--95
[]\T1/ptm/b/n/12 Sta-bil-ity through Ter-mi-nal Con-straints\T1/ptm/m/n/12 : Dav
id Mayne, James Rawl-ings, and oth-ers showed
 []




warning  (pdf backend): ignoring duplicate destination with the name 'page.63'
[63]


warning  (pdf backend): ignoring duplicate destination with the name 'page.64'
[64]


warning  (pdf backend): ignoring duplicate destination with the name 'page.65'
[65]


warning  (pdf backend): ignoring duplicate destination with the name 'page.66'
[66]


warning  (pdf backend): ignoring duplicate destination with the name 'page.67'
[67]


warning  (pdf backend): ignoring duplicate destination with the name 'page.68'
[68]


warning  (pdf backend): ignoring duplicate destination with the name 'page.69'
[69]
Package hyperref Info: bookmark level for unknown algorithm defaults to 0 on in
put line 457.

! Missing number, treated as zero.
<to be read again> 
                   \ALG@currentblock@0 
l.469 \end{algorithmic}
                       
A number should have been here; I inserted `0'.
(If you can't figure out why I needed to see a number,
look up `weird error' in the index to The TeXbook.)

! Missing = inserted for \ifnum.
<to be read again> 
                   \ALG@currentblock@0 
l.469 \end{algorithmic}
                       
I was expecting to see `<', `=', or `>'. Didn't.

! Missing number, treated as zero.
<to be read again> 
                   \ALG@currentblock@0 
l.469 \end{algorithmic}
                       
A number should have been here; I inserted `0'.
(If you can't figure out why I needed to see a number,
look up `weird error' in the index to The TeXbook.)




warning  (pdf backend): ignoring duplicate destination with the name 'page.70'
[70]


warning  (pdf backend): ignoring duplicate destination with the name 'page.71'
[71]
Overfull \hbox (19.05785pt too wide) in paragraph at lines 540--540
[]\T1/ptm/b/n/17.28 Prac-ti-cal Lab-o-ra-tory: Tank Level Con-trol with Con-stra
ints 
 []




warning  (pdf backend): ignoring duplicate destination with the name 'page.72'
[72]


warning  (pdf backend): ignoring duplicate destination with the name 'page.73'
[73]


warning  (pdf backend): ignoring duplicate destination with the name 'page.74'
[74]


warning  (pdf backend): ignoring duplicate destination with the name 'page.75'
[75]
Underfull \vbox (badness 10000) has occurred while \output is active []




warning  (pdf backend): ignoring duplicate destination with the name 'page.76'
[76]


warning  (pdf backend): ignoring duplicate destination with the name 'page.77'
[77]


warning  (pdf backend): ignoring duplicate destination with the name 'page.78'
[78]


warning  (pdf backend): ignoring duplicate destination with the name 'page.79'
[79]


warning  (pdf backend): ignoring duplicate destination with the name 'page.80'
[80]


warning  (pdf backend): ignoring duplicate destination with the name 'page.81'
[81]


warning  (pdf backend): ignoring duplicate destination with the name 'page.82'
[82]


warning  (pdf backend): ignoring duplicate destination with the name 'page.83'
[83]


warning  (pdf backend): ignoring duplicate destination with the name 'page.84'
[84]


warning  (pdf backend): ignoring duplicate destination with the name 'page.85'
[85]) (./Part_VI_Modern_AI/ch22_system_identification.tex


warning  (pdf backend): ignoring duplicate destination with the name 'page.86'
[86]
Chapter 21.



warning  (pdf backend): ignoring duplicate destination with the name 'page.87'
[87

]


warning  (pdf backend): ignoring duplicate destination with the name 'page.88'
[88

]
! Undefined control sequence.
\abstract ...pos }\abstractnamefont \abstractname 
                                                  \@endparpenalty \@M \end \...
l.8 \begin{abstract}
                    
The control sequence at the end of the top line
of your error message was never \def'ed. If you have
misspelled it (e.g., `\hobx'), type `I' and the correct
spelling (e.g., `I\hbox'). Otherwise just continue,
and I'll forget about whatever was undefined.




warning  (pdf backend): ignoring duplicate destination with the name 'page.1'
[1]


warning  (pdf backend): ignoring duplicate destination with the name 'page.2'
[2]


warning  (pdf backend): ignoring duplicate destination with the name 'page.3'
[3]


warning  (pdf backend): ignoring duplicate destination with the name 'page.4'
[4]
Overfull \hbox (9.80803pt too wide) in paragraph at lines 138--139
\T1/ptm/m/n/12 At a crit-i-cal speed, this cou-pling can pro-duce self-excited 
os-cil-la-tions of rapidly grow-ing amplitude---
 []




warning  (pdf backend): ignoring duplicate destination with the name 'page.5'
[5]
Overfull \hbox (10.99626pt too wide) in paragraph at lines 185--186
[]\T1/ptm/b/n/12 Pre-dic-tive main-te-nance\T1/ptm/m/n/12 : Iden-ti-fy-ing chang
es in sys-tem dy-nam-ics can re-veal in-cip-i-ent faults---
 []


Overfull \hbox (1.24066pt too wide) in paragraph at lines 193--195
\T1/ptm/m/n/12 The bound-ary be-tween sys-tem iden-ti-fi-ca-tion and ma-chine le
arn-ing has be-come in-creas-ingly porous: 
 []




warning  (pdf backend): ignoring duplicate destination with the name 'page.6'
[6]


warning  (pdf backend): ignoring duplicate destination with the name 'page.7'
[7]


warning  (pdf backend): ignoring duplicate destination with the name 'page.8'
[8]


warning  (pdf backend): ignoring duplicate destination with the name 'page.9'
[9]


warning  (pdf backend): ignoring duplicate destination with the name 'page.10'
[10]


warning  (pdf backend): ignoring duplicate destination with the name 'page.11'
[11]


warning  (pdf backend): ignoring duplicate destination with the name 'page.12'
[12]


warning  (pdf backend): ignoring duplicate destination with the name 'page.13'
[13]


warning  (pdf backend): ignoring duplicate destination with the name 'page.14'
[14]


warning  (pdf backend): ignoring duplicate destination with the name 'page.15'
[15]


warning  (pdf backend): ignoring duplicate destination with the name 'page.16'
[16]


warning  (pdf backend): ignoring duplicate destination with the name 'page.17'
[17]
Underfull \vbox (badness 10000) has occurred while \output is active []




warning  (pdf backend): ignoring duplicate destination with the name 'page.18'
[18]


warning  (pdf backend): ignoring duplicate destination with the name 'page.19'
[19]


warning  (pdf backend): ignoring duplicate destination with the name 'page.20'
[20]


warning  (pdf backend): ignoring duplicate destination with the name 'page.21'
[21]


warning  (pdf backend): ignoring duplicate destination with the name 'page.22'
[22]
Missing character: There is no ° (U+00B0) in font cmr12!
Missing character: There is no ° (U+00B0) in font cmr12!
Missing character: There is no ° (U+00B0) in font cmr12!
Missing character: There is no ° (U+00B0) in font cmr12!
Missing character: There is no ° (U+00B0) in font cmr12!
Missing character: There is no ° (U+00B0) in font cmr12!
Missing character: There is no ° (U+00B0) in font cmr12!



warning  (pdf backend): ignoring duplicate destination with the name 'page.23'
[23]


warning  (pdf backend): ignoring duplicate destination with the name 'page.24'
[24]


warning  (pdf backend): ignoring duplicate destination with the name 'page.25'
[25]
Overfull \hbox (4.81783pt too wide) in paragraph at lines 1368--1369
\T1/ptm/m/n/12 for or-bital pre-dic-tion (1809) and ma-tured through Ljung's pre
-dic-tion er-ror frame-work (1970s--
 []




warning  (pdf backend): ignoring duplicate destination with the name 'page.26'
[26]


warning  (pdf backend): ignoring duplicate destination with the name 'page.27'
[27]


warning  (pdf backend): ignoring duplicate destination with the name 'page.28'
[28]
Overfull \hbox (45.9685pt too wide) in paragraph at lines 1411--1412
[]\T1/ptm/b/n/12 Fre-quency Do-main Fit-ting\T1/ptm/m/n/12 : Given fre-quency re
-sponse mea-sure-ments $\OMS/cmsy/m/n/12 j\OML/cmm/m/it/12 G\OT1/cmr/m/n/12 (\O
ML/cmm/m/it/12 j!\OT1/cmr/m/n/12 )\OMS/cmsy/m/n/12 j \OT1/cmr/m/n/12 = [0\OML/c
mm/m/it/12 :\OT1/cmr/m/n/12 95\OML/cmm/m/it/12 ; \OT1/cmr/m/n/12 0\OML/cmm/m/it
/12 :\OT1/cmr/m/n/12 7\OML/cmm/m/it/12 ; \OT1/cmr/m/n/12 0\OML/cmm/m/it/12 :\OT
1/cmr/m/n/12 45\OML/cmm/m/it/12 ; \OT1/cmr/m/n/12 0\OML/cmm/m/it/12 :\OT1/cmr/m
/n/12 3]$
 []

) (./Part_VI_Modern_AI/ch23_adaptive_control.tex


warning  (pdf backend): ignoring duplicate destination with the name 'page.29'
[29]


warning  (pdf backend): ignoring duplicate destination with the name 'page.30'
[30

]
Chapter 22.



warning  (pdf backend): ignoring duplicate destination with the name 'page.31'
[31]


warning  (pdf backend): ignoring duplicate destination with the name 'page.32'
[32]


warning  (pdf backend): ignoring duplicate destination with the name 'page.33'
[33]


warning  (pdf backend): ignoring duplicate destination with the name 'page.34'
[34]


warning  (pdf backend): ignoring duplicate destination with the name 'page.35'
[35]


warning  (pdf backend): ignoring duplicate destination with the name 'page.36'
[36]


warning  (pdf backend): ignoring duplicate destination with the name 'page.37'
[37]


warning  (pdf backend): ignoring duplicate destination with the name 'page.38'
[38]


warning  (pdf backend): ignoring duplicate destination with the name 'page.39'
[39]


warning  (pdf backend): ignoring duplicate destination with the name 'page.40'
[40]
Underfull \vbox (badness 1418) has occurred while \output is active []




warning  (pdf backend): ignoring duplicate destination with the name 'page.41'
[41]
Overfull \hbox (10.65945pt too wide) in paragraph at lines 632--633
[]\T1/ptm/b/n/12 Iden-tify schedul-ing vari-able(s): \T1/ptm/m/n/12 Mea-sur-able
 vari-able(s) that cor-re-late with pa-ram-e-ter changes
 []




warning  (pdf backend): ignoring duplicate destination with the name 'page.42'
[42]


warning  (pdf backend): ignoring duplicate destination with the name 'page.43'
[43]

! LaTeX Error: Environment experimentbox undefined.

See the LaTeX manual or LaTeX Companion for explanation.
Type  H <return>  for immediate help.
 ...                                              
                                                  
l.727 \begin{experimentbox}
                           [title=Adaptive DC Motor Speed Control with Varia...
Your command was ignored.
Type  I <command> <return>  to replace it with another command,
or  <return>  to continue without it.


! LaTeX Error: \begin{document} ended by \end{experimentbox}.

See the LaTeX manual or LaTeX Companion for explanation.
Type  H <return>  for immediate help.
 ...                                              
                                                  
l.733 \end{experimentbox}
                         
Your command was ignored.
Type  I <command> <return>  to replace it with another command,
or  <return>  to continue without it.




warning  (pdf backend): ignoring duplicate destination with the name 'page.44'
[44]


warning  (pdf backend): ignoring duplicate destination with the name 'page.45'
[45]

! Package Listings Error: Couldn't load requested style.

See the Listings package documentation for explanation.
Type  H <return>  for immediate help.
 ...                                              
                                                  
l.841 ...on={Adaptive motor control Arduino code}]
                                                  
The following styles weren't loadable:
    ,arduinostyle$
This may cause errors in the sequel.


! Package Listings Error: style arduinostyle undefined.

See the Listings package documentation for explanation.
Type  H <return>  for immediate help.
 ...                                              
                                                  
l.841 ...on={Adaptive motor control Arduino code}]
                                                  
The style is not loadable. Try typing  <return>  to proceed.
If that doesn't work, type  X <return>  to quit.




warning  (pdf backend): ignoring duplicate destination with the name 'page.46'
[46]
Underfull \vbox (badness 10000) has occurred while \output is active []




warning  (pdf backend): ignoring duplicate destination with the name 'page.47'
[47]


warning  (pdf backend): ignoring duplicate destination with the name 'page.48'
[48]


warning  (pdf backend): ignoring duplicate destination with the name 'page.49'
[49]


warning  (pdf backend): ignoring duplicate destination with the name 'page.50'
[50]

! Package pgfkeys Error: Choice 'major' unknown in choice key '/pgfplots/legend
 pos'. I am going to ignore this key.

See the pgfkeys package documentation for explanation.
Type  H <return>  for immediate help.
 ...                                              
                                                  
l.1161 \end{axis}
                 
(That was another \errmessage.)




warning  (pdf backend): ignoring duplicate destination with the name 'page.51'
[51]


warning  (pdf backend): ignoring duplicate destination with the name 'page.52'
[52]


warning  (pdf backend): ignoring duplicate destination with the name 'page.53'
[53]


warning  (pdf backend): ignoring duplicate destination with the name 'page.54'
[54]


warning  (pdf backend): ignoring duplicate destination with the name 'page.55'
[55]


warning  (pdf backend): ignoring duplicate destination with the name 'page.56'
[56]


warning  (pdf backend): ignoring duplicate destination with the name 'page.57'
[57]) (./Part_VI_Modern_AI/ch24_reinforcement_learning.tex


warning  (pdf backend): ignoring duplicate destination with the name 'page.58'
[58]
Chapter 24.



warning  (pdf backend): ignoring duplicate destination with the name 'page.59'
[59

]
! Undefined control sequence.
l.60 V^*(s) = \max_{a \in \actions
                                  } \left[ R(s,a) + \discount \sum_{s' \in \...
The control sequence at the end of the top line
of your error message was never \def'ed. If you have
misspelled it (e.g., `\hobx'), type `I' and the correct
spelling (e.g., `I\hbox'). Otherwise just continue,
and I'll forget about whatever was undefined.

! Undefined control sequence.
l.60 ...{a \in \actions} \left[ R(s,a) + \discount
                                                   \sum_{s' \in \states} P(s...
The control sequence at the end of the top line
of your error message was never \def'ed. If you have
misspelled it (e.g., `\hobx'), type `I' and the correct
spelling (e.g., `I\hbox'). Otherwise just continue,
and I'll forget about whatever was undefined.

! Undefined control sequence.
l.60 ...t[ R(s,a) + \discount \sum_{s' \in \states
                                                  } P(s'|s,a) V^*(s') \right]
The control sequence at the end of the top line
of your error message was never \def'ed. If you have
misspelled it (e.g., `\hobx'), type `I' and the correct
spelling (e.g., `I\hbox'). Otherwise just continue,
and I'll forget about whatever was undefined.


Overfull \hbox (36.51936pt too wide) in paragraph at lines 64--65
\T1/ptm/m/n/12 ti-mal-ity, but they suf-fered from what Bell-man him-self called
 the ``curse of di-men-sion-al-ity''---computational
 []




warning  (pdf backend): ignoring duplicate destination with the name 'page.60'
[60]
! Undefined control sequence.
l.74 V(s_t) \leftarrow V(s_t) + \lr
                                    \left[ r_{t+1} + \discount V(s_{t+1}) - ...
The control sequence at the end of the top line
of your error message was never \def'ed. If you have
misspelled it (e.g., `\hobx'), type `I' and the correct
spelling (e.g., `I\hbox'). Otherwise just continue,
and I'll forget about whatever was undefined.

! Undefined control sequence.
l.74 ...ow V(s_t) + \lr \left[ r_{t+1} + \discount
                                                   V(s_{t+1}) - V(s_t) \right]
The control sequence at the end of the top line
of your error message was never \def'ed. If you have
misspelled it (e.g., `\hobx'), type `I' and the correct
spelling (e.g., `I\hbox'). Otherwise just continue,
and I'll forget about whatever was undefined.

! Undefined control sequence.
l.84 Q(s_t, a_t) \leftarrow Q(s_t, a_t) + \lr
                                              \left[ r_{t+1} + \discount \ma...
The control sequence at the end of the top line
of your error message was never \def'ed. If you have
misspelled it (e.g., `\hobx'), type `I' and the correct
spelling (e.g., `I\hbox'). Otherwise just continue,
and I'll forget about whatever was undefined.

! Undefined control sequence.
l.84 ...s_t, a_t) + \lr \left[ r_{t+1} + \discount
                                                   \max_{a'} Q(s_{t+1}, a') ...
The control sequence at the end of the top line
of your error message was never \def'ed. If you have
misspelled it (e.g., `\hobx'), type `I' and the correct
spelling (e.g., `I\hbox'). Otherwise just continue,
and I'll forget about whatever was undefined.




warning  (pdf backend): ignoring duplicate destination with the name 'page.61'
[61]


warning  (pdf backend): ignoring duplicate destination with the name 'page.62'
[62]
Overfull \hbox (17.61967pt too wide) in paragraph at lines 159--160
\T1/ptm/b/n/12 Dex-ter-ous ma-nip-u-la-tion \T1/ptm/m/n/12 rep-re-sents a fron-t
ier where clas-si-cal con-trol strug-gles. The high-dimensional
 []




warning  (pdf backend): ignoring duplicate destination with the name 'page.63'
[63]
Overfull \hbox (1.61116pt too wide) in paragraph at lines 211--212
\T1/ptm/m/n/12 The \T1/ptm/m/it/12 Markov De-ci-sion Pro-cess \T1/ptm/m/n/12 (MD
P) pro-vides the math-e-mat-i-cal for-mal-ism for se-quen-tial decision-
 []

! Undefined control sequence.
l.214 ...rocess is a tuple $\mathcal{M} = (\states
                                                  , \actions, \trans, R, \di...
The control sequence at the end of the top line
of your error message was never \def'ed. If you have
misspelled it (e.g., `\hobx'), type `I' and the correct
spelling (e.g., `I\hbox'). Otherwise just continue,
and I'll forget about whatever was undefined.

! Undefined control sequence.
l.214 ...a tuple $\mathcal{M} = (\states, \actions
                                                  , \trans, R, \discount)$ w...
The control sequence at the end of the top line
of your error message was never \def'ed. If you have
misspelled it (e.g., `\hobx'), type `I' and the correct
spelling (e.g., `I\hbox'). Otherwise just continue,
and I'll forget about whatever was undefined.

! Undefined control sequence.
l.214 ...$\mathcal{M} = (\states, \actions, \trans
                                                  , R, \discount)$ where:
The control sequence at the end of the top line
of your error message was never \def'ed. If you have
misspelled it (e.g., `\hobx'), type `I' and the correct
spelling (e.g., `I\hbox'). Otherwise just continue,
and I'll forget about whatever was undefined.

! Undefined control sequence.
l.214 ... (\states, \actions, \trans, R, \discount
                                                  )$ where:
The control sequence at the end of the top line
of your error message was never \def'ed. If you have
misspelled it (e.g., `\hobx'), type `I' and the correct
spelling (e.g., `I\hbox'). Otherwise just continue,
and I'll forget about whatever was undefined.

! Undefined control sequence.
<recently read> \states 
                        
l.216     \item $\states
                        $ is the state space (finite or continuous)
The control sequence at the end of the top line
of your error message was never \def'ed. If you have
misspelled it (e.g., `\hobx'), type `I' and the correct
spelling (e.g., `I\hbox'). Otherwise just continue,
and I'll forget about whatever was undefined.

! Undefined control sequence.
<recently read> \actions 
                         
l.217     \item $\actions
                         $ is the action space (finite or continuous)
The control sequence at the end of the top line
of your error message was never \def'ed. If you have
misspelled it (e.g., `\hobx'), type `I' and the correct
spelling (e.g., `I\hbox'). Otherwise just continue,
and I'll forget about whatever was undefined.

! Undefined control sequence.
<recently read> \trans 
                       
l.218     \item $\trans
                       : \states \times \actions \times \states \rightarrow ...
The control sequence at the end of the top line
of your error message was never \def'ed. If you have
misspelled it (e.g., `\hobx'), type `I' and the correct
spelling (e.g., `I\hbox'). Otherwise just continue,
and I'll forget about whatever was undefined.

! Undefined control sequence.
l.218     \item $\trans: \states
                                 \times \actions \times \states \rightarrow ...
The control sequence at the end of the top line
of your error message was never \def'ed. If you have
misspelled it (e.g., `\hobx'), type `I' and the correct
spelling (e.g., `I\hbox'). Otherwise just continue,
and I'll forget about whatever was undefined.

! Undefined control sequence.
l.218     \item $\trans: \states \times \actions
                                                 \times \states \rightarrow ...
The control sequence at the end of the top line
of your error message was never \def'ed. If you have
misspelled it (e.g., `\hobx'), type `I' and the correct
spelling (e.g., `I\hbox'). Otherwise just continue,
and I'll forget about whatever was undefined.

! Undefined control sequence.
l.218 ...s: \states \times \actions \times \states
                                                   \rightarrow [0,1]$ is the...
The control sequence at the end of the top line
of your error message was never \def'ed. If you have
misspelled it (e.g., `\hobx'), type `I' and the correct
spelling (e.g., `I\hbox'). Otherwise just continue,
and I'll forget about whatever was undefined.

! Undefined control sequence.
<recently read> \trans 
                       
l.218 ...ition probability function, where $\trans
                                                  (s'|s,a) = P(s_{t+1} = s' ...
The control sequence at the end of the top line
of your error message was never \def'ed. If you have
misspelled it (e.g., `\hobx'), type `I' and the correct
spelling (e.g., `I\hbox'). Otherwise just continue,
and I'll forget about whatever was undefined.

! Undefined control sequence.
l.219     \item $R: \states
                            \times \actions \rightarrow \R$ is the reward fu...
The control sequence at the end of the top line
of your error message was never \def'ed. If you have
misspelled it (e.g., `\hobx'), type `I' and the correct
spelling (e.g., `I\hbox'). Otherwise just continue,
and I'll forget about whatever was undefined.

! Undefined control sequence.
l.219     \item $R: \states \times \actions
                                            \rightarrow \R$ is the reward fu...
The control sequence at the end of the top line
of your error message was never \def'ed. If you have
misspelled it (e.g., `\hobx'), type `I' and the correct
spelling (e.g., `I\hbox'). Otherwise just continue,
and I'll forget about whatever was undefined.

! Undefined control sequence.
l.219 ...R: \states \times \actions \rightarrow \R
                                                  $ is the reward function
The control sequence at the end of the top line
of your error message was never \def'ed. If you have
misspelled it (e.g., `\hobx'), type `I' and the correct
spelling (e.g., `I\hbox'). Otherwise just continue,
and I'll forget about whatever was undefined.

! Undefined control sequence.
<recently read> \discount 
                          
l.220     \item $\discount
                           \in [0,1)$ is the discount factor
The control sequence at the end of the top line
of your error message was never \def'ed. If you have
misspelled it (e.g., `\hobx'), type `I' and the correct
spelling (e.g., `I\hbox'). Otherwise just continue,
and I'll forget about whatever was undefined.




warning  (pdf backend): ignoring duplicate destination with the name 'page.64'
[64]
! Undefined control sequence.
<recently read> \policy 
                        
l.266 A policy $\policy
                       : \states \times \actions \rightarrow [0,1]$ is a map...
The control sequence at the end of the top line
of your error message was never \def'ed. If you have
misspelled it (e.g., `\hobx'), type `I' and the correct
spelling (e.g., `I\hbox'). Otherwise just continue,
and I'll forget about whatever was undefined.

! Undefined control sequence.
l.266 A policy $\policy: \states
                                 \times \actions \rightarrow [0,1]$ is a map...
The control sequence at the end of the top line
of your error message was never \def'ed. If you have
misspelled it (e.g., `\hobx'), type `I' and the correct
spelling (e.g., `I\hbox'). Otherwise just continue,
and I'll forget about whatever was undefined.

! Undefined control sequence.
l.266 A policy $\policy: \states \times \actions
                                                 \rightarrow [0,1]$ is a map...
The control sequence at the end of the top line
of your error message was never \def'ed. If you have
misspelled it (e.g., `\hobx'), type `I' and the correct
spelling (e.g., `I\hbox'). Otherwise just continue,
and I'll forget about whatever was undefined.

! Undefined control sequence.
<recently read> \policy 
                        
l.266 ...ributions over actions. We write $\policy
                                                  (a|s)$ for the probability...
The control sequence at the end of the top line
of your error message was never \def'ed. If you have
misspelled it (e.g., `\hobx'), type `I' and the correct
spelling (e.g., `I\hbox'). Otherwise just continue,
and I'll forget about whatever was undefined.

! Undefined control sequence.
<recently read> \policy 
                        
l.271     \item \textbf{Deterministic:} $\policy
                                                : \states \rightarrow \actio...
The control sequence at the end of the top line
of your error message was never \def'ed. If you have
misspelled it (e.g., `\hobx'), type `I' and the correct
spelling (e.g., `I\hbox'). Otherwise just continue,
and I'll forget about whatever was undefined.

! Undefined control sequence.
l.271 ...\textbf{Deterministic:} $\policy: \states
                                                   \rightarrow \actions$, ma...
The control sequence at the end of the top line
of your error message was never \def'ed. If you have
misspelled it (e.g., `\hobx'), type `I' and the correct
spelling (e.g., `I\hbox'). Otherwise just continue,
and I'll forget about whatever was undefined.

! Undefined control sequence.
l.271 ...:} $\policy: \states \rightarrow \actions
                                                  $, mapping each state to a...
The control sequence at the end of the top line
of your error message was never \def'ed. If you have
misspelled it (e.g., `\hobx'), type `I' and the correct
spelling (e.g., `I\hbox'). Otherwise just continue,
and I'll forget about whatever was undefined.

! Undefined control sequence.
<recently read> \policy 
                        
l.272     \item \textbf{Stochastic:} $\policy
                                             (a|s)$ gives a probability dist...
The control sequence at the end of the top line
of your error message was never \def'ed. If you have
misspelled it (e.g., `\hobx'), type `I' and the correct
spelling (e.g., `I\hbox'). Otherwise just continue,
and I'll forget about whatever was undefined.

! Undefined control sequence.
<recently read> \policy 
                        
l.273     \item \textbf{Stationary:} $\policy
                                             $ does not change over time
The control sequence at the end of the top line
of your error message was never \def'ed. If you have
misspelled it (e.g., `\hobx'), type `I' and the correct
spelling (e.g., `I\hbox'). Otherwise just continue,
and I'll forget about whatever was undefined.

! Undefined control sequence.
<recently read> \vfunc 
                       
l.283 The state-value function $\vfunc
                                      ^\policy: \states \rightarrow \R$ for ...
The control sequence at the end of the top line
of your error message was never \def'ed. If you have
misspelled it (e.g., `\hobx'), type `I' and the correct
spelling (e.g., `I\hbox'). Otherwise just continue,
and I'll forget about whatever was undefined.

! Undefined control sequence.
l.283 The state-value function $\vfunc^\policy
                                              : \states \rightarrow \R$ for ...
The control sequence at the end of the top line
of your error message was never \def'ed. If you have
misspelled it (e.g., `\hobx'), type `I' and the correct
spelling (e.g., `I\hbox'). Otherwise just continue,
and I'll forget about whatever was undefined.

! Undefined control sequence.
l.283 ...e-value function $\vfunc^\policy: \states
                                                   \rightarrow \R$ for polic...
The control sequence at the end of the top line
of your error message was never \def'ed. If you have
misspelled it (e.g., `\hobx'), type `I' and the correct
spelling (e.g., `I\hbox'). Otherwise just continue,
and I'll forget about whatever was undefined.

! Undefined control sequence.
l.283 ...n $\vfunc^\policy: \states \rightarrow \R
                                                  $ for policy $\policy$ is ...
The control sequence at the end of the top line
of your error message was never \def'ed. If you have
misspelled it (e.g., `\hobx'), type `I' and the correct
spelling (e.g., `I\hbox'). Otherwise just continue,
and I'll forget about whatever was undefined.

! Undefined control sequence.
<recently read> \policy 
                        
l.283 ...tates \rightarrow \R$ for policy $\policy
                                                  $ is the expected cumulati...
The control sequence at the end of the top line
of your error message was never \def'ed. If you have
misspelled it (e.g., `\hobx'), type `I' and the correct
spelling (e.g., `I\hbox'). Otherwise just continue,
and I'll forget about whatever was undefined.

! Undefined control sequence.
<recently read> \policy 
                        
l.283 ...ing from state $s$ and following $\policy
                                                  $ thereafter:
The control sequence at the end of the top line
of your error message was never \def'ed. If you have
misspelled it (e.g., `\hobx'), type `I' and the correct
spelling (e.g., `I\hbox'). Otherwise just continue,
and I'll forget about whatever was undefined.

! Undefined control sequence.
l.285 \vfunc
            ^\policy(s) = \E_\policy \left[ \sum_{t=0}^{\infty} \discount^t ...
The control sequence at the end of the top line
of your error message was never \def'ed. If you have
misspelled it (e.g., `\hobx'), type `I' and the correct
spelling (e.g., `I\hbox'). Otherwise just continue,
and I'll forget about whatever was undefined.

! Undefined control sequence.
l.285 \vfunc^\policy
                    (s) = \E_\policy \left[ \sum_{t=0}^{\infty} \discount^t ...
The control sequence at the end of the top line
of your error message was never \def'ed. If you have
misspelled it (e.g., `\hobx'), type `I' and the correct
spelling (e.g., `I\hbox'). Otherwise just continue,
and I'll forget about whatever was undefined.

! Undefined control sequence.
l.285 \vfunc^\policy(s) = \E
                            _\policy \left[ \sum_{t=0}^{\infty} \discount^t ...
The control sequence at the end of the top line
of your error message was never \def'ed. If you have
misspelled it (e.g., `\hobx'), type `I' and the correct
spelling (e.g., `I\hbox'). Otherwise just continue,
and I'll forget about whatever was undefined.

! Undefined control sequence.
l.285 \vfunc^\policy(s) = \E_\policy
                                     \left[ \sum_{t=0}^{\infty} \discount^t ...
The control sequence at the end of the top line
of your error message was never \def'ed. If you have
misspelled it (e.g., `\hobx'), type `I' and the correct
spelling (e.g., `I\hbox'). Otherwise just continue,
and I'll forget about whatever was undefined.

! Missing { inserted.
<to be read again> 
                   \left 
l.285 \vfunc^\policy(s) = \E_\policy \left
                                          [ \sum_{t=0}^{\infty} \discount^t ...
A left brace was mandatory here, so I've put one in.
You might want to delete and/or insert some corrections
so that I will find a matching right brace soon.
If you're confused by all this, try typing `I}' now.

! Undefined control sequence.
l.285 ...licy \left[ \sum_{t=0}^{\infty} \discount
                                                  ^t r_{t+1} \,\Big|\, s_0 =...
The control sequence at the end of the top line
of your error message was never \def'ed. If you have
misspelled it (e.g., `\hobx'), type `I' and the correct
spelling (e.g., `I\hbox'). Otherwise just continue,
and I'll forget about whatever was undefined.

! Double superscript.
l.285 ...icy \left[ \sum_{t=0}^{\infty} \discount^
                                                  t r_{t+1} \,\Big|\, s_0 = ...
I treat `x^1^2' essentially like `x^1{}^2'.

! You can't use `\eqno' in math mode.
\veqno ->\@kernel@eqno 
                       \aftergroup \ignorespaces 
l.287 \end{equation}
                    
Sorry, but I'm not programmed to handle this case;
I'll just pretend that you didn't ask for it.
If you're in the wrong mode, you might be able to
return to the right one by typing `I}' or `I$' or `I\par'.

! Missing } inserted.
<inserted text> 
                }
l.287 \end{equation}
                    
I've inserted something that you may have forgotten.
(See the <inserted text> above.)
With luck, this will get me unwedged. But if you
really didn't forget anything, try typing `2' now; then
my insertion and my current dilemma will both disappear.




warning  (pdf backend): ignoring duplicate destination with the name 'page.65'
[65]
! Undefined control sequence.
l.292 \vfunc
            ^\policy(s) = \E_\policy \left[ r_1 + \discount r_2 + \discount^...
The control sequence at the end of the top line
of your error message was never \def'ed. If you have
misspelled it (e.g., `\hobx'), type `I' and the correct
spelling (e.g., `I\hbox'). Otherwise just continue,
and I'll forget about whatever was undefined.

! Undefined control sequence.
l.292 \vfunc^\policy
                    (s) = \E_\policy \left[ r_1 + \discount r_2 + \discount^...
The control sequence at the end of the top line
of your error message was never \def'ed. If you have
misspelled it (e.g., `\hobx'), type `I' and the correct
spelling (e.g., `I\hbox'). Otherwise just continue,
and I'll forget about whatever was undefined.

! Undefined control sequence.
l.292 \vfunc^\policy(s) = \E
                            _\policy \left[ r_1 + \discount r_2 + \discount^...
The control sequence at the end of the top line
of your error message was never \def'ed. If you have
misspelled it (e.g., `\hobx'), type `I' and the correct
spelling (e.g., `I\hbox'). Otherwise just continue,
and I'll forget about whatever was undefined.

! Undefined control sequence.
l.292 \vfunc^\policy(s) = \E_\policy
                                     \left[ r_1 + \discount r_2 + \discount^...
The control sequence at the end of the top line
of your error message was never \def'ed. If you have
misspelled it (e.g., `\hobx'), type `I' and the correct
spelling (e.g., `I\hbox'). Otherwise just continue,
and I'll forget about whatever was undefined.

! Missing { inserted.
<to be read again> 
                   \left 
l.292 \vfunc^\policy(s) = \E_\policy \left
                                          [ r_1 + \discount r_2 + \discount^...
A left brace was mandatory here, so I've put one in.
You might want to delete and/or insert some corrections
so that I will find a matching right brace soon.
If you're confused by all this, try typing `I}' now.

! Undefined control sequence.
l.292 ...cy(s) = \E_\policy \left[ r_1 + \discount
                                                   r_2 + \discount^2 r_3 + \...
The control sequence at the end of the top line
of your error message was never \def'ed. If you have
misspelled it (e.g., `\hobx'), type `I' and the correct
spelling (e.g., `I\hbox'). Otherwise just continue,
and I'll forget about whatever was undefined.

! Undefined control sequence.
l.292 ...cy \left[ r_1 + \discount r_2 + \discount
                                                  ^2 r_3 + \cdots \,\Big|\, ...
The control sequence at the end of the top line
of your error message was never \def'ed. If you have
misspelled it (e.g., `\hobx'), type `I' and the correct
spelling (e.g., `I\hbox'). Otherwise just continue,
and I'll forget about whatever was undefined.

! You can't use `\eqno' in math mode.
\veqno ->\@kernel@eqno 
                       \aftergroup \ignorespaces 
l.293 \end{equation}
                    
Sorry, but I'm not programmed to handle this case;
I'll just pretend that you didn't ask for it.
If you're in the wrong mode, you might be able to
return to the right one by typing `I}' or `I$' or `I\par'.

! Missing } inserted.
<inserted text> 
                }
l.293 \end{equation}
                    
I've inserted something that you may have forgotten.
(See the <inserted text> above.)
With luck, this will get me unwedged. But if you
really didn't forget anything, try typing `2' now; then
my insertion and my current dilemma will both disappear.

! Undefined control sequence.
<recently read> \qfunc 
                       
l.296 The action-value function $\qfunc
                                       ^\policy: \states \times \actions \ri...
The control sequence at the end of the top line
of your error message was never \def'ed. If you have
misspelled it (e.g., `\hobx'), type `I' and the correct
spelling (e.g., `I\hbox'). Otherwise just continue,
and I'll forget about whatever was undefined.

! Undefined control sequence.
l.296 The action-value function $\qfunc^\policy
                                               : \states \times \actions \ri...
The control sequence at the end of the top line
of your error message was never \def'ed. If you have
misspelled it (e.g., `\hobx'), type `I' and the correct
spelling (e.g., `I\hbox'). Otherwise just continue,
and I'll forget about whatever was undefined.

! Undefined control sequence.
l.296 ...n-value function $\qfunc^\policy: \states
                                                   \times \actions \rightarr...
The control sequence at the end of the top line
of your error message was never \def'ed. If you have
misspelled it (e.g., `\hobx'), type `I' and the correct
spelling (e.g., `I\hbox'). Otherwise just continue,
and I'll forget about whatever was undefined.

! Undefined control sequence.
l.296 ... $\qfunc^\policy: \states \times \actions
                                                   \rightarrow \R$ for polic...
The control sequence at the end of the top line
of your error message was never \def'ed. If you have
misspelled it (e.g., `\hobx'), type `I' and the correct
spelling (e.g., `I\hbox'). Otherwise just continue,
and I'll forget about whatever was undefined.

! Undefined control sequence.
l.296 ...y: \states \times \actions \rightarrow \R
                                                  $ for policy $\policy$ is ...
The control sequence at the end of the top line
of your error message was never \def'ed. If you have
misspelled it (e.g., `\hobx'), type `I' and the correct
spelling (e.g., `I\hbox'). Otherwise just continue,
and I'll forget about whatever was undefined.

! Undefined control sequence.
<recently read> \policy 
                        
l.296 ...tions \rightarrow \R$ for policy $\policy
                                                  $ is the expected cumulati...
The control sequence at the end of the top line
of your error message was never \def'ed. If you have
misspelled it (e.g., `\hobx'), type `I' and the correct
spelling (e.g., `I\hbox'). Otherwise just continue,
and I'll forget about whatever was undefined.

! Undefined control sequence.
<recently read> \policy 
                        
l.296 ...taking action $a$, and following $\policy
                                                  $ thereafter:
The control sequence at the end of the top line
of your error message was never \def'ed. If you have
misspelled it (e.g., `\hobx'), type `I' and the correct
spelling (e.g., `I\hbox'). Otherwise just continue,
and I'll forget about whatever was undefined.

! Undefined control sequence.
l.298 \qfunc
            ^\policy(s, a) = \E_\policy \left[ \sum_{t=0}^{\infty} \discount...
The control sequence at the end of the top line
of your error message was never \def'ed. If you have
misspelled it (e.g., `\hobx'), type `I' and the correct
spelling (e.g., `I\hbox'). Otherwise just continue,
and I'll forget about whatever was undefined.

! Undefined control sequence.
l.298 \qfunc^\policy
                    (s, a) = \E_\policy \left[ \sum_{t=0}^{\infty} \discount...
The control sequence at the end of the top line
of your error message was never \def'ed. If you have
misspelled it (e.g., `\hobx'), type `I' and the correct
spelling (e.g., `I\hbox'). Otherwise just continue,
and I'll forget about whatever was undefined.

! Undefined control sequence.
l.298 \qfunc^\policy(s, a) = \E
                               _\policy \left[ \sum_{t=0}^{\infty} \discount...
The control sequence at the end of the top line
of your error message was never \def'ed. If you have
misspelled it (e.g., `\hobx'), type `I' and the correct
spelling (e.g., `I\hbox'). Otherwise just continue,
and I'll forget about whatever was undefined.

! Undefined control sequence.
l.298 \qfunc^\policy(s, a) = \E_\policy
                                        \left[ \sum_{t=0}^{\infty} \discount...
The control sequence at the end of the top line
of your error message was never \def'ed. If you have
misspelled it (e.g., `\hobx'), type `I' and the correct
spelling (e.g., `I\hbox'). Otherwise just continue,
and I'll forget about whatever was undefined.

! Missing { inserted.
<to be read again> 
                   \left 
l.298 \qfunc^\policy(s, a) = \E_\policy \left
                                             [ \sum_{t=0}^{\infty} \discount...
A left brace was mandatory here, so I've put one in.
You might want to delete and/or insert some corrections
so that I will find a matching right brace soon.
If you're confused by all this, try typing `I}' now.

! Undefined control sequence.
l.298 ...licy \left[ \sum_{t=0}^{\infty} \discount
                                                  ^t r_{t+1} \,\Big|\, s_0 =...
The control sequence at the end of the top line
of your error message was never \def'ed. If you have
misspelled it (e.g., `\hobx'), type `I' and the correct
spelling (e.g., `I\hbox'). Otherwise just continue,
and I'll forget about whatever was undefined.

! Double superscript.
l.298 ...icy \left[ \sum_{t=0}^{\infty} \discount^
                                                  t r_{t+1} \,\Big|\, s_0 = ...
I treat `x^1^2' essentially like `x^1{}^2'.

! You can't use `\eqno' in math mode.
\veqno ->\@kernel@eqno 
                       \aftergroup \ignorespaces 
l.300 \end{equation}
                    
Sorry, but I'm not programmed to handle this case;
I'll just pretend that you didn't ask for it.
If you're in the wrong mode, you might be able to
return to the right one by typing `I}' or `I$' or `I\par'.

! Missing } inserted.
<inserted text> 
                }
l.300 \end{equation}
                    
I've inserted something that you may have forgotten.
(See the <inserted text> above.)
With luck, this will get me unwedged. But if you
really didn't forget anything, try typing `2' now; then
my insertion and my current dilemma will both disappear.

! Undefined control sequence.
<recently read> \vfunc 
                       
l.303 The relationship between $\vfunc
                                      ^\policy$ and $\qfunc^\policy$ is:
The control sequence at the end of the top line
of your error message was never \def'ed. If you have
misspelled it (e.g., `\hobx'), type `I' and the correct
spelling (e.g., `I\hbox'). Otherwise just continue,
and I'll forget about whatever was undefined.

! Undefined control sequence.
l.303 The relationship between $\vfunc^\policy
                                              $ and $\qfunc^\policy$ is:
The control sequence at the end of the top line
of your error message was never \def'ed. If you have
misspelled it (e.g., `\hobx'), type `I' and the correct
spelling (e.g., `I\hbox'). Otherwise just continue,
and I'll forget about whatever was undefined.

! Missing { inserted.
<to be read again> 
                   $
l.303 The relationship between $\vfunc^\policy$
                                                and $\qfunc^\policy$ is:
A left brace was mandatory here, so I've put one in.
You might want to delete and/or insert some corrections
so that I will find a matching right brace soon.
If you're confused by all this, try typing `I}' now.

! Missing } inserted.
<inserted text> 
                }
l.303 The relationship between $\vfunc^\policy$
                                                and $\qfunc^\policy$ is:
I've inserted something that you may have forgotten.
(See the <inserted text> above.)
With luck, this will get me unwedged. But if you
really didn't forget anything, try typing `2' now; then
my insertion and my current dilemma will both disappear.

! Undefined control sequence.
<recently read> \qfunc 
                       
l.303 ...ship between $\vfunc^\policy$ and $\qfunc
                                                  ^\policy$ is:
The control sequence at the end of the top line
of your error message was never \def'ed. If you have
misspelled it (e.g., `\hobx'), type `I' and the correct
spelling (e.g., `I\hbox'). Otherwise just continue,
and I'll forget about whatever was undefined.

! Undefined control sequence.
l.303 ...ween $\vfunc^\policy$ and $\qfunc^\policy
                                                  $ is:
The control sequence at the end of the top line
of your error message was never \def'ed. If you have
misspelled it (e.g., `\hobx'), type `I' and the correct
spelling (e.g., `I\hbox'). Otherwise just continue,
and I'll forget about whatever was undefined.

! Missing { inserted.
<to be read again> 
                   $
l.303 ...een $\vfunc^\policy$ and $\qfunc^\policy$
                                                   is:
A left brace was mandatory here, so I've put one in.
You might want to delete and/or insert some corrections
so that I will find a matching right brace soon.
If you're confused by all this, try typing `I}' now.

! Missing } inserted.
<inserted text> 
                }
l.303 ...een $\vfunc^\policy$ and $\qfunc^\policy$
                                                   is:
I've inserted something that you may have forgotten.
(See the <inserted text> above.)
With luck, this will get me unwedged. But if you
really didn't forget anything, try typing `2' now; then
my insertion and my current dilemma will both disappear.

! Undefined control sequence.
l.305 \vfunc
            ^\policy(s) = \sum_{a \in \actions} \policy(a|s) \qfunc^\policy(...
The control sequence at the end of the top line
of your error message was never \def'ed. If you have
misspelled it (e.g., `\hobx'), type `I' and the correct
spelling (e.g., `I\hbox'). Otherwise just continue,
and I'll forget about whatever was undefined.

! Undefined control sequence.
l.305 \vfunc^\policy
                    (s) = \sum_{a \in \actions} \policy(a|s) \qfunc^\policy(...
The control sequence at the end of the top line
of your error message was never \def'ed. If you have
misspelled it (e.g., `\hobx'), type `I' and the correct
spelling (e.g., `I\hbox'). Otherwise just continue,
and I'll forget about whatever was undefined.

! Undefined control sequence.
l.305 \vfunc^\policy(s) = \sum_{a \in \actions
                                              } \policy(a|s) \qfunc^\policy(...
The control sequence at the end of the top line
of your error message was never \def'ed. If you have
misspelled it (e.g., `\hobx'), type `I' and the correct
spelling (e.g., `I\hbox'). Otherwise just continue,
and I'll forget about whatever was undefined.

! Undefined control sequence.
l.305 ...policy(s) = \sum_{a \in \actions} \policy
                                                  (a|s) \qfunc^\policy(s, a)
The control sequence at the end of the top line
of your error message was never \def'ed. If you have
misspelled it (e.g., `\hobx'), type `I' and the correct
spelling (e.g., `I\hbox'). Otherwise just continue,
and I'll forget about whatever was undefined.

! Undefined control sequence.
l.305 ...\sum_{a \in \actions} \policy(a|s) \qfunc
                                                  ^\policy(s, a)
The control sequence at the end of the top line
of your error message was never \def'ed. If you have
misspelled it (e.g., `\hobx'), type `I' and the correct
spelling (e.g., `I\hbox'). Otherwise just continue,
and I'll forget about whatever was undefined.

! Undefined control sequence.
l.305 ...\in \actions} \policy(a|s) \qfunc^\policy
                                                  (s, a)
The control sequence at the end of the top line
of your error message was never \def'ed. If you have
misspelled it (e.g., `\hobx'), type `I' and the correct
spelling (e.g., `I\hbox'). Otherwise just continue,
and I'll forget about whatever was undefined.

! Undefined control sequence.
<recently read> \policy 
                        
l.309 For a deterministic policy $\policy
                                         (s) = a^*$:
The control sequence at the end of the top line
of your error message was never \def'ed. If you have
misspelled it (e.g., `\hobx'), type `I' and the correct
spelling (e.g., `I\hbox'). Otherwise just continue,
and I'll forget about whatever was undefined.

! Undefined control sequence.
l.311 \vfunc
            ^\policy(s) = \qfunc^\policy(s, a^*)
The control sequence at the end of the top line
of your error message was never \def'ed. If you have
misspelled it (e.g., `\hobx'), type `I' and the correct
spelling (e.g., `I\hbox'). Otherwise just continue,
and I'll forget about whatever was undefined.

! Undefined control sequence.
l.311 \vfunc^\policy
                    (s) = \qfunc^\policy(s, a^*)
The control sequence at the end of the top line
of your error message was never \def'ed. If you have
misspelled it (e.g., `\hobx'), type `I' and the correct
spelling (e.g., `I\hbox'). Otherwise just continue,
and I'll forget about whatever was undefined.

! Undefined control sequence.
l.311 \vfunc^\policy(s) = \qfunc
                                ^\policy(s, a^*)
The control sequence at the end of the top line
of your error message was never \def'ed. If you have
misspelled it (e.g., `\hobx'), type `I' and the correct
spelling (e.g., `I\hbox'). Otherwise just continue,
and I'll forget about whatever was undefined.

! Undefined control sequence.
l.311 \vfunc^\policy(s) = \qfunc^\policy
                                        (s, a^*)
The control sequence at the end of the top line
of your error message was never \def'ed. If you have
misspelled it (e.g., `\hobx'), type `I' and the correct
spelling (e.g., `I\hbox'). Otherwise just continue,
and I'll forget about whatever was undefined.

! Undefined control sequence.
<recently read> \vfunc 
                       
l.318 ...xpectation Equation for $\vfunc^\policy$]
                                                  
The control sequence at the end of the top line
of your error message was never \def'ed. If you have
misspelled it (e.g., `\hobx'), type `I' and the correct
spelling (e.g., `I\hbox'). Otherwise just continue,
and I'll forget about whatever was undefined.

! Undefined control sequence.
<argument> ...ation Equation for $\vfunc ^\policy 
                                                  $)}
l.318 ...xpectation Equation for $\vfunc^\policy$]
                                                  
The control sequence at the end of the top line
of your error message was never \def'ed. If you have
misspelled it (e.g., `\hobx'), type `I' and the correct
spelling (e.g., `I\hbox'). Otherwise just continue,
and I'll forget about whatever was undefined.

! Missing { inserted.
<to be read again> 
                   $
l.318 ...xpectation Equation for $\vfunc^\policy$]
                                                  
A left brace was mandatory here, so I've put one in.
You might want to delete and/or insert some corrections
so that I will find a matching right brace soon.
If you're confused by all this, try typing `I}' now.

! Missing } inserted.
<inserted text> 
                }
l.318 ...xpectation Equation for $\vfunc^\policy$]
                                                  
I've inserted something that you may have forgotten.
(See the <inserted text> above.)
With luck, this will get me unwedged. But if you
really didn't forget anything, try typing `2' now; then
my insertion and my current dilemma will both disappear.

! Undefined control sequence.
<recently read> \policy 
                        
l.319 For any policy $\policy
                             $, the state-value function satisfies:
The control sequence at the end of the top line
of your error message was never \def'ed. If you have
misspelled it (e.g., `\hobx'), type `I' and the correct
spelling (e.g., `I\hbox'). Otherwise just continue,
and I'll forget about whatever was undefined.

! Undefined control sequence.
l.321 \vfunc
            ^\policy(s) = \sum_{a \in \actions} \policy(a|s) \left[ R(s,a) +...
The control sequence at the end of the top line
of your error message was never \def'ed. If you have
misspelled it (e.g., `\hobx'), type `I' and the correct
spelling (e.g., `I\hbox'). Otherwise just continue,
and I'll forget about whatever was undefined.

! Undefined control sequence.
l.321 \vfunc^\policy
                    (s) = \sum_{a \in \actions} \policy(a|s) \left[ R(s,a) +...
The control sequence at the end of the top line
of your error message was never \def'ed. If you have
misspelled it (e.g., `\hobx'), type `I' and the correct
spelling (e.g., `I\hbox'). Otherwise just continue,
and I'll forget about whatever was undefined.

! Undefined control sequence.
l.321 \vfunc^\policy(s) = \sum_{a \in \actions
                                              } \policy(a|s) \left[ R(s,a) +...
The control sequence at the end of the top line
of your error message was never \def'ed. If you have
misspelled it (e.g., `\hobx'), type `I' and the correct
spelling (e.g., `I\hbox'). Otherwise just continue,
and I'll forget about whatever was undefined.

! Undefined control sequence.
l.321 ...policy(s) = \sum_{a \in \actions} \policy
                                                  (a|s) \left[ R(s,a) + \dis...
The control sequence at the end of the top line
of your error message was never \def'ed. If you have
misspelled it (e.g., `\hobx'), type `I' and the correct
spelling (e.g., `I\hbox'). Otherwise just continue,
and I'll forget about whatever was undefined.

! Undefined control sequence.
l.321 ...s} \policy(a|s) \left[ R(s,a) + \discount
                                                   \sum_{s' \in \states} \tr...
The control sequence at the end of the top line
of your error message was never \def'ed. If you have
misspelled it (e.g., `\hobx'), type `I' and the correct
spelling (e.g., `I\hbox'). Otherwise just continue,
and I'll forget about whatever was undefined.

! Undefined control sequence.
l.321 ...[ R(s,a) + \discount \sum_{s' \in \states
                                                  } \trans(s'|s,a) \vfunc^\p...
The control sequence at the end of the top line
of your error message was never \def'ed. If you have
misspelled it (e.g., `\hobx'), type `I' and the correct
spelling (e.g., `I\hbox'). Otherwise just continue,
and I'll forget about whatever was undefined.

! Undefined control sequence.
l.321 ... + \discount \sum_{s' \in \states} \trans
                                                  (s'|s,a) \vfunc^\policy(s'...
The control sequence at the end of the top line
of your error message was never \def'ed. If you have
misspelled it (e.g., `\hobx'), type `I' and the correct
spelling (e.g., `I\hbox'). Otherwise just continue,
and I'll forget about whatever was undefined.

! Undefined control sequence.
l.321 ...um_{s' \in \states} \trans(s'|s,a) \vfunc
                                                  ^\policy(s') \right]
The control sequence at the end of the top line
of your error message was never \def'ed. If you have
misspelled it (e.g., `\hobx'), type `I' and the correct
spelling (e.g., `I\hbox'). Otherwise just continue,
and I'll forget about whatever was undefined.

! Undefined control sequence.
l.321 ...in \states} \trans(s'|s,a) \vfunc^\policy
                                                  (s') \right]
The control sequence at the end of the top line
of your error message was never \def'ed. If you have
misspelled it (e.g., `\hobx'), type `I' and the correct
spelling (e.g., `I\hbox'). Otherwise just continue,
and I'll forget about whatever was undefined.

! Undefined control sequence.
<recently read> \vfunc 
                       
l.327 Starting from the definition of $\vfunc
                                             ^\policy(s)$:
The control sequence at the end of the top line
of your error message was never \def'ed. If you have
misspelled it (e.g., `\hobx'), type `I' and the correct
spelling (e.g., `I\hbox'). Otherwise just continue,
and I'll forget about whatever was undefined.

! Undefined control sequence.
l.327 ...ng from the definition of $\vfunc^\policy
                                                  (s)$:
The control sequence at the end of the top line
of your error message was never \def'ed. If you have
misspelled it (e.g., `\hobx'), type `I' and the correct
spelling (e.g., `I\hbox'). Otherwise just continue,
and I'll forget about whatever was undefined.

! Undefined control sequence.
<argument>  \vfunc 
                   ^\policy (s) &= \E _\policy \left [ \sum _{t=0}^{\infty }...
l.332 \end{align}
                 
The control sequence at the end of the top line
of your error message was never \def'ed. If you have
misspelled it (e.g., `\hobx'), type `I' and the correct
spelling (e.g., `I\hbox'). Otherwise just continue,
and I'll forget about whatever was undefined.

! Undefined control sequence.
<argument>  \vfunc ^\policy 
                            (s) &= \E _\policy \left [ \sum _{t=0}^{\infty }...
l.332 \end{align}
                 
The control sequence at the end of the top line
of your error message was never \def'ed. If you have
misspelled it (e.g., `\hobx'), type `I' and the correct
spelling (e.g., `I\hbox'). Otherwise just continue,
and I'll forget about whatever was undefined.

! Undefined control sequence.
<argument>  \vfunc ^\policy (s) &= \E 
                                      _\policy \left [ \sum _{t=0}^{\infty }...
l.332 \end{align}
                 
The control sequence at the end of the top line
of your error message was never \def'ed. If you have
misspelled it (e.g., `\hobx'), type `I' and the correct
spelling (e.g., `I\hbox'). Otherwise just continue,
and I'll forget about whatever was undefined.

! Undefined control sequence.
<argument>  \vfunc ^\policy (s) &= \E _\policy 
                                               \left [ \sum _{t=0}^{\infty }...
l.332 \end{align}
                 
The control sequence at the end of the top line
of your error message was never \def'ed. If you have
misspelled it (e.g., `\hobx'), type `I' and the correct
spelling (e.g., `I\hbox'). Otherwise just continue,
and I'll forget about whatever was undefined.

! Missing { inserted.
<to be read again> 
                   \left 
l.332 \end{align}
                 
A left brace was mandatory here, so I've put one in.
You might want to delete and/or insert some corrections
so that I will find a matching right brace soon.
If you're confused by all this, try typing `I}' now.

! Undefined control sequence.
<argument> ...t [ \sum _{t=0}^{\infty } \discount 
                                                  ^t r_{t+1} \,\Big |\, s_0 ...
l.332 \end{align}
                 
The control sequence at the end of the top line
of your error message was never \def'ed. If you have
misspelled it (e.g., `\hobx'), type `I' and the correct
spelling (e.g., `I\hbox'). Otherwise just continue,
and I'll forget about whatever was undefined.

! Double superscript.
<argument> ... [ \sum _{t=0}^{\infty } \discount ^
                                                  t r_{t+1} \,\Big |\, s_0 =...
l.332 \end{align}
                 
I treat `x^1^2' essentially like `x^1{}^2'.

! Missing } inserted.
<inserted text> 
                }
l.332 \end{align}
                 
I've put in what seems to be necessary to fix
the current column of the current alignment.
Try to go on, since this might almost work.

! Undefined control sequence.
<argument> ...,\Big |\, s_0 = s \right ] \\ &= \E 
                                                  _\policy \left [ r_1 + \di...
l.332 \end{align}
                 
The control sequence at the end of the top line
of your error message was never \def'ed. If you have
misspelled it (e.g., `\hobx'), type `I' and the correct
spelling (e.g., `I\hbox'). Otherwise just continue,
and I'll forget about whatever was undefined.

! Undefined control sequence.
<argument> ... s_0 = s \right ] \\ &= \E _\policy 
                                                  \left [ r_1 + \discount \s...
l.332 \end{align}
                 
The control sequence at the end of the top line
of your error message was never \def'ed. If you have
misspelled it (e.g., `\hobx'), type `I' and the correct
spelling (e.g., `I\hbox'). Otherwise just continue,
and I'll forget about whatever was undefined.

! Missing { inserted.
<to be read again> 
                   \left 
l.332 \end{align}
                 
A left brace was mandatory here, so I've put one in.
You might want to delete and/or insert some corrections
so that I will find a matching right brace soon.
If you're confused by all this, try typing `I}' now.

! Undefined control sequence.
<argument> ...\E _\policy \left [ r_1 + \discount 
                                                  \sum _{t=1}^{\infty } \dis...
l.332 \end{align}
                 
The control sequence at the end of the top line
of your error message was never \def'ed. If you have
misspelled it (e.g., `\hobx'), type `I' and the correct
spelling (e.g., `I\hbox'). Otherwise just continue,
and I'll forget about whatever was undefined.

! Undefined control sequence.
<argument> ...unt \sum _{t=1}^{\infty } \discount 
                                                  ^{t-1} r_{t+1} \,\Big |\, ...
l.332 \end{align}
                 
The control sequence at the end of the top line
of your error message was never \def'ed. If you have
misspelled it (e.g., `\hobx'), type `I' and the correct
spelling (e.g., `I\hbox'). Otherwise just continue,
and I'll forget about whatever was undefined.

! Double superscript.
<argument> ...nt \sum _{t=1}^{\infty } \discount ^
                                                  {t-1} r_{t+1} \,\Big |\, s...
l.332 \end{align}
                 
I treat `x^1^2' essentially like `x^1{}^2'.

! Missing } inserted.
<inserted text> 
                }
l.332 \end{align}
                 
I've put in what seems to be necessary to fix
the current column of the current alignment.
Try to go on, since this might almost work.

! Undefined control sequence.
<argument> ...,\Big |\, s_0 = s \right ] \\ &= \E 
                                                  _\policy \left [ r_1 + \di...
l.332 \end{align}
                 
The control sequence at the end of the top line
of your error message was never \def'ed. If you have
misspelled it (e.g., `\hobx'), type `I' and the correct
spelling (e.g., `I\hbox'). Otherwise just continue,
and I'll forget about whatever was undefined.

! Undefined control sequence.
<argument> ... s_0 = s \right ] \\ &= \E _\policy 
                                                  \left [ r_1 + \discount \v...
l.332 \end{align}
                 
The control sequence at the end of the top line
of your error message was never \def'ed. If you have
misspelled it (e.g., `\hobx'), type `I' and the correct
spelling (e.g., `I\hbox'). Otherwise just continue,
and I'll forget about whatever was undefined.

! Missing { inserted.
<to be read again> 
                   \left 
l.332 \end{align}
                 
A left brace was mandatory here, so I've put one in.
You might want to delete and/or insert some corrections
so that I will find a matching right brace soon.
If you're confused by all this, try typing `I}' now.

! Undefined control sequence.
<argument> ...\E _\policy \left [ r_1 + \discount 
                                                  \vfunc ^\policy (s_1) \,\B...
l.332 \end{align}
                 
The control sequence at the end of the top line
of your error message was never \def'ed. If you have
misspelled it (e.g., `\hobx'), type `I' and the correct
spelling (e.g., `I\hbox'). Otherwise just continue,
and I'll forget about whatever was undefined.

! Undefined control sequence.
<argument> ...licy \left [ r_1 + \discount \vfunc 
                                                  ^\policy (s_1) \,\Big |\, ...
l.332 \end{align}
                 
The control sequence at the end of the top line
of your error message was never \def'ed. If you have
misspelled it (e.g., `\hobx'), type `I' and the correct
spelling (e.g., `I\hbox'). Otherwise just continue,
and I'll forget about whatever was undefined.

! Undefined control sequence.
<argument> ...t [ r_1 + \discount \vfunc ^\policy 
                                                  (s_1) \,\Big |\, s_0 = s \...
l.332 \end{align}
                 
The control sequence at the end of the top line
of your error message was never \def'ed. If you have
misspelled it (e.g., `\hobx'), type `I' and the correct
spelling (e.g., `I\hbox'). Otherwise just continue,
and I'll forget about whatever was undefined.

! Missing } inserted.
<inserted text> 
                }
l.332 \end{align}
                 
I've put in what seems to be necessary to fix
the current column of the current alignment.
Try to go on, since this might almost work.

! Undefined control sequence.
<argument>  \vfunc 
                   ^\policy (s) &= \E _\policy \left [ \sum _{t=0}^{\infty }...
l.332 \end{align}
                 
The control sequence at the end of the top line
of your error message was never \def'ed. If you have
misspelled it (e.g., `\hobx'), type `I' and the correct
spelling (e.g., `I\hbox'). Otherwise just continue,
and I'll forget about whatever was undefined.

! Undefined control sequence.
<argument>  \vfunc ^\policy 
                            (s) &= \E _\policy \left [ \sum _{t=0}^{\infty }...
l.332 \end{align}
                 
The control sequence at the end of the top line
of your error message was never \def'ed. If you have
misspelled it (e.g., `\hobx'), type `I' and the correct
spelling (e.g., `I\hbox'). Otherwise just continue,
and I'll forget about whatever was undefined.

! Undefined control sequence.
<argument>  \vfunc ^\policy (s) &= \E 
                                      _\policy \left [ \sum _{t=0}^{\infty }...
l.332 \end{align}
                 
The control sequence at the end of the top line
of your error message was never \def'ed. If you have
misspelled it (e.g., `\hobx'), type `I' and the correct
spelling (e.g., `I\hbox'). Otherwise just continue,
and I'll forget about whatever was undefined.

! Undefined control sequence.
<argument>  \vfunc ^\policy (s) &= \E _\policy 
                                               \left [ \sum _{t=0}^{\infty }...
l.332 \end{align}
                 
The control sequence at the end of the top line
of your error message was never \def'ed. If you have
misspelled it (e.g., `\hobx'), type `I' and the correct
spelling (e.g., `I\hbox'). Otherwise just continue,
and I'll forget about whatever was undefined.

! Missing { inserted.
<to be read again> 
                   \left 
l.332 \end{align}
                 
A left brace was mandatory here, so I've put one in.
You might want to delete and/or insert some corrections
so that I will find a matching right brace soon.
If you're confused by all this, try typing `I}' now.

! Undefined control sequence.
<argument> ...t [ \sum _{t=0}^{\infty } \discount 
                                                  ^t r_{t+1} \,\Big |\, s_0 ...
l.332 \end{align}
                 
The control sequence at the end of the top line
of your error message was never \def'ed. If you have
misspelled it (e.g., `\hobx'), type `I' and the correct
spelling (e.g., `I\hbox'). Otherwise just continue,
and I'll forget about whatever was undefined.

! Double superscript.
<argument> ... [ \sum _{t=0}^{\infty } \discount ^
                                                  t r_{t+1} \,\Big |\, s_0 =...
l.332 \end{align}
                 
I treat `x^1^2' essentially like `x^1{}^2'.

! Missing } inserted.
<inserted text> 
                }
l.332 \end{align}
                 
I've put in what seems to be necessary to fix
the current column of the current alignment.
Try to go on, since this might almost work.

! Undefined control sequence.
<argument> ...,\Big |\, s_0 = s \right ] \\ &= \E 
                                                  _\policy \left [ r_1 + \di...
l.332 \end{align}
                 
The control sequence at the end of the top line
of your error message was never \def'ed. If you have
misspelled it (e.g., `\hobx'), type `I' and the correct
spelling (e.g., `I\hbox'). Otherwise just continue,
and I'll forget about whatever was undefined.

! Undefined control sequence.
<argument> ... s_0 = s \right ] \\ &= \E _\policy 
                                                  \left [ r_1 + \discount \s...
l.332 \end{align}
                 
The control sequence at the end of the top line
of your error message was never \def'ed. If you have
misspelled it (e.g., `\hobx'), type `I' and the correct
spelling (e.g., `I\hbox'). Otherwise just continue,
and I'll forget about whatever was undefined.

! Missing { inserted.
<to be read again> 
                   \left 
l.332 \end{align}
                 
A left brace was mandatory here, so I've put one in.
You might want to delete and/or insert some corrections
so that I will find a matching right brace soon.
If you're confused by all this, try typing `I}' now.

! Undefined control sequence.
<argument> ...\E _\policy \left [ r_1 + \discount 
                                                  \sum _{t=1}^{\infty } \dis...
l.332 \end{align}
                 
The control sequence at the end of the top line
of your error message was never \def'ed. If you have
misspelled it (e.g., `\hobx'), type `I' and the correct
spelling (e.g., `I\hbox'). Otherwise just continue,
and I'll forget about whatever was undefined.

! Undefined control sequence.
<argument> ...unt \sum _{t=1}^{\infty } \discount 
                                                  ^{t-1} r_{t+1} \,\Big |\, ...
l.332 \end{align}
                 
The control sequence at the end of the top line
of your error message was never \def'ed. If you have
misspelled it (e.g., `\hobx'), type `I' and the correct
spelling (e.g., `I\hbox'). Otherwise just continue,
and I'll forget about whatever was undefined.

! Double superscript.
<argument> ...nt \sum _{t=1}^{\infty } \discount ^
                                                  {t-1} r_{t+1} \,\Big |\, s...
l.332 \end{align}
                 
I treat `x^1^2' essentially like `x^1{}^2'.

! Missing } inserted.
<inserted text> 
                }
l.332 \end{align}
                 
I've put in what seems to be necessary to fix
the current column of the current alignment.
Try to go on, since this might almost work.

! Undefined control sequence.
<argument> ...,\Big |\, s_0 = s \right ] \\ &= \E 
                                                  _\policy \left [ r_1 + \di...
l.332 \end{align}
                 
The control sequence at the end of the top line
of your error message was never \def'ed. If you have
misspelled it (e.g., `\hobx'), type `I' and the correct
spelling (e.g., `I\hbox'). Otherwise just continue,
and I'll forget about whatever was undefined.

! Undefined control sequence.
<argument> ... s_0 = s \right ] \\ &= \E _\policy 
                                                  \left [ r_1 + \discount \v...
l.332 \end{align}
                 
The control sequence at the end of the top line
of your error message was never \def'ed. If you have
misspelled it (e.g., `\hobx'), type `I' and the correct
spelling (e.g., `I\hbox'). Otherwise just continue,
and I'll forget about whatever was undefined.

! Missing { inserted.
<to be read again> 
                   \left 
l.332 \end{align}
                 
A left brace was mandatory here, so I've put one in.
You might want to delete and/or insert some corrections
so that I will find a matching right brace soon.
If you're confused by all this, try typing `I}' now.

! Undefined control sequence.
<argument> ...\E _\policy \left [ r_1 + \discount 
                                                  \vfunc ^\policy (s_1) \,\B...
l.332 \end{align}
                 
The control sequence at the end of the top line
of your error message was never \def'ed. If you have
misspelled it (e.g., `\hobx'), type `I' and the correct
spelling (e.g., `I\hbox'). Otherwise just continue,
and I'll forget about whatever was undefined.

! Undefined control sequence.
<argument> ...licy \left [ r_1 + \discount \vfunc 
                                                  ^\policy (s_1) \,\Big |\, ...
l.332 \end{align}
                 
The control sequence at the end of the top line
of your error message was never \def'ed. If you have
misspelled it (e.g., `\hobx'), type `I' and the correct
spelling (e.g., `I\hbox'). Otherwise just continue,
and I'll forget about whatever was undefined.

! Undefined control sequence.
<argument> ...t [ r_1 + \discount \vfunc ^\policy 
                                                  (s_1) \,\Big |\, s_0 = s \...
l.332 \end{align}
                 
The control sequence at the end of the top line
of your error message was never \def'ed. If you have
misspelled it (e.g., `\hobx'), type `I' and the correct
spelling (e.g., `I\hbox'). Otherwise just continue,
and I'll forget about whatever was undefined.

! Missing } inserted.
<inserted text> 
                }
l.332 \end{align}
                 
I've put in what seems to be necessary to fix
the current column of the current alignment.
Try to go on, since this might almost work.

! Undefined control sequence.
l.336 \vfunc
            ^\policy(s) = \sum_{a \in \actions} \policy(a|s) \left[ R(s,a) +...
The control sequence at the end of the top line
of your error message was never \def'ed. If you have
misspelled it (e.g., `\hobx'), type `I' and the correct
spelling (e.g., `I\hbox'). Otherwise just continue,
and I'll forget about whatever was undefined.

! Undefined control sequence.
l.336 \vfunc^\policy
                    (s) = \sum_{a \in \actions} \policy(a|s) \left[ R(s,a) +...
The control sequence at the end of the top line
of your error message was never \def'ed. If you have
misspelled it (e.g., `\hobx'), type `I' and the correct
spelling (e.g., `I\hbox'). Otherwise just continue,
and I'll forget about whatever was undefined.

! Undefined control sequence.
l.336 \vfunc^\policy(s) = \sum_{a \in \actions
                                              } \policy(a|s) \left[ R(s,a) +...
The control sequence at the end of the top line
of your error message was never \def'ed. If you have
misspelled it (e.g., `\hobx'), type `I' and the correct
spelling (e.g., `I\hbox'). Otherwise just continue,
and I'll forget about whatever was undefined.

! Undefined control sequence.
l.336 ...policy(s) = \sum_{a \in \actions} \policy
                                                  (a|s) \left[ R(s,a) + \dis...
The control sequence at the end of the top line
of your error message was never \def'ed. If you have
misspelled it (e.g., `\hobx'), type `I' and the correct
spelling (e.g., `I\hbox'). Otherwise just continue,
and I'll forget about whatever was undefined.

! Undefined control sequence.
l.336 ...s} \policy(a|s) \left[ R(s,a) + \discount
                                                   \sum_{s' \in \states} \tr...
The control sequence at the end of the top line
of your error message was never \def'ed. If you have
misspelled it (e.g., `\hobx'), type `I' and the correct
spelling (e.g., `I\hbox'). Otherwise just continue,
and I'll forget about whatever was undefined.

! Undefined control sequence.
l.336 ...[ R(s,a) + \discount \sum_{s' \in \states
                                                  } \trans(s'|s,a) \vfunc^\p...
The control sequence at the end of the top line
of your error message was never \def'ed. If you have
misspelled it (e.g., `\hobx'), type `I' and the correct
spelling (e.g., `I\hbox'). Otherwise just continue,
and I'll forget about whatever was undefined.

! Undefined control sequence.
l.336 ... + \discount \sum_{s' \in \states} \trans
                                                  (s'|s,a) \vfunc^\policy(s'...
The control sequence at the end of the top line
of your error message was never \def'ed. If you have
misspelled it (e.g., `\hobx'), type `I' and the correct
spelling (e.g., `I\hbox'). Otherwise just continue,
and I'll forget about whatever was undefined.

! Undefined control sequence.
l.336 ...um_{s' \in \states} \trans(s'|s,a) \vfunc
                                                  ^\policy(s') \right]
The control sequence at the end of the top line
of your error message was never \def'ed. If you have
misspelled it (e.g., `\hobx'), type `I' and the correct
spelling (e.g., `I\hbox'). Otherwise just continue,
and I'll forget about whatever was undefined.

! Undefined control sequence.
l.336 ...in \states} \trans(s'|s,a) \vfunc^\policy
                                                  (s') \right]
The control sequence at the end of the top line
of your error message was never \def'ed. If you have
misspelled it (e.g., `\hobx'), type `I' and the correct
spelling (e.g., `I\hbox'). Otherwise just continue,
and I'll forget about whatever was undefined.

! Undefined control sequence.
<recently read> \qfunc 
                       
l.340 ...xpectation Equation for $\qfunc^\policy$]
                                                  
The control sequence at the end of the top line
of your error message was never \def'ed. If you have
misspelled it (e.g., `\hobx'), type `I' and the correct
spelling (e.g., `I\hbox'). Otherwise just continue,
and I'll forget about whatever was undefined.

! Undefined control sequence.
<argument> ...ation Equation for $\qfunc ^\policy 
                                                  $)}
l.340 ...xpectation Equation for $\qfunc^\policy$]
                                                  
The control sequence at the end of the top line
of your error message was never \def'ed. If you have
misspelled it (e.g., `\hobx'), type `I' and the correct
spelling (e.g., `I\hbox'). Otherwise just continue,
and I'll forget about whatever was undefined.

! Missing { inserted.
<to be read again> 
                   $
l.340 ...xpectation Equation for $\qfunc^\policy$]
                                                  
A left brace was mandatory here, so I've put one in.
You might want to delete and/or insert some corrections
so that I will find a matching right brace soon.
If you're confused by all this, try typing `I}' now.

! Missing } inserted.
<inserted text> 
                }
l.340 ...xpectation Equation for $\qfunc^\policy$]
                                                  
I've inserted something that you may have forgotten.
(See the <inserted text> above.)
With luck, this will get me unwedged. But if you
really didn't forget anything, try typing `2' now; then
my insertion and my current dilemma will both disappear.

! Undefined control sequence.
<recently read> \policy 
                        
l.341 For any policy $\policy
                             $, the action-value function satisfies:
The control sequence at the end of the top line
of your error message was never \def'ed. If you have
misspelled it (e.g., `\hobx'), type `I' and the correct
spelling (e.g., `I\hbox'). Otherwise just continue,
and I'll forget about whatever was undefined.




warning  (pdf backend): ignoring duplicate destination with the name 'page.66'
[66]
! Undefined control sequence.
l.343 \qfunc
            ^\policy(s, a) = R(s,a) + \discount \sum_{s' \in \states} \trans...
The control sequence at the end of the top line
of your error message was never \def'ed. If you have
misspelled it (e.g., `\hobx'), type `I' and the correct
spelling (e.g., `I\hbox'). Otherwise just continue,
and I'll forget about whatever was undefined.

! Undefined control sequence.
l.343 \qfunc^\policy
                    (s, a) = R(s,a) + \discount \sum_{s' \in \states} \trans...
The control sequence at the end of the top line
of your error message was never \def'ed. If you have
misspelled it (e.g., `\hobx'), type `I' and the correct
spelling (e.g., `I\hbox'). Otherwise just continue,
and I'll forget about whatever was undefined.

! Undefined control sequence.
l.343 \qfunc^\policy(s, a) = R(s,a) + \discount
                                                \sum_{s' \in \states} \trans...
The control sequence at the end of the top line
of your error message was never \def'ed. If you have
misspelled it (e.g., `\hobx'), type `I' and the correct
spelling (e.g., `I\hbox'). Otherwise just continue,
and I'll forget about whatever was undefined.

! Undefined control sequence.
l.343 ...= R(s,a) + \discount \sum_{s' \in \states
                                                  } \trans(s'|s,a) \sum_{a' ...
The control sequence at the end of the top line
of your error message was never \def'ed. If you have
misspelled it (e.g., `\hobx'), type `I' and the correct
spelling (e.g., `I\hbox'). Otherwise just continue,
and I'll forget about whatever was undefined.

! Undefined control sequence.
l.343 ... + \discount \sum_{s' \in \states} \trans
                                                  (s'|s,a) \sum_{a' \in \act...
The control sequence at the end of the top line
of your error message was never \def'ed. If you have
misspelled it (e.g., `\hobx'), type `I' and the correct
spelling (e.g., `I\hbox'). Otherwise just continue,
and I'll forget about whatever was undefined.

! Undefined control sequence.
l.343 ...tes} \trans(s'|s,a) \sum_{a' \in \actions
                                                  } \policy(a'|s') \qfunc^\p...
The control sequence at the end of the top line
of your error message was never \def'ed. If you have
misspelled it (e.g., `\hobx'), type `I' and the correct
spelling (e.g., `I\hbox'). Otherwise just continue,
and I'll forget about whatever was undefined.

! Undefined control sequence.
l.343 ...ns(s'|s,a) \sum_{a' \in \actions} \policy
                                                  (a'|s') \qfunc^\policy(s',...
The control sequence at the end of the top line
of your error message was never \def'ed. If you have
misspelled it (e.g., `\hobx'), type `I' and the correct
spelling (e.g., `I\hbox'). Otherwise just continue,
and I'll forget about whatever was undefined.

! Undefined control sequence.
l.343 ...m_{a' \in \actions} \policy(a'|s') \qfunc
                                                  ^\policy(s', a')
The control sequence at the end of the top line
of your error message was never \def'ed. If you have
misspelled it (e.g., `\hobx'), type `I' and the correct
spelling (e.g., `I\hbox'). Otherwise just continue,
and I'll forget about whatever was undefined.

! Undefined control sequence.
l.343 ...n \actions} \policy(a'|s') \qfunc^\policy
                                                  (s', a')
The control sequence at the end of the top line
of your error message was never \def'ed. If you have
misspelled it (e.g., `\hobx'), type `I' and the correct
spelling (e.g., `I\hbox'). Otherwise just continue,
and I'll forget about whatever was undefined.

! Undefined control sequence.
<argument>  \vfunc 
                   ^*(s) &= \max _\policy \vfunc ^\policy (s) \\ \qfunc ^*(s...
l.352 \end{align}
                 
The control sequence at the end of the top line
of your error message was never \def'ed. If you have
misspelled it (e.g., `\hobx'), type `I' and the correct
spelling (e.g., `I\hbox'). Otherwise just continue,
and I'll forget about whatever was undefined.

! Undefined control sequence.
<argument>  \vfunc ^*(s) &= \max _\policy 
                                          \vfunc ^\policy (s) \\ \qfunc ^*(s...
l.352 \end{align}
                 
The control sequence at the end of the top line
of your error message was never \def'ed. If you have
misspelled it (e.g., `\hobx'), type `I' and the correct
spelling (e.g., `I\hbox'). Otherwise just continue,
and I'll forget about whatever was undefined.

! Undefined control sequence.
<argument>  \vfunc ^*(s) &= \max _\policy \vfunc 
                                                 ^\policy (s) \\ \qfunc ^*(s...
l.352 \end{align}
                 
The control sequence at the end of the top line
of your error message was never \def'ed. If you have
misspelled it (e.g., `\hobx'), type `I' and the correct
spelling (e.g., `I\hbox'). Otherwise just continue,
and I'll forget about whatever was undefined.

! Missing { inserted.
<to be read again> 
                   ^
l.352 \end{align}
                 
A left brace was mandatory here, so I've put one in.
You might want to delete and/or insert some corrections
so that I will find a matching right brace soon.
If you're confused by all this, try typing `I}' now.

! Undefined control sequence.
<argument> ...s) &= \max _\policy \vfunc ^\policy 
                                                  (s) \\ \qfunc ^*(s,a) &= \...
l.352 \end{align}
                 
The control sequence at the end of the top line
of your error message was never \def'ed. If you have
misspelled it (e.g., `\hobx'), type `I' and the correct
spelling (e.g., `I\hbox'). Otherwise just continue,
and I'll forget about whatever was undefined.

! Missing } inserted.
<inserted text> 
                }
l.352 \end{align}
                 
I've put in what seems to be necessary to fix
the current column of the current alignment.
Try to go on, since this might almost work.

! Undefined control sequence.
<argument> ...olicy \vfunc ^\policy (s) \\ \qfunc 
                                                  ^*(s,a) &= \max _\policy \...
l.352 \end{align}
                 
The control sequence at the end of the top line
of your error message was never \def'ed. If you have
misspelled it (e.g., `\hobx'), type `I' and the correct
spelling (e.g., `I\hbox'). Otherwise just continue,
and I'll forget about whatever was undefined.

! Undefined control sequence.
<argument> ... \\ \qfunc ^*(s,a) &= \max _\policy 
                                                  \qfunc ^\policy (s,a) 
l.352 \end{align}
                 
The control sequence at the end of the top line
of your error message was never \def'ed. If you have
misspelled it (e.g., `\hobx'), type `I' and the correct
spelling (e.g., `I\hbox'). Otherwise just continue,
and I'll forget about whatever was undefined.

! Undefined control sequence.
<argument> ...unc ^*(s,a) &= \max _\policy \qfunc 
                                                  ^\policy (s,a) 
l.352 \end{align}
                 
The control sequence at the end of the top line
of your error message was never \def'ed. If you have
misspelled it (e.g., `\hobx'), type `I' and the correct
spelling (e.g., `I\hbox'). Otherwise just continue,
and I'll forget about whatever was undefined.

! Missing { inserted.
<to be read again> 
                   ^
l.352 \end{align}
                 
A left brace was mandatory here, so I've put one in.
You might want to delete and/or insert some corrections
so that I will find a matching right brace soon.
If you're confused by all this, try typing `I}' now.

! Undefined control sequence.
<argument> ...a) &= \max _\policy \qfunc ^\policy 
                                                  (s,a) 
l.352 \end{align}
                 
The control sequence at the end of the top line
of your error message was never \def'ed. If you have
misspelled it (e.g., `\hobx'), type `I' and the correct
spelling (e.g., `I\hbox'). Otherwise just continue,
and I'll forget about whatever was undefined.

! Missing } inserted.
<inserted text> 
                }
l.352 \end{align}
                 
I've put in what seems to be necessary to fix
the current column of the current alignment.
Try to go on, since this might almost work.

! Undefined control sequence.
<argument>  \vfunc 
                   ^*(s) &= \max _\policy \vfunc ^\policy (s) \\ \qfunc ^*(s...
l.352 \end{align}
                 
The control sequence at the end of the top line
of your error message was never \def'ed. If you have
misspelled it (e.g., `\hobx'), type `I' and the correct
spelling (e.g., `I\hbox'). Otherwise just continue,
and I'll forget about whatever was undefined.

! Undefined control sequence.
<argument>  \vfunc ^*(s) &= \max _\policy 
                                          \vfunc ^\policy (s) \\ \qfunc ^*(s...
l.352 \end{align}
                 
The control sequence at the end of the top line
of your error message was never \def'ed. If you have
misspelled it (e.g., `\hobx'), type `I' and the correct
spelling (e.g., `I\hbox'). Otherwise just continue,
and I'll forget about whatever was undefined.

! Undefined control sequence.
<argument>  \vfunc ^*(s) &= \max _\policy \vfunc 
                                                 ^\policy (s) \\ \qfunc ^*(s...
l.352 \end{align}
                 
The control sequence at the end of the top line
of your error message was never \def'ed. If you have
misspelled it (e.g., `\hobx'), type `I' and the correct
spelling (e.g., `I\hbox'). Otherwise just continue,
and I'll forget about whatever was undefined.

! Missing { inserted.
<to be read again> 
                   ^
l.352 \end{align}
                 
A left brace was mandatory here, so I've put one in.
You might want to delete and/or insert some corrections
so that I will find a matching right brace soon.
If you're confused by all this, try typing `I}' now.

! Undefined control sequence.
<argument> ...s) &= \max _\policy \vfunc ^\policy 
                                                  (s) \\ \qfunc ^*(s,a) &= \...
l.352 \end{align}
                 
The control sequence at the end of the top line
of your error message was never \def'ed. If you have
misspelled it (e.g., `\hobx'), type `I' and the correct
spelling (e.g., `I\hbox'). Otherwise just continue,
and I'll forget about whatever was undefined.

! Missing } inserted.
<inserted text> 
                }
l.352 \end{align}
                 
I've put in what seems to be necessary to fix
the current column of the current alignment.
Try to go on, since this might almost work.

! Undefined control sequence.
<argument> ...olicy \vfunc ^\policy (s) \\ \qfunc 
                                                  ^*(s,a) &= \max _\policy \...
l.352 \end{align}
                 
The control sequence at the end of the top line
of your error message was never \def'ed. If you have
misspelled it (e.g., `\hobx'), type `I' and the correct
spelling (e.g., `I\hbox'). Otherwise just continue,
and I'll forget about whatever was undefined.

! Undefined control sequence.
<argument> ... \\ \qfunc ^*(s,a) &= \max _\policy 
                                                  \qfunc ^\policy (s,a) 
l.352 \end{align}
                 
The control sequence at the end of the top line
of your error message was never \def'ed. If you have
misspelled it (e.g., `\hobx'), type `I' and the correct
spelling (e.g., `I\hbox'). Otherwise just continue,
and I'll forget about whatever was undefined.

! Undefined control sequence.
<argument> ...unc ^*(s,a) &= \max _\policy \qfunc 
                                                  ^\policy (s,a) 
l.352 \end{align}
                 
The control sequence at the end of the top line
of your error message was never \def'ed. If you have
misspelled it (e.g., `\hobx'), type `I' and the correct
spelling (e.g., `I\hbox'). Otherwise just continue,
and I'll forget about whatever was undefined.

! Missing { inserted.
<to be read again> 
                   ^
l.352 \end{align}
                 
A left brace was mandatory here, so I've put one in.
You might want to delete and/or insert some corrections
so that I will find a matching right brace soon.
If you're confused by all this, try typing `I}' now.

! Undefined control sequence.
<argument> ...a) &= \max _\policy \qfunc ^\policy 
                                                  (s,a) 
l.352 \end{align}
                 
The control sequence at the end of the top line
of your error message was never \def'ed. If you have
misspelled it (e.g., `\hobx'), type `I' and the correct
spelling (e.g., `I\hbox'). Otherwise just continue,
and I'll forget about whatever was undefined.

! Missing } inserted.
<inserted text> 
                }
l.352 \end{align}
                 
I've put in what seems to be necessary to fix
the current column of the current alignment.
Try to go on, since this might almost work.

! Undefined control sequence.
l.357 \vfunc
            ^*(s) = \max_{a \in \actions} \left[ R(s,a) + \discount \sum_{s'...
The control sequence at the end of the top line
of your error message was never \def'ed. If you have
misspelled it (e.g., `\hobx'), type `I' and the correct
spelling (e.g., `I\hbox'). Otherwise just continue,
and I'll forget about whatever was undefined.

! Undefined control sequence.
l.357 \vfunc^*(s) = \max_{a \in \actions
                                        } \left[ R(s,a) + \discount \sum_{s'...
The control sequence at the end of the top line
of your error message was never \def'ed. If you have
misspelled it (e.g., `\hobx'), type `I' and the correct
spelling (e.g., `I\hbox'). Otherwise just continue,
and I'll forget about whatever was undefined.

! Undefined control sequence.
l.357 ...a \in \actions} \left[ R(s,a) + \discount
                                                   \sum_{s' \in \states} \tr...
The control sequence at the end of the top line
of your error message was never \def'ed. If you have
misspelled it (e.g., `\hobx'), type `I' and the correct
spelling (e.g., `I\hbox'). Otherwise just continue,
and I'll forget about whatever was undefined.

! Undefined control sequence.
l.357 ...[ R(s,a) + \discount \sum_{s' \in \states
                                                  } \trans(s'|s,a) \vfunc^*(...
The control sequence at the end of the top line
of your error message was never \def'ed. If you have
misspelled it (e.g., `\hobx'), type `I' and the correct
spelling (e.g., `I\hbox'). Otherwise just continue,
and I'll forget about whatever was undefined.

! Undefined control sequence.
l.357 ... + \discount \sum_{s' \in \states} \trans
                                                  (s'|s,a) \vfunc^*(s') \right]
The control sequence at the end of the top line
of your error message was never \def'ed. If you have
misspelled it (e.g., `\hobx'), type `I' and the correct
spelling (e.g., `I\hbox'). Otherwise just continue,
and I'll forget about whatever was undefined.

! Undefined control sequence.
l.357 ...um_{s' \in \states} \trans(s'|s,a) \vfunc
                                                  ^*(s') \right]
The control sequence at the end of the top line
of your error message was never \def'ed. If you have
misspelled it (e.g., `\hobx'), type `I' and the correct
spelling (e.g., `I\hbox'). Otherwise just continue,
and I'll forget about whatever was undefined.

! Undefined control sequence.
l.361 \qfunc
            ^*(s,a) = R(s,a) + \discount \sum_{s' \in \states} \trans(s'|s,a...
The control sequence at the end of the top line
of your error message was never \def'ed. If you have
misspelled it (e.g., `\hobx'), type `I' and the correct
spelling (e.g., `I\hbox'). Otherwise just continue,
and I'll forget about whatever was undefined.

! Undefined control sequence.
l.361 \qfunc^*(s,a) = R(s,a) + \discount
                                         \sum_{s' \in \states} \trans(s'|s,a...
The control sequence at the end of the top line
of your error message was never \def'ed. If you have
misspelled it (e.g., `\hobx'), type `I' and the correct
spelling (e.g., `I\hbox'). Otherwise just continue,
and I'll forget about whatever was undefined.

! Undefined control sequence.
l.361 ...= R(s,a) + \discount \sum_{s' \in \states
                                                  } \trans(s'|s,a) \max_{a' ...
The control sequence at the end of the top line
of your error message was never \def'ed. If you have
misspelled it (e.g., `\hobx'), type `I' and the correct
spelling (e.g., `I\hbox'). Otherwise just continue,
and I'll forget about whatever was undefined.

! Undefined control sequence.
l.361 ... + \discount \sum_{s' \in \states} \trans
                                                  (s'|s,a) \max_{a' \in \act...
The control sequence at the end of the top line
of your error message was never \def'ed. If you have
misspelled it (e.g., `\hobx'), type `I' and the correct
spelling (e.g., `I\hbox'). Otherwise just continue,
and I'll forget about whatever was undefined.

! Undefined control sequence.
l.361 ...tes} \trans(s'|s,a) \max_{a' \in \actions
                                                  } \qfunc^*(s', a')
The control sequence at the end of the top line
of your error message was never \def'ed. If you have
misspelled it (e.g., `\hobx'), type `I' and the correct
spelling (e.g., `I\hbox'). Otherwise just continue,
and I'll forget about whatever was undefined.

! Undefined control sequence.
l.361 ...ans(s'|s,a) \max_{a' \in \actions} \qfunc
                                                  ^*(s', a')
The control sequence at the end of the top line
of your error message was never \def'ed. If you have
misspelled it (e.g., `\hobx'), type `I' and the correct
spelling (e.g., `I\hbox'). Otherwise just continue,
and I'll forget about whatever was undefined.

! Undefined control sequence.
<recently read> \qfunc 
                       
l.366 ...ptimal policy can be derived from $\qfunc
                                                  ^*$:
The control sequence at the end of the top line
of your error message was never \def'ed. If you have
misspelled it (e.g., `\hobx'), type `I' and the correct
spelling (e.g., `I\hbox'). Otherwise just continue,
and I'll forget about whatever was undefined.

! Undefined control sequence.
l.368 \policy
             ^*(s) = \argmax_{a \in \actions} \qfunc^*(s, a)
The control sequence at the end of the top line
of your error message was never \def'ed. If you have
misspelled it (e.g., `\hobx'), type `I' and the correct
spelling (e.g., `I\hbox'). Otherwise just continue,
and I'll forget about whatever was undefined.

! Undefined control sequence.
l.368 \policy^*(s) = \argmax
                            _{a \in \actions} \qfunc^*(s, a)
The control sequence at the end of the top line
of your error message was never \def'ed. If you have
misspelled it (e.g., `\hobx'), type `I' and the correct
spelling (e.g., `I\hbox'). Otherwise just continue,
and I'll forget about whatever was undefined.

! Undefined control sequence.
l.368 \policy^*(s) = \argmax_{a \in \actions
                                            } \qfunc^*(s, a)
The control sequence at the end of the top line
of your error message was never \def'ed. If you have
misspelled it (e.g., `\hobx'), type `I' and the correct
spelling (e.g., `I\hbox'). Otherwise just continue,
and I'll forget about whatever was undefined.

! Undefined control sequence.
l.368 ...cy^*(s) = \argmax_{a \in \actions} \qfunc
                                                  ^*(s, a)
The control sequence at the end of the top line
of your error message was never \def'ed. If you have
misspelled it (e.g., `\hobx'), type `I' and the correct
spelling (e.g., `I\hbox'). Otherwise just continue,
and I'll forget about whatever was undefined.

! Undefined control sequence.
<recently read> \qfunc 
                       
l.374 ... model-free algorithm that learns $\qfunc
                                                  ^*$ directly from experien...
The control sequence at the end of the top line
of your error message was never \def'ed. If you have
misspelled it (e.g., `\hobx'), type `I' and the correct
spelling (e.g., `I\hbox'). Otherwise just continue,
and I'll forget about whatever was undefined.

! Undefined control sequence.
<recently read> \trans 
                       
l.374 ...wing the transition probabilities $\trans
                                                  $.
The control sequence at the end of the top line
of your error message was never \def'ed. If you have
misspelled it (e.g., `\hobx'), type `I' and the correct
spelling (e.g., `I\hbox'). Otherwise just continue,
and I'll forget about whatever was undefined.

! Undefined control sequence.
<recently read> \lr 
                    
l.380 \Require Learning rate $\lr
                                  \in (0,1]$, discount factor $\discount \in...
The control sequence at the end of the top line
of your error message was never \def'ed. If you have
misspelled it (e.g., `\hobx'), type `I' and the correct
spelling (e.g., `I\hbox'). Otherwise just continue,
and I'll forget about whatever was undefined.

! Undefined control sequence.
<recently read> \discount 
                          
l.380 ...lr \in (0,1]$, discount factor $\discount
                                                   \in [0,1)$, exploration r...
The control sequence at the end of the top line
of your error message was never \def'ed. If you have
misspelled it (e.g., `\hobx'), type `I' and the correct
spelling (e.g., `I\hbox'). Otherwise just continue,
and I'll forget about whatever was undefined.

! Missing \endcsname inserted.
<to be read again> 
                   \ALG@currentblock@0 
l.381 \State
             Initialize $\qfunc(s,a)$ arbitrarily for all $s \in \states, a ...
The control sequence marked <to be read again> should
not appear between \csname and \endcsname.

! Extra \endcsname.
\ALG@makebeginrepeat ...\ALG@thisblock \endcsname 
                                                  \relax \def \ALG@thisblock...
l.381 \State
             Initialize $\qfunc(s,a)$ arbitrarily for all $s \in \states, a ...
I'm ignoring this, since I wasn't doing a \csname.

! Undefined control sequence.
<recently read> \qfunc 
                       
l.381 \State Initialize $\qfunc
                               (s,a)$ arbitrarily for all $s \in \states, a ...
The control sequence at the end of the top line
of your error message was never \def'ed. If you have
misspelled it (e.g., `\hobx'), type `I' and the correct
spelling (e.g., `I\hbox'). Otherwise just continue,
and I'll forget about whatever was undefined.

! Undefined control sequence.
l.381 ...(s,a)$ arbitrarily for all $s \in \states
                                                  , a \in \actions$
The control sequence at the end of the top line
of your error message was never \def'ed. If you have
misspelled it (e.g., `\hobx'), type `I' and the correct
spelling (e.g., `I\hbox'). Otherwise just continue,
and I'll forget about whatever was undefined.

! Undefined control sequence.
l.381 ...ly for all $s \in \states, a \in \actions
                                                  $
The control sequence at the end of the top line
of your error message was never \def'ed. If you have
misspelled it (e.g., `\hobx'), type `I' and the correct
spelling (e.g., `I\hbox'). Otherwise just continue,
and I'll forget about whatever was undefined.

! Missing \endcsname inserted.
<to be read again> 
                   \ALG@currentblock@0 
l.382 \For
          {each episode}
The control sequence marked <to be read again> should
not appear between \csname and \endcsname.

! Extra \endcsname.
\ALG@makebeginrepeat ...\ALG@thisblock \endcsname 
                                                  \relax \def \ALG@thisblock...
l.382 \For
          {each episode}
I'm ignoring this, since I wasn't doing a \csname.

! Undefined control sequence.
<recently read> \qfunc 
                       
l.385 ...silon$-greedy policy derived from $\qfunc
                                                  $
The control sequence at the end of the top line
of your error message was never \def'ed. If you have
misspelled it (e.g., `\hobx'), type `I' and the correct
spelling (e.g., `I\hbox'). Otherwise just continue,
and I'll forget about whatever was undefined.

! Undefined control sequence.
<recently read> \qfunc 
                       
l.387         \State $\qfunc
                            (s,a) \leftarrow \qfunc(s,a) + \lr \left[ r + \d...
The control sequence at the end of the top line
of your error message was never \def'ed. If you have
misspelled it (e.g., `\hobx'), type `I' and the correct
spelling (e.g., `I\hbox'). Otherwise just continue,
and I'll forget about whatever was undefined.

! Undefined control sequence.
l.387 ...    \State $\qfunc(s,a) \leftarrow \qfunc
                                                  (s,a) + \lr \left[ r + \di...
The control sequence at the end of the top line
of your error message was never \def'ed. If you have
misspelled it (e.g., `\hobx'), type `I' and the correct
spelling (e.g., `I\hbox'). Otherwise just continue,
and I'll forget about whatever was undefined.

! Undefined control sequence.
l.387 ...$\qfunc(s,a) \leftarrow \qfunc(s,a) + \lr
                                                   \left[ r + \discount \max...
The control sequence at the end of the top line
of your error message was never \def'ed. If you have
misspelled it (e.g., `\hobx'), type `I' and the correct
spelling (e.g., `I\hbox'). Otherwise just continue,
and I'll forget about whatever was undefined.

! Undefined control sequence.
l.387 ...ow \qfunc(s,a) + \lr \left[ r + \discount
                                                   \max_{a'} \qfunc(s',a') -...
The control sequence at the end of the top line
of your error message was never \def'ed. If you have
misspelled it (e.g., `\hobx'), type `I' and the correct
spelling (e.g., `I\hbox'). Otherwise just continue,
and I'll forget about whatever was undefined.

! Undefined control sequence.
l.387 ...\lr \left[ r + \discount \max_{a'} \qfunc
                                                  (s',a') - \qfunc(s,a) \rig...
The control sequence at the end of the top line
of your error message was never \def'ed. If you have
misspelled it (e.g., `\hobx'), type `I' and the correct
spelling (e.g., `I\hbox'). Otherwise just continue,
and I'll forget about whatever was undefined.

! Undefined control sequence.
l.387 ...discount \max_{a'} \qfunc(s',a') - \qfunc
                                                  (s,a) \right]$
The control sequence at the end of the top line
of your error message was never \def'ed. If you have
misspelled it (e.g., `\hobx'), type `I' and the correct
spelling (e.g., `I\hbox'). Otherwise just continue,
and I'll forget about whatever was undefined.

! Missing number, treated as zero.
<to be read again> 
                   \ALG@currentblock@0 
l.391 \end{algorithmic}
                       
A number should have been here; I inserted `0'.
(If you can't figure out why I needed to see a number,
look up `weird error' in the index to The TeXbook.)

! Missing = inserted for \ifnum.
<to be read again> 
                   \ALG@currentblock@0 
l.391 \end{algorithmic}
                       
I was expecting to see `<', `=', or `>'. Didn't.

! Missing number, treated as zero.
<to be read again> 
                   \ALG@currentblock@0 
l.391 \end{algorithmic}
                       
A number should have been here; I inserted `0'.
(If you can't figure out why I needed to see a number,
look up `weird error' in the index to The TeXbook.)

! Undefined control sequence.
<argument> \m@th $\displaystyle \qfunc 
                                       (s,a) \leftarrow \qfunc (s,a) + \lr \...
l.396 ...(s,a) \right]}_{\text{TD error } \delta}}
                                                  
The control sequence at the end of the top line
of your error message was never \def'ed. If you have
misspelled it (e.g., `\hobx'), type `I' and the correct
spelling (e.g., `I\hbox'). Otherwise just continue,
and I'll forget about whatever was undefined.

! Undefined control sequence.
<argument> ...tyle \qfunc (s,a) \leftarrow \qfunc 
                                                  (s,a) + \lr \underbrace {\...
l.396 ...(s,a) \right]}_{\text{TD error } \delta}}
                                                  
The control sequence at the end of the top line
of your error message was never \def'ed. If you have
misspelled it (e.g., `\hobx'), type `I' and the correct
spelling (e.g., `I\hbox'). Otherwise just continue,
and I'll forget about whatever was undefined.

! Undefined control sequence.
<argument> ...(s,a) \leftarrow \qfunc (s,a) + \lr 
                                                  \underbrace {\left [ r + \...
l.396 ...(s,a) \right]}_{\text{TD error } \delta}}
                                                  
The control sequence at the end of the top line
of your error message was never \def'ed. If you have
misspelled it (e.g., `\hobx'), type `I' and the correct
spelling (e.g., `I\hbox'). Otherwise just continue,
and I'll forget about whatever was undefined.

! Undefined control sequence.
<argument> \left [ r + \discount 
                                 \max _{a'} \qfunc (s',a') - \qfunc (s,a) \r...
l.396 ...(s,a) \right]}_{\text{TD error } \delta}}
                                                  
The control sequence at the end of the top line
of your error message was never \def'ed. If you have
misspelled it (e.g., `\hobx'), type `I' and the correct
spelling (e.g., `I\hbox'). Otherwise just continue,
and I'll forget about whatever was undefined.

! Undefined control sequence.
<argument> ...t [ r + \discount \max _{a'} \qfunc 
                                                  (s',a') - \qfunc (s,a) \ri...
l.396 ...(s,a) \right]}_{\text{TD error } \delta}}
                                                  
The control sequence at the end of the top line
of your error message was never \def'ed. If you have
misspelled it (e.g., `\hobx'), type `I' and the correct
spelling (e.g., `I\hbox'). Otherwise just continue,
and I'll forget about whatever was undefined.

! Undefined control sequence.
<argument> ... \max _{a'} \qfunc (s',a') - \qfunc 
                                                  (s,a) \right ]
l.396 ...(s,a) \right]}_{\text{TD error } \delta}}
                                                  
The control sequence at the end of the top line
of your error message was never \def'ed. If you have
misspelled it (e.g., `\hobx'), type `I' and the correct
spelling (e.g., `I\hbox'). Otherwise just continue,
and I'll forget about whatever was undefined.

! Undefined control sequence.
<recently read> \qfunc 
                       
l.401 ...nditions, Q-learning converges to $\qfunc
                                                  ^*$ with probability 1:
The control sequence at the end of the top line
of your error message was never \def'ed. If you have
misspelled it (e.g., `\hobx'), type `I' and the correct
spelling (e.g., `I\hbox'). Otherwise just continue,
and I'll forget about whatever was undefined.

! Undefined control sequence.
l.404 ...m The learning rate satisfies $\sum_t \lr
                                                  _t = \infty$ and $\sum_t \...
The control sequence at the end of the top line
of your error message was never \def'ed. If you have
misspelled it (e.g., `\hobx'), type `I' and the correct
spelling (e.g., `I\hbox'). Otherwise just continue,
and I'll forget about whatever was undefined.

! Double subscript.
l.404 ... The learning rate satisfies $\sum_t \lr_
                                                  t = \infty$ and $\sum_t \l...
I treat `x_1_2' essentially like `x_1{}_2'.

! Undefined control sequence.
l.404 ...s $\sum_t \lr_t = \infty$ and $\sum_t \lr
                                                  _t^2 < \infty$
The control sequence at the end of the top line
of your error message was never \def'ed. If you have
misspelled it (e.g., `\hobx'), type `I' and the correct
spelling (e.g., `I\hbox'). Otherwise just continue,
and I'll forget about whatever was undefined.

! Double subscript.
l.404 ... $\sum_t \lr_t = \infty$ and $\sum_t \lr_
                                                  t^2 < \infty$
I treat `x_1_2' essentially like `x_1{}_2'.

! Undefined control sequence.
l.412 \argmax
             _{a'} \qfunc(s, a') & \text{with probability } 1 - \epsilon \\
The control sequence at the end of the top line
of your error message was never \def'ed. If you have
misspelled it (e.g., `\hobx'), type `I' and the correct
spelling (e.g., `I\hbox'). Otherwise just continue,
and I'll forget about whatever was undefined.

! Undefined control sequence.
l.412 \argmax_{a'} \qfunc
                         (s, a') & \text{with probability } 1 - \epsilon \\
The control sequence at the end of the top line
of your error message was never \def'ed. If you have
misspelled it (e.g., `\hobx'), type `I' and the correct
spelling (e.g., `I\hbox'). Otherwise just continue,
and I'll forget about whatever was undefined.




warning  (pdf backend): ignoring duplicate destination with the name 'page.67'
[67]
! Undefined control sequence.
l.424 J(\theta) = \E
                    _{\policy_\theta} \left[ \sum_{t=0}^{\infty} \discount^t...
The control sequence at the end of the top line
of your error message was never \def'ed. If you have
misspelled it (e.g., `\hobx'), type `I' and the correct
spelling (e.g., `I\hbox'). Otherwise just continue,
and I'll forget about whatever was undefined.

! Undefined control sequence.
l.424 J(\theta) = \E_{\policy
                             _\theta} \left[ \sum_{t=0}^{\infty} \discount^t...
The control sequence at the end of the top line
of your error message was never \def'ed. If you have
misspelled it (e.g., `\hobx'), type `I' and the correct
spelling (e.g., `I\hbox'). Otherwise just continue,
and I'll forget about whatever was undefined.

! Undefined control sequence.
l.424 ...eta} \left[ \sum_{t=0}^{\infty} \discount
                                                  ^t r_{t+1} \right] = \E_{s...
The control sequence at the end of the top line
of your error message was never \def'ed. If you have
misspelled it (e.g., `\hobx'), type `I' and the correct
spelling (e.g., `I\hbox'). Otherwise just continue,
and I'll forget about whatever was undefined.

! Double superscript.
l.424 ...ta} \left[ \sum_{t=0}^{\infty} \discount^
                                                  t r_{t+1} \right] = \E_{s ...
I treat `x^1^2' essentially like `x^1{}^2'.

! Undefined control sequence.
l.424 ...{\infty} \discount^t r_{t+1} \right] = \E
                                                  _{s \sim d^{\policy_\theta...
The control sequence at the end of the top line
of your error message was never \def'ed. If you have
misspelled it (e.g., `\hobx'), type `I' and the correct
spelling (e.g., `I\hbox'). Otherwise just continue,
and I'll forget about whatever was undefined.

! Undefined control sequence.
l.424 ...t r_{t+1} \right] = \E_{s \sim d^{\policy
                                                  _\theta}} \left[ \vfunc^{\...
The control sequence at the end of the top line
of your error message was never \def'ed. If you have
misspelled it (e.g., `\hobx'), type `I' and the correct
spelling (e.g., `I\hbox'). Otherwise just continue,
and I'll forget about whatever was undefined.

! Undefined control sequence.
l.424 ...{s \sim d^{\policy_\theta}} \left[ \vfunc
                                                  ^{\policy_\theta}(s) \right]
The control sequence at the end of the top line
of your error message was never \def'ed. If you have
misspelled it (e.g., `\hobx'), type `I' and the correct
spelling (e.g., `I\hbox'). Otherwise just continue,
and I'll forget about whatever was undefined.

! Undefined control sequence.
l.424 ...^{\policy_\theta}} \left[ \vfunc^{\policy
                                                  _\theta}(s) \right]
The control sequence at the end of the top line
of your error message was never \def'ed. If you have
misspelled it (e.g., `\hobx'), type `I' and the correct
spelling (e.g., `I\hbox'). Otherwise just continue,
and I'll forget about whatever was undefined.

! Undefined control sequence.
l.427 where $d^{\policy
                       _\theta}$ is the stationary distribution of states un...
The control sequence at the end of the top line
of your error message was never \def'ed. If you have
misspelled it (e.g., `\hobx'), type `I' and the correct
spelling (e.g., `I\hbox'). Otherwise just continue,
and I'll forget about whatever was undefined.

! Undefined control sequence.
<recently read> \policy 
                        
l.427 ...ary distribution of states under $\policy
                                                  _\theta$.
The control sequence at the end of the top line
of your error message was never \def'ed. If you have
misspelled it (e.g., `\hobx'), type `I' and the correct
spelling (e.g., `I\hbox'). Otherwise just continue,
and I'll forget about whatever was undefined.

! Undefined control sequence.
l.433 \nabla_\theta J(\theta) = \E
                                  _{\policy_\theta} \left[ \sum_{t=0}^{\inft...
The control sequence at the end of the top line
of your error message was never \def'ed. If you have
misspelled it (e.g., `\hobx'), type `I' and the correct
spelling (e.g., `I\hbox'). Otherwise just continue,
and I'll forget about whatever was undefined.

! Undefined control sequence.
l.433 \nabla_\theta J(\theta) = \E_{\policy
                                           _\theta} \left[ \sum_{t=0}^{\inft...
The control sequence at the end of the top line
of your error message was never \def'ed. If you have
misspelled it (e.g., `\hobx'), type `I' and the correct
spelling (e.g., `I\hbox'). Otherwise just continue,
and I'll forget about whatever was undefined.

! Undefined control sequence.
<recently read> \policy 
                        
l.433 ...{t=0}^{\infty} \nabla_\theta \log \policy
                                                  _\theta(a_t|s_t) \qfunc^{\...
The control sequence at the end of the top line
of your error message was never \def'ed. If you have
misspelled it (e.g., `\hobx'), type `I' and the correct
spelling (e.g., `I\hbox'). Otherwise just continue,
and I'll forget about whatever was undefined.

! Undefined control sequence.
l.433 ...theta \log \policy_\theta(a_t|s_t) \qfunc
                                                  ^{\policy_\theta}(s_t, a_t...
The control sequence at the end of the top line
of your error message was never \def'ed. If you have
misspelled it (e.g., `\hobx'), type `I' and the correct
spelling (e.g., `I\hbox'). Otherwise just continue,
and I'll forget about whatever was undefined.

! Undefined control sequence.
l.433 ...g \policy_\theta(a_t|s_t) \qfunc^{\policy
                                                  _\theta}(s_t, a_t) \right]
The control sequence at the end of the top line
of your error message was never \def'ed. If you have
misspelled it (e.g., `\hobx'), type `I' and the correct
spelling (e.g., `I\hbox'). Otherwise just continue,
and I'll forget about whatever was undefined.

! Undefined control sequence.
l.439 ...ajectory, and $R(\tau) = \sum_t \discount
                                                  ^t r_{t+1}$ its return. Then:
The control sequence at the end of the top line
of your error message was never \def'ed. If you have
misspelled it (e.g., `\hobx'), type `I' and the correct
spelling (e.g., `I\hbox'). Otherwise just continue,
and I'll forget about whatever was undefined.

! Undefined control sequence.
l.441 J(\theta) = \E
                    _{\tau \sim \policy_\theta}[R(\tau)] = \int P(\tau|\thet...
The control sequence at the end of the top line
of your error message was never \def'ed. If you have
misspelled it (e.g., `\hobx'), type `I' and the correct
spelling (e.g., `I\hbox'). Otherwise just continue,
and I'll forget about whatever was undefined.

! Undefined control sequence.
l.441 J(\theta) = \E_{\tau \sim \policy
                                       _\theta}[R(\tau)] = \int P(\tau|\thet...
The control sequence at the end of the top line
of your error message was never \def'ed. If you have
misspelled it (e.g., `\hobx'), type `I' and the correct
spelling (e.g., `I\hbox'). Otherwise just continue,
and I'll forget about whatever was undefined.

! Undefined control sequence.
<argument> ...u |\theta ) R(\tau ) d\tau \\ &= \E 
                                                  _{\tau \sim \policy _\thet...
l.449 \end{align}
                 
The control sequence at the end of the top line
of your error message was never \def'ed. If you have
misspelled it (e.g., `\hobx'), type `I' and the correct
spelling (e.g., `I\hbox'). Otherwise just continue,
and I'll forget about whatever was undefined.

! Undefined control sequence.
<argument> ... d\tau \\ &= \E _{\tau \sim \policy 
                                                  _\theta } \left [ \nabla _...
l.449 \end{align}
                 
The control sequence at the end of the top line
of your error message was never \def'ed. If you have
misspelled it (e.g., `\hobx'), type `I' and the correct
spelling (e.g., `I\hbox'). Otherwise just continue,
and I'll forget about whatever was undefined.

! Undefined control sequence.
<argument> ...u |\theta ) R(\tau ) d\tau \\ &= \E 
                                                  _{\tau \sim \policy _\thet...
l.449 \end{align}
                 
The control sequence at the end of the top line
of your error message was never \def'ed. If you have
misspelled it (e.g., `\hobx'), type `I' and the correct
spelling (e.g., `I\hbox'). Otherwise just continue,
and I'll forget about whatever was undefined.

! Undefined control sequence.
<argument> ... d\tau \\ &= \E _{\tau \sim \policy 
                                                  _\theta } \left [ \nabla _...
l.449 \end{align}
                 
The control sequence at the end of the top line
of your error message was never \def'ed. If you have
misspelled it (e.g., `\hobx'), type `I' and the correct
spelling (e.g., `I\hbox'). Otherwise just continue,
and I'll forget about whatever was undefined.

! Undefined control sequence.
l.453 ...theta) = P(s_0) \prod_{t=0}^{T-1} \policy
                                                  _\theta(a_t|s_t) P(s_{t+1}...
The control sequence at the end of the top line
of your error message was never \def'ed. If you have
misspelled it (e.g., `\hobx'), type `I' and the correct
spelling (e.g., `I\hbox'). Otherwise just continue,
and I'll forget about whatever was undefined.

! Double subscript.
l.453 ...heta) = P(s_0) \prod_{t=0}^{T-1} \policy_
                                                  \theta(a_t|s_t) P(s_{t+1}|...
I treat `x_1_2' essentially like `x_1{}_2'.

! Undefined control sequence.
<recently read> \policy 
                        
l.458 ...um_{t=0}^{T-1} \nabla_\theta \log \policy
                                                  _\theta(a_t|s_t)
The control sequence at the end of the top line
of your error message was never \def'ed. If you have
misspelled it (e.g., `\hobx'), type `I' and the correct
spelling (e.g., `I\hbox'). Otherwise just continue,
and I'll forget about whatever was undefined.




warning  (pdf backend): ignoring duplicate destination with the name 'page.68'
[68]
! Undefined control sequence.
l.463 \nabla_\theta J(\theta) = \E
                                  _{\policy_\theta} \left[ \sum_{t=0}^{T-1} ...
The control sequence at the end of the top line
of your error message was never \def'ed. If you have
misspelled it (e.g., `\hobx'), type `I' and the correct
spelling (e.g., `I\hbox'). Otherwise just continue,
and I'll forget about whatever was undefined.

! Undefined control sequence.
l.463 \nabla_\theta J(\theta) = \E_{\policy
                                           _\theta} \left[ \sum_{t=0}^{T-1} ...
The control sequence at the end of the top line
of your error message was never \def'ed. If you have
misspelled it (e.g., `\hobx'), type `I' and the correct
spelling (e.g., `I\hbox'). Otherwise just continue,
and I'll forget about whatever was undefined.

! Undefined control sequence.
<recently read> \policy 
                        
l.463 ...um_{t=0}^{T-1} \nabla_\theta \log \policy
                                                  _\theta(a_t|s_t) \qfunc^{\...
The control sequence at the end of the top line
of your error message was never \def'ed. If you have
misspelled it (e.g., `\hobx'), type `I' and the correct
spelling (e.g., `I\hbox'). Otherwise just continue,
and I'll forget about whatever was undefined.

! Undefined control sequence.
l.463 ...theta \log \policy_\theta(a_t|s_t) \qfunc
                                                  ^{\policy_\theta}(s_t, a_t...
The control sequence at the end of the top line
of your error message was never \def'ed. If you have
misspelled it (e.g., `\hobx'), type `I' and the correct
spelling (e.g., `I\hbox'). Otherwise just continue,
and I'll forget about whatever was undefined.

! Undefined control sequence.
l.463 ...g \policy_\theta(a_t|s_t) \qfunc^{\policy
                                                  _\theta}(s_t, a_t) \right]
The control sequence at the end of the top line
of your error message was never \def'ed. If you have
misspelled it (e.g., `\hobx'), type `I' and the correct
spelling (e.g., `I\hbox'). Otherwise just continue,
and I'll forget about whatever was undefined.

! Undefined control sequence.
l.467 ...he \textit{advantage function} $A^\policy
                                                  (s,a) = \qfunc^\policy(s,a...
The control sequence at the end of the top line
of your error message was never \def'ed. If you have
misspelled it (e.g., `\hobx'), type `I' and the correct
spelling (e.g., `I\hbox'). Otherwise just continue,
and I'll forget about whatever was undefined.

! Undefined control sequence.
l.467 ...antage function} $A^\policy(s,a) = \qfunc
                                                  ^\policy(s,a) - \vfunc^\po...
The control sequence at the end of the top line
of your error message was never \def'ed. If you have
misspelled it (e.g., `\hobx'), type `I' and the correct
spelling (e.g., `I\hbox'). Otherwise just continue,
and I'll forget about whatever was undefined.

! Undefined control sequence.
l.467 ...unction} $A^\policy(s,a) = \qfunc^\policy
                                                  (s,a) - \vfunc^\policy(s)$...
The control sequence at the end of the top line
of your error message was never \def'ed. If you have
misspelled it (e.g., `\hobx'), type `I' and the correct
spelling (e.g., `I\hbox'). Otherwise just continue,
and I'll forget about whatever was undefined.

! Undefined control sequence.
l.467 ...olicy(s,a) = \qfunc^\policy(s,a) - \vfunc
                                                  ^\policy(s)$ to reduce var...
The control sequence at the end of the top line
of your error message was never \def'ed. If you have
misspelled it (e.g., `\hobx'), type `I' and the correct
spelling (e.g., `I\hbox'). Otherwise just continue,
and I'll forget about whatever was undefined.

! Undefined control sequence.
l.467 ...a) = \qfunc^\policy(s,a) - \vfunc^\policy
                                                  (s)$ to reduce variance:
The control sequence at the end of the top line
of your error message was never \def'ed. If you have
misspelled it (e.g., `\hobx'), type `I' and the correct
spelling (e.g., `I\hbox'). Otherwise just continue,
and I'll forget about whatever was undefined.

! Undefined control sequence.
l.469 \nabla_\theta J(\theta) = \E
                                  _{\policy_\theta} \left[ \nabla_\theta \lo...
The control sequence at the end of the top line
of your error message was never \def'ed. If you have
misspelled it (e.g., `\hobx'), type `I' and the correct
spelling (e.g., `I\hbox'). Otherwise just continue,
and I'll forget about whatever was undefined.

! Undefined control sequence.
l.469 \nabla_\theta J(\theta) = \E_{\policy
                                           _\theta} \left[ \nabla_\theta \lo...
The control sequence at the end of the top line
of your error message was never \def'ed. If you have
misspelled it (e.g., `\hobx'), type `I' and the correct
spelling (e.g., `I\hbox'). Otherwise just continue,
and I'll forget about whatever was undefined.

! Undefined control sequence.
<recently read> \policy 
                        
l.469 ...\theta} \left[ \nabla_\theta \log \policy
                                                  _\theta(a|s) A^{\policy_\t...
The control sequence at the end of the top line
of your error message was never \def'ed. If you have
misspelled it (e.g., `\hobx'), type `I' and the correct
spelling (e.g., `I\hbox'). Otherwise just continue,
and I'll forget about whatever was undefined.

! Undefined control sequence.
l.469 ...theta \log \policy_\theta(a|s) A^{\policy
                                                  _\theta}(s, a) \right]
The control sequence at the end of the top line
of your error message was never \def'ed. If you have
misspelled it (e.g., `\hobx'), type `I' and the correct
spelling (e.g., `I\hbox'). Otherwise just continue,
and I'll forget about whatever was undefined.

! Undefined control sequence.
<recently read> \lr 
                    
l.477 \Require Learning rate $\lr
                                 $, parameterized policy $\policy_\theta$
The control sequence at the end of the top line
of your error message was never \def'ed. If you have
misspelled it (e.g., `\hobx'), type `I' and the correct
spelling (e.g., `I\hbox'). Otherwise just continue,
and I'll forget about whatever was undefined.

! Undefined control sequence.
<recently read> \policy 
                        
l.477 ...rate $\lr$, parameterized policy $\policy
                                                  _\theta$
The control sequence at the end of the top line
of your error message was never \def'ed. If you have
misspelled it (e.g., `\hobx'), type `I' and the correct
spelling (e.g., `I\hbox'). Otherwise just continue,
and I'll forget about whatever was undefined.

! Missing \endcsname inserted.
<to be read again> 
                   \ALG@currentblock@0 
l.478 \For
          {each episode}
The control sequence marked <to be read again> should
not appear between \csname and \endcsname.

! Extra \endcsname.
\ALG@makebeginrepeat ...\ALG@thisblock \endcsname 
                                                  \relax \def \ALG@thisblock...
l.478 \For
          {each episode}
I'm ignoring this, since I wasn't doing a \csname.

! Undefined control sequence.
<recently read> \policy 
                        
l.479 ..._1, r_2, \ldots, s_T)$ following $\policy
                                                  _\theta$
The control sequence at the end of the top line
of your error message was never \def'ed. If you have
misspelled it (e.g., `\hobx'), type `I' and the correct
spelling (e.g., `I\hbox'). Otherwise just continue,
and I'll forget about whatever was undefined.

! Undefined control sequence.
l.481 ...G_t \leftarrow \sum_{k=t+1}^{T} \discount
                                                  ^{k-t-1} r_k$ \Comment{Ret...
The control sequence at the end of the top line
of your error message was never \def'ed. If you have
misspelled it (e.g., `\hobx'), type `I' and the correct
spelling (e.g., `I\hbox'). Otherwise just continue,
and I'll forget about whatever was undefined.

! Double superscript.
l.481 ..._t \leftarrow \sum_{k=t+1}^{T} \discount^
                                                  {k-t-1} r_k$ \Comment{Retu...
I treat `x^1^2' essentially like `x^1{}^2'.

! Undefined control sequence.
l.482 ...   \State $\theta \leftarrow \theta + \lr
                                                   \discount^t G_t \nabla_\t...
The control sequence at the end of the top line
of your error message was never \def'ed. If you have
misspelled it (e.g., `\hobx'), type `I' and the correct
spelling (e.g., `I\hbox'). Otherwise just continue,
and I'll forget about whatever was undefined.

! Undefined control sequence.
l.482 ...$\theta \leftarrow \theta + \lr \discount
                                                  ^t G_t \nabla_\theta \log ...
The control sequence at the end of the top line
of your error message was never \def'ed. If you have
misspelled it (e.g., `\hobx'), type `I' and the correct
spelling (e.g., `I\hbox'). Otherwise just continue,
and I'll forget about whatever was undefined.

! Undefined control sequence.
<recently read> \policy 
                        
l.482 ...discount^t G_t \nabla_\theta \log \policy
                                                  _\theta(a_t|s_t)$
The control sequence at the end of the top line
of your error message was never \def'ed. If you have
misspelled it (e.g., `\hobx'), type `I' and the correct
spelling (e.g., `I\hbox'). Otherwise just continue,
and I'll forget about whatever was undefined.

! Missing number, treated as zero.
<to be read again> 
                   \ALG@currentblock@0 
l.485 \end{algorithmic}
                       
A number should have been here; I inserted `0'.
(If you can't figure out why I needed to see a number,
look up `weird error' in the index to The TeXbook.)

! Missing = inserted for \ifnum.
<to be read again> 
                   \ALG@currentblock@0 
l.485 \end{algorithmic}
                       
I was expecting to see `<', `=', or `>'. Didn't.

! Missing number, treated as zero.
<to be read again> 
                   \ALG@currentblock@0 
l.485 \end{algorithmic}
                       
A number should have been here; I inserted `0'.
(If you can't figure out why I needed to see a number,
look up `weird error' in the index to The TeXbook.)

! Undefined control sequence.
<recently read> \discount 
                          
l.501 ...ratic MDP with discount factor $\discount
                                                   = 1$ and finite horizon $...
The control sequence at the end of the top line
of your error message was never \def'ed. If you have
misspelled it (e.g., `\hobx'), type `I' and the correct
spelling (e.g., `I\hbox'). Otherwise just continue,
and I'll forget about whatever was undefined.

! Undefined control sequence.
l.503 \policy
             ^*(s_t) = -K_t s_t
The control sequence at the end of the top line
of your error message was never \def'ed. If you have
misspelled it (e.g., `\hobx'), type `I' and the correct
spelling (e.g., `I\hbox'). Otherwise just continue,
and I'll forget about whatever was undefined.

! Undefined control sequence.
l.511 \vfunc
            ^*(s) = -s^\top P s + c
The control sequence at the end of the top line
of your error message was never \def'ed. If you have
misspelled it (e.g., `\hobx'), type `I' and the correct
spelling (e.g., `I\hbox'). Otherwise just continue,
and I'll forget about whatever was undefined.




warning  (pdf backend): ignoring duplicate destination with the name 'page.69'
[69]
! Undefined control sequence.
l.530 $\min \int L(x,u) dt$ & & $\max \E
                                        [\sum \gamma^t r_t]$ \\[1em]
The control sequence at the end of the top line
of your error message was never \def'ed. If you have
misspelled it (e.g., `\hobx'), type `I' and the correct
spelling (e.g., `I\hbox'). Otherwise just continue,
and I'll forget about whatever was undefined.

Missing character: There is no ° (U+00B0) in font cmr12!



warning  (pdf backend): ignoring duplicate destination with the name 'page.70'
[70]


warning  (pdf backend): ignoring duplicate destination with the name 'page.71'
[71]
Underfull \vbox (badness 10000) has occurred while \output is active []




warning  (pdf backend): ignoring duplicate destination with the name 'page.72'
[72]


warning  (pdf backend): ignoring duplicate destination with the name 'page.73'
[73]


warning  (pdf backend): ignoring duplicate destination with the name 'page.74'
[74]
Package pgfplots info on input line 840: Using 'lua backend=false' for plot 0 (
type 'graphics'): plot handler does not support LUA.

! Missing $ inserted.
<inserted text> 
                $
l.879 ...nction Calculation for Simple MDP}{value_
                                                  calc}
I've inserted a begin-math/end-math symbol since I think
you left one out. Proceed, with fingers crossed.

! Extra }, or forgotten $.
l.879 ...n Calculation for Simple MDP}{value_calc}
                                                  
I've deleted a group-closing symbol because it seems to be
spurious, as in `$x}$'. But perhaps the } is legitimate and
you forgot something else, as in `\hbox{$x}'. In such cases
the way to recover is to insert both the forgotten and the
deleted material, e.g., by typing `I$}'.

! Missing $ inserted.
<inserted text> 
                $
l.880 Consider a 3-state MDP with states $\{s_
                                              1, s_2, s_3\}$ where $s_3$ is ...
I've inserted a begin-math/end-math symbol since I think
you left one out. Proceed, with fingers crossed.


Overfull \hbox (96.19943pt too wide) in paragraph at lines 879--881
[][]\T1/ptm/b/n/12 Ex-am-ple 24.1. []\T1/ptm/m/n/12 Value Func-tion Cal-cu-la-ti
on for Sim-ple MDPvalue$[][]\OML/cmm/m/it/12 alcConsidera\OT1/cmr/m/n/12 3 \OMS
/cmsy/m/n/12 ^^@ \OML/cmm/m/it/12 stateMDPwithstates$\T1/ptm/m/n/12 {s$[][]\OML
/cmm/m/it/12 ; s[]; s[]\OMS/cmsy/m/n/12 g$
 []

! Undefined control sequence.
l.896 \tcblower
               
The control sequence at the end of the top line
of your error message was never \def'ed. If you have
misspelled it (e.g., `\hobx'), type `I' and the correct
spelling (e.g., `I\hbox'). Otherwise just continue,
and I'll forget about whatever was undefined.




warning  (pdf backend): ignoring duplicate destination with the name 'page.75'
[75]


warning  (pdf backend): ignoring duplicate destination with the name 'page.76'
[76]
! Missing } inserted.
<inserted text> 
                }
l.929 \end{example}
                   
I've inserted something that you may have forgotten.
(See the <inserted text> above.)
With luck, this will get me unwedged. But if you
really didn't forget anything, try typing `2' now; then
my insertion and my current dilemma will both disappear.

! Missing $ inserted.
<inserted text> 
                $
l.931 ...ample}{Q-Learning Update Step}{qlearning_
                                                  update}
I've inserted a begin-math/end-math symbol since I think
you left one out. Proceed, with fingers crossed.

! Extra }, or forgotten $.
l.931 ...Q-Learning Update Step}{qlearning_update}
                                                  
I've deleted a group-closing symbol because it seems to be
spurious, as in `$x}$'. But perhaps the } is legitimate and
you forgot something else, as in `\hbox{$x}'. In such cases
the way to recover is to insert both the forgotten and the
deleted material, e.g., by typing `I$}'.

! Missing $ inserted.
<inserted text> 
                $
l.934     \item
                Reward $r = 10$
I've inserted a begin-math/end-math symbol since I think
you left one out. Proceed, with fingers crossed.

! Missing } inserted.
<inserted text> 
                }
l.934     \item
                Reward $r = 10$
I've inserted something that you may have forgotten.
(See the <inserted text> above.)
With luck, this will get me unwedged. But if you
really didn't forget anything, try typing `2' now; then
my insertion and my current dilemma will both disappear.

! Missing \endgroup inserted.
<inserted text> 
                \endgroup 
l.934     \item
                Reward $r = 10$
I've inserted something that you may have forgotten.
(See the <inserted text> above.)
With luck, this will get me unwedged. But if you
really didn't forget anything, try typing `2' now; then
my insertion and my current dilemma will both disappear.


Overfull \hbox (22.66412pt too wide) in paragraph at lines 931--934
[][]\T1/ptm/b/n/12 Ex-am-ple 24.2. []\T1/ptm/m/n/12 Q-Learning Up-date Stepqlear
ning$[][]\OML/cmm/m/it/12 pdateAnagentinstate$\T1/ptm/m/n/12 s$\OML/cmm/m/it/12
 takesaction$\T1/ptm/m/n/12 a$\OML/cmm/m/it/12 andobserves \OT1/cmr/m/n/12 :
 []

! Undefined control sequence.
\enit@itemize@i ...\enit@negwidth }\enit@keyfirst 
                                                  \fi 
l.934     \item
                Reward $r = 10$
The control sequence at the end of the top line
of your error message was never \def'ed. If you have
misspelled it (e.g., `\hobx'), type `I' and the correct
spelling (e.g., `I\hbox'). Otherwise just continue,
and I'll forget about whatever was undefined.

! Undefined control sequence.
\enit@enditemize ->\enit@after 
                               \endlist \ifx \enit@series \relax \else \ifnu...
l.937 \end{itemize}
                   
The control sequence at the end of the top line
of your error message was never \def'ed. If you have
misspelled it (e.g., `\hobx'), type `I' and the correct
spelling (e.g., `I\hbox'). Otherwise just continue,
and I'll forget about whatever was undefined.

! Undefined control sequence.
\enit@enditemize ...x \else \ifnum \enit@resuming 
                                                  =\@ne \enit@setresumekeys ...
l.937 \end{itemize}
                   
The control sequence at the end of the top line
of your error message was never \def'ed. If you have
misspelled it (e.g., `\hobx'), type `I' and the correct
spelling (e.g., `I\hbox'). Otherwise just continue,
and I'll forget about whatever was undefined.

! Missing number, treated as zero.
<to be read again> 
                   =
l.937 \end{itemize}
                   
A number should have been here; I inserted `0'.
(If you can't figure out why I needed to see a number,
look up `weird error' in the index to The TeXbook.)

! Undefined control sequence.
\enit@setresumekeys ...xpandafter {\enit@savekeys 
                                                  }\xdef \enit@afterlist {#2...
l.937 \end{itemize}
                   
The control sequence at the end of the top line
of your error message was never \def'ed. If you have
misspelled it (e.g., `\hobx'), type `I' and the correct
spelling (e.g., `I\hbox'). Otherwise just continue,
and I'll forget about whatever was undefined.

! Undefined control sequence.
\enit@enditemize ...ist \fi \ifnum \enit@resuming 
                                                  =\thr@@ \enit@setresumekey...
l.937 \end{itemize}
                   
The control sequence at the end of the top line
of your error message was never \def'ed. If you have
misspelled it (e.g., `\hobx'), type `I' and the correct
spelling (e.g., `I\hbox'). Otherwise just continue,
and I'll forget about whatever was undefined.

! Missing number, treated as zero.
<to be read again> 
                   =
l.937 \end{itemize}
                   
A number should have been here; I inserted `0'.
(If you can't figure out why I needed to see a number,
look up `weird error' in the index to The TeXbook.)

! Undefined control sequence.
\enit@setresumekeys ...xpandafter {\enit@savekeys 
                                                  }\xdef \enit@afterlist {#2...
l.937 \end{itemize}
                   
The control sequence at the end of the top line
of your error message was never \def'ed. If you have
misspelled it (e.g., `\hobx'), type `I' and the correct
spelling (e.g., `I\hbox'). Otherwise just continue,
and I'll forget about whatever was undefined.


! LaTeX Error: \begin{example} on input line 931 ended by \end{itemize}.

See the LaTeX manual or LaTeX Companion for explanation.
Type  H <return>  for immediate help.
 ...                                              
                                                  
l.937 \end{itemize}
                   
Your command was ignored.
Type  I <command> <return>  to replace it with another command,
or  <return>  to continue without it.

! Undefined control sequence.
l.941 \tcblower
               
The control sequence at the end of the top line
of your error message was never \def'ed. If you have
misspelled it (e.g., `\hobx'), type `I' and the correct
spelling (e.g., `I\hbox'). Otherwise just continue,
and I'll forget about whatever was undefined.


! LaTeX Error: \begin{document} ended by \end{example}.

See the LaTeX manual or LaTeX Companion for explanation.
Type  H <return>  for immediate help.
 ...                                              
                                                  
l.970 \end{example}
                   
Your command was ignored.
Type  I <command> <return>  to replace it with another command,
or  <return>  to continue without it.

! Extra \endgroup.
\end  ...end#1\endcsname \@checkend {#1}\endgroup 
                                                  \UseHook {env/#1/after}\if...
l.970 \end{example}
                   
Things are pretty mixed up, but I think the worst is over.

! Missing $ inserted.
<inserted text> 
                $
l.972 ...ing Optimal Policy from Q-Table}{optimal_
                                                  policy}
I've inserted a begin-math/end-math symbol since I think
you left one out. Proceed, with fingers crossed.

! Extra }, or forgotten $.
l.972 ...imal Policy from Q-Table}{optimal_policy}
                                                  
I've deleted a group-closing symbol because it seems to be
spurious, as in `$x}$'. But perhaps the } is legitimate and
you forgot something else, as in `\hbox{$x}'. In such cases
the way to recover is to insert both the forgotten and the
deleted material, e.g., by typing `I$}'.

! Missing $ inserted.
<inserted text> 
                $
l.974 
      
I've inserted a begin-math/end-math symbol since I think
you left one out. Proceed, with fingers crossed.

! Missing } inserted.
<inserted text> 
                }
l.974 
      
I've inserted something that you may have forgotten.
(See the <inserted text> above.)
With luck, this will get me unwedged. But if you
really didn't forget anything, try typing `2' now; then
my insertion and my current dilemma will both disappear.


Overfull \hbox (38.58014pt too wide) in paragraph at lines 972--974
[][]\T1/ptm/b/n/12 Ex-am-ple 24.3. []\T1/ptm/m/n/12 De-riv-ing Op-ti-mal Pol-icy
 from Q-Tableoptimal$[][]\OML/cmm/m/it/12 olicyGiventhefollowingQ \OMS/cmsy/m/n
/12 ^^@ \OML/cmm/m/it/12 tablefora\OT1/cmr/m/n/12 2 \OMS/cmsy/m/n/12 ^^@
 []

! Undefined control sequence.
l.986 \tcblower
               
The control sequence at the end of the top line
of your error message was never \def'ed. If you have
misspelled it (e.g., `\hobx'), type `I' and the correct
spelling (e.g., `I\hbox'). Otherwise just continue,
and I'll forget about whatever was undefined.

! Undefined control sequence.
l.991 \pi^*(s) = \argmax
                        _a Q(s, a)
The control sequence at the end of the top line
of your error message was never \def'ed. If you have
misspelled it (e.g., `\hobx'), type `I' and the correct
spelling (e.g., `I\hbox'). Otherwise just continue,
and I'll forget about whatever was undefined.




warning  (pdf backend): ignoring duplicate destination with the name 'page.77'
[77]
! Undefined control sequence.
l.996 \pi^*(s_1) = \argmax
                          _a \{Q(s_1, a_1), Q(s_1, a_2)\} = \argmax\{4.5, 7....
The control sequence at the end of the top line
of your error message was never \def'ed. If you have
misspelled it (e.g., `\hobx'), type `I' and the correct
spelling (e.g., `I\hbox'). Otherwise just continue,
and I'll forget about whatever was undefined.

! Undefined control sequence.
l.996 ..._a \{Q(s_1, a_1), Q(s_1, a_2)\} = \argmax
                                                  \{4.5, 7.2\} = \boxed{a_2}
The control sequence at the end of the top line
of your error message was never \def'ed. If you have
misspelled it (e.g., `\hobx'), type `I' and the correct
spelling (e.g., `I\hbox'). Otherwise just continue,
and I'll forget about whatever was undefined.

! Undefined control sequence.
l.1001 \pi^*(s_2) = \argmax
                           _a \{Q(s_2, a_1), Q(s_2, a_2)\} = \argmax\{6.8, 3...
The control sequence at the end of the top line
of your error message was never \def'ed. If you have
misspelled it (e.g., `\hobx'), type `I' and the correct
spelling (e.g., `I\hbox'). Otherwise just continue,
and I'll forget about whatever was undefined.

! Undefined control sequence.
l.1001 ...a \{Q(s_2, a_1), Q(s_2, a_2)\} = \argmax
                                                  \{6.8, 3.1\} = \boxed{a_1}
The control sequence at the end of the top line
of your error message was never \def'ed. If you have
misspelled it (e.g., `\hobx'), type `I' and the correct
spelling (e.g., `I\hbox'). Otherwise just continue,
and I'll forget about whatever was undefined.

! Missing $ inserted.
<inserted text> 
                $
l.1009 ...t of Discount Factor $\gamma$}{discount_
                                                  analysis}
I've inserted a begin-math/end-math symbol since I think
you left one out. Proceed, with fingers crossed.

! Extra }, or forgotten $.
l.1009 ...ount Factor $\gamma$}{discount_analysis}
                                                  
I've deleted a group-closing symbol because it seems to be
spurious, as in `$x}$'. But perhaps the } is legitimate and
you forgot something else, as in `\hbox{$x}'. In such cases
the way to recover is to insert both the forgotten and the
deleted material, e.g., by typing `I$}'.

! Missing $ inserted.
<inserted text> 
                $
l.1012     \item
                 \textbf{Policy A:} Receives reward $+1$ every step forever
I've inserted a begin-math/end-math symbol since I think
you left one out. Proceed, with fingers crossed.

! Missing } inserted.
<inserted text> 
                }
l.1012     \item
                 \textbf{Policy A:} Receives reward $+1$ every step forever
I've inserted something that you may have forgotten.
(See the <inserted text> above.)
With luck, this will get me unwedged. But if you
really didn't forget anything, try typing `2' now; then
my insertion and my current dilemma will both disappear.

! Missing \endgroup inserted.
<inserted text> 
                \endgroup 
l.1012     \item
                 \textbf{Policy A:} Receives reward $+1$ every step forever
I've inserted something that you may have forgotten.
(See the <inserted text> above.)
With luck, this will get me unwedged. But if you
really didn't forget anything, try typing `2' now; then
my insertion and my current dilemma will both disappear.


Overfull \hbox (157.19096pt too wide) in paragraph at lines 1009--1012
[][]\T1/ptm/b/n/12 Ex-am-ple 24.4. []\T1/ptm/m/n/12 Ef-fect of Dis-count Fac-tor
 $\OML/cmm/m/it/12 $\T1/ptm/m/n/12 discount$[][]\OML/cmm/m/it/12 nalysisConside
ranagentchoosingbetweentwopoliciesinacontinuingtask \OT1/cmr/m/n/12 :
 []

! Undefined control sequence.
\enit@itemize@i ...\enit@negwidth }\enit@keyfirst 
                                                  \fi 
l.1012     \item
                 \textbf{Policy A:} Receives reward $+1$ every step forever
The control sequence at the end of the top line
of your error message was never \def'ed. If you have
misspelled it (e.g., `\hobx'), type `I' and the correct
spelling (e.g., `I\hbox'). Otherwise just continue,
and I'll forget about whatever was undefined.

! Undefined control sequence.
\enit@enditemize ->\enit@after 
                               \endlist \ifx \enit@series \relax \else \ifnu...
l.1014 \end{itemize}
                    
The control sequence at the end of the top line
of your error message was never \def'ed. If you have
misspelled it (e.g., `\hobx'), type `I' and the correct
spelling (e.g., `I\hbox'). Otherwise just continue,
and I'll forget about whatever was undefined.

! Undefined control sequence.
\enit@enditemize ...x \else \ifnum \enit@resuming 
                                                  =\@ne \enit@setresumekeys ...
l.1014 \end{itemize}
                    
The control sequence at the end of the top line
of your error message was never \def'ed. If you have
misspelled it (e.g., `\hobx'), type `I' and the correct
spelling (e.g., `I\hbox'). Otherwise just continue,
and I'll forget about whatever was undefined.

! Missing number, treated as zero.
<to be read again> 
                   =
l.1014 \end{itemize}
                    
A number should have been here; I inserted `0'.
(If you can't figure out why I needed to see a number,
look up `weird error' in the index to The TeXbook.)

! Undefined control sequence.
\enit@setresumekeys ...xpandafter {\enit@savekeys 
                                                  }\xdef \enit@afterlist {#2...
l.1014 \end{itemize}
                    
The control sequence at the end of the top line
of your error message was never \def'ed. If you have
misspelled it (e.g., `\hobx'), type `I' and the correct
spelling (e.g., `I\hbox'). Otherwise just continue,
and I'll forget about whatever was undefined.

! Undefined control sequence.
\enit@enditemize ...ist \fi \ifnum \enit@resuming 
                                                  =\thr@@ \enit@setresumekey...
l.1014 \end{itemize}
                    
The control sequence at the end of the top line
of your error message was never \def'ed. If you have
misspelled it (e.g., `\hobx'), type `I' and the correct
spelling (e.g., `I\hbox'). Otherwise just continue,
and I'll forget about whatever was undefined.

! Missing number, treated as zero.
<to be read again> 
                   =
l.1014 \end{itemize}
                    
A number should have been here; I inserted `0'.
(If you can't figure out why I needed to see a number,
look up `weird error' in the index to The TeXbook.)

! Undefined control sequence.
\enit@setresumekeys ...xpandafter {\enit@savekeys 
                                                  }\xdef \enit@afterlist {#2...
l.1014 \end{itemize}
                    
The control sequence at the end of the top line
of your error message was never \def'ed. If you have
misspelled it (e.g., `\hobx'), type `I' and the correct
spelling (e.g., `I\hbox'). Otherwise just continue,
and I'll forget about whatever was undefined.


! LaTeX Error: \begin{example} on input line 1009 ended by \end{itemize}.

See the LaTeX manual or LaTeX Companion for explanation.
Type  H <return>  for immediate help.
 ...                                              
                                                  
l.1014 \end{itemize}
                    
Your command was ignored.
Type  I <command> <return>  to replace it with another command,
or  <return>  to continue without it.

! Undefined control sequence.
l.1018 \tcblower
                
The control sequence at the end of the top line
of your error message was never \def'ed. If you have
misspelled it (e.g., `\hobx'), type `I' and the correct
spelling (e.g., `I\hbox'). Otherwise just continue,
and I'll forget about whatever was undefined.




warning  (pdf backend): ignoring duplicate destination with the name 'page.78'
[78]

! LaTeX Error: \begin{document} ended by \end{example}.

See the LaTeX manual or LaTeX Companion for explanation.
Type  H <return>  for immediate help.
 ...                                              
                                                  
l.1052 \end{example}
                    
Your command was ignored.
Type  I <command> <return>  to replace it with another command,
or  <return>  to continue without it.

! Extra \endgroup.
\end  ...end#1\endcsname \@checkend {#1}\endgroup 
                                                  \UseHook {env/#1/after}\if...
l.1052 \end{example}
                    
Things are pretty mixed up, but I think the worst is over.

! Missing $ inserted.
<inserted text> 
                $
l.1054 ...parison: RL vs. Dynamic Programming}{rl_
                                                  vs_dp}
I've inserted a begin-math/end-math symbol since I think
you left one out. Proceed, with fingers crossed.

! Extra }, or forgotten $.
l.1054 ...n: RL vs. Dynamic Programming}{rl_vs_dp}
                                                  
I've deleted a group-closing symbol because it seems to be
spurious, as in `$x}$'. But perhaps the } is legitimate and
you forgot something else, as in `\hbox{$x}'. In such cases
the way to recover is to insert both the forgotten and the
deleted material, e.g., by typing `I$}'.

! Missing $ inserted.
<inserted text> 
                $
l.1056 \begin{enumerate}[(a)]
                             
I've inserted a begin-math/end-math symbol since I think
you left one out. Proceed, with fingers crossed.

! Missing } inserted.
<inserted text> 
                }
l.1056 \begin{enumerate}[(a)]
                             
I've inserted something that you may have forgotten.
(See the <inserted text> above.)
With luck, this will get me unwedged. But if you
really didn't forget anything, try typing `2' now; then
my insertion and my current dilemma will both disappear.

! Missing \endgroup inserted.
<inserted text> 
                \endgroup 
l.1056 \begin{enumerate}[(a)]
                             
I've inserted something that you may have forgotten.
(See the <inserted text> above.)
With luck, this will get me unwedged. But if you
really didn't forget anything, try typing `2' now; then
my insertion and my current dilemma will both disappear.


Overfull \hbox (219.02734pt too wide) in paragraph at lines 1054--1056
[][]\T1/ptm/b/n/12 Ex-am-ple 24.5. []\T1/ptm/m/n/12 Com-par-i-son: RL vs. Dy-nam
ic Programmingrl$[][]\OML/cmm/m/it/12 s[]pArobotnavigatesa\OT1/cmr/m/n/12 4 \OM
S/cmsy/m/n/12 ^^@ \OML/cmm/m/it/12 stategridworld:Comparesolvingthisproblemusing
 \OT1/cmr/m/n/12 :
 []

! Undefined control sequence.
\enit@enumerate@i ...nit@negwidth }\enit@keyfirst 
                                                  \fi 
l.1056 \begin{enumerate}[(a)]
                             
The control sequence at the end of the top line
of your error message was never \def'ed. If you have
misspelled it (e.g., `\hobx'), type `I' and the correct
spelling (e.g., `I\hbox'). Otherwise just continue,
and I'll forget about whatever was undefined.

! Undefined control sequence.
\enit@endenumerate ->\enit@after 
                                 \endlist \ifx \enit@series \relax \else \if...
l.1059 \end{enumerate}
                      
The control sequence at the end of the top line
of your error message was never \def'ed. If you have
misspelled it (e.g., `\hobx'), type `I' and the correct
spelling (e.g., `I\hbox'). Otherwise just continue,
and I'll forget about whatever was undefined.

! Undefined control sequence.
\enit@endenumerate ...\else \ifnum \enit@resuming 
                                                  =\@ne \enit@setresumekeys ...
l.1059 \end{enumerate}
                      
The control sequence at the end of the top line
of your error message was never \def'ed. If you have
misspelled it (e.g., `\hobx'), type `I' and the correct
spelling (e.g., `I\hbox'). Otherwise just continue,
and I'll forget about whatever was undefined.

! Missing number, treated as zero.
<to be read again> 
                   =
l.1059 \end{enumerate}
                      
A number should have been here; I inserted `0'.
(If you can't figure out why I needed to see a number,
look up `weird error' in the index to The TeXbook.)

! Undefined control sequence.
\enit@setresumekeys ...xpandafter {\enit@savekeys 
                                                  }\xdef \enit@afterlist {#2...
l.1059 \end{enumerate}
                      
The control sequence at the end of the top line
of your error message was never \def'ed. If you have
misspelled it (e.g., `\hobx'), type `I' and the correct
spelling (e.g., `I\hbox'). Otherwise just continue,
and I'll forget about whatever was undefined.

! Undefined control sequence.
\enit@endenumerate ...t \fi \ifnum \enit@resuming 
                                                  =\thr@@ \enit@setresumekey...
l.1059 \end{enumerate}
                      
The control sequence at the end of the top line
of your error message was never \def'ed. If you have
misspelled it (e.g., `\hobx'), type `I' and the correct
spelling (e.g., `I\hbox'). Otherwise just continue,
and I'll forget about whatever was undefined.

! Missing number, treated as zero.
<to be read again> 
                   =
l.1059 \end{enumerate}
                      
A number should have been here; I inserted `0'.
(If you can't figure out why I needed to see a number,
look up `weird error' in the index to The TeXbook.)

! Undefined control sequence.
\enit@setresumekeys ...xpandafter {\enit@savekeys 
                                                  }\xdef \enit@afterlist {#2...
l.1059 \end{enumerate}
                      
The control sequence at the end of the top line
of your error message was never \def'ed. If you have
misspelled it (e.g., `\hobx'), type `I' and the correct
spelling (e.g., `I\hbox'). Otherwise just continue,
and I'll forget about whatever was undefined.


! LaTeX Error: \begin{example} on input line 1054 ended by \end{enumerate}.

See the LaTeX manual or LaTeX Companion for explanation.
Type  H <return>  for immediate help.
 ...                                              
                                                  
l.1059 \end{enumerate}
                      
Your command was ignored.
Type  I <command> <return>  to replace it with another command,
or  <return>  to continue without it.

! Undefined control sequence.
l.1075 \tcblower
                
The control sequence at the end of the top line
of your error message was never \def'ed. If you have
misspelled it (e.g., `\hobx'), type `I' and the correct
spelling (e.g., `I\hbox'). Otherwise just continue,
and I'll forget about whatever was undefined.




warning  (pdf backend): ignoring duplicate destination with the name 'page.79'
[79]

! LaTeX Error: \begin{document} ended by \end{example}.

See the LaTeX manual or LaTeX Companion for explanation.
Type  H <return>  for immediate help.
 ...                                              
                                                  
l.1123 \end{example}
                    
Your command was ignored.
Type  I <command> <return>  to replace it with another command,
or  <return>  to continue without it.

! Extra \endgroup.
\end  ...end#1\endcsname \@checkend {#1}\endgroup 
                                                  \UseHook {env/#1/after}\if...
l.1123 \end{example}
                    
Things are pretty mixed up, but I think the worst is over.

! Missing $ inserted.
<inserted text> 
                $
l.1125 ...le}{Policy Gradient Computation}{policy_
                                                  gradient_calc}
I've inserted a begin-math/end-math symbol since I think
you left one out. Proceed, with fingers crossed.

! Extra }, or forgotten $.
l.1125 ...dient Computation}{policy_gradient_calc}
                                                  
I've deleted a group-closing symbol because it seems to be
spurious, as in `$x}$'. But perhaps the } is legitimate and
you forgot something else, as in `\hbox{$x}'. In such cases
the way to recover is to insert both the forgotten and the
deleted material, e.g., by typing `I$}'.


! LaTeX Error: Bad math environment delimiter.

See the LaTeX manual or LaTeX Companion for explanation.
Type  H <return>  for immediate help.
 ...                                              
                                                  
l.1127 \begin{equation}
                       
Your command was ignored.
Type  I <command> <return>  to replace it with another command,
or  <return>  to continue without it.

! You can't use `\eqno' in math mode.
\veqno ->\@kernel@eqno 
                       \aftergroup \ignorespaces 
l.1129 \end{equation}
                     
Sorry, but I'm not programmed to handle this case;
I'll just pretend that you didn't ask for it.
If you're in the wrong mode, you might be able to
return to the right one by typing `I}' or `I$' or `I\par'.

! Missing \endgroup inserted.
<inserted text> 
                \endgroup 
l.1129 \end{equation}
                     
I've inserted something that you may have forgotten.
(See the <inserted text> above.)
With luck, this will get me unwedged. But if you
really didn't forget anything, try typing `2' now; then
my insertion and my current dilemma will both disappear.


! LaTeX Error: \begin{example} on input line 1125 ended by \end{equation}.

See the LaTeX manual or LaTeX Companion for explanation.
Type  H <return>  for immediate help.
 ...                                              
                                                  
l.1129 \end{equation}
                     
Your command was ignored.
Type  I <command> <return>  to replace it with another command,
or  <return>  to continue without it.

! Missing $ inserted.
<inserted text> 
                $
l.1129 \end{equation}
                     
I've inserted something that you may have forgotten.
(See the <inserted text> above.)
With luck, this will get me unwedged. But if you
really didn't forget anything, try typing `2' now; then
my insertion and my current dilemma will both disappear.

! Missing } inserted.
<inserted text> 
                }
l.1129 \end{equation}
                     
I've inserted something that you may have forgotten.
(See the <inserted text> above.)
With luck, this will get me unwedged. But if you
really didn't forget anything, try typing `2' now; then
my insertion and my current dilemma will both disappear.


Overfull \hbox (198.92542pt too wide) in paragraph at lines 1125--1130
[][]\T1/ptm/b/n/12 Ex-am-ple 24.6. []\T1/ptm/m/n/12 Pol-icy Gra-di-ent Computati
onpolicy$[][]\OML/cmm/m/it/12 radient[]alcConsiderapolicyparameterizedassoftmaxo
vertwoactions \OT1/cmr/m/n/12 : [][][]\OML/cmm/m/it/12 []\OT1/cmr/m/n/12 (\OML
/cmm/m/it/12 a[]\OMS/cmsy/m/n/12 j\OML/cmm/m/it/12 s\OT1/cmr/m/n/12 ) =
 []

! Undefined control sequence.
l.1133 \tcblower
                
The control sequence at the end of the top line
of your error message was never \def'ed. If you have
misspelled it (e.g., `\hobx'), type `I' and the correct
spelling (e.g., `I\hbox'). Otherwise just continue,
and I'll forget about whatever was undefined.

! Undefined control sequence.
<argument>  \nabla _\theta J &= \E 
                                   _{a \sim \pi _\theta } \left [ \nabla _\t...
l.1166 \end{align}
                  
The control sequence at the end of the top line
of your error message was never \def'ed. If you have
misspelled it (e.g., `\hobx'), type `I' and the correct
spelling (e.g., `I\hbox'). Otherwise just continue,
and I'll forget about whatever was undefined.

! Undefined control sequence.
<argument>  \nabla _\theta J &= \E 
                                   _{a \sim \pi _\theta } \left [ \nabla _\t...
l.1166 \end{align}
                  
The control sequence at the end of the top line
of your error message was never \def'ed. If you have
misspelled it (e.g., `\hobx'), type `I' and the correct
spelling (e.g., `I\hbox'). Otherwise just continue,
and I'll forget about whatever was undefined.




warning  (pdf backend): ignoring duplicate destination with the name 'page.80'
[80]

! LaTeX Error: \begin{document} ended by \end{example}.

See the LaTeX manual or LaTeX Companion for explanation.
Type  H <return>  for immediate help.
 ...                                              
                                                  
l.1169 \end{example}
                    
Your command was ignored.
Type  I <command> <return>  to replace it with another command,
or  <return>  to continue without it.

! Extra \endgroup.
\end  ...end#1\endcsname \@checkend {#1}\endgroup 
                                                  \UseHook {env/#1/after}\if...
l.1169 \end{example}
                    
Things are pretty mixed up, but I think the worst is over.




warning  (pdf backend): ignoring duplicate destination with the name 'page.81'
[81]
Overfull \hbox (9.18367pt too wide) in paragraph at lines 1219--1220
[]\T1/ptm/b/n/12 RL-LQR Con-nec-tion: \T1/ptm/m/n/12 De-rive the re-la-tion-ship
 be-tween the Bell-man equa-tion and the discrete-
 []




warning  (pdf backend): ignoring duplicate destination with the name 'page.82'
[82]) (./Part_VI_Modern_AI/ch25_neural_networks.tex


warning  (pdf backend): ignoring duplicate destination with the name 'page.83'
[83

]


warning  (pdf backend): ignoring duplicate destination with the name 'page.84'
[84

]
Chapter 25.



warning  (pdf backend): ignoring duplicate destination with the name 'page.85'
[85]


warning  (pdf backend): ignoring duplicate destination with the name 'page.86'
[86]


Package fancyhdr Warning: \headheight is too small (14.5pt): 
(fancyhdr)                Make it at least 26.98592pt, for example:
(fancyhdr)                \setlength{\headheight}{26.98592pt}.
(fancyhdr)                You might also make \topmargin smaller:
(fancyhdr)                \addtolength{\topmargin}{-12.48592pt}.


warning  (pdf backend): ignoring duplicate destination with the name 'page.87'
[87]


warning  (pdf backend): ignoring duplicate destination with the name 'page.88'
[88]


warning  (pdf backend): ignoring duplicate destination with the name 'page.89'
[89]

LaTeX Warning: Reference `ch:mpc' on page 90 undefined on input line 222.




warning  (pdf backend): ignoring duplicate destination with the name 'page.90'
[90]


Package fancyhdr Warning: \headheight is too small (14.5pt): 
(fancyhdr)                Make it at least 26.98592pt, for example:
(fancyhdr)                \setlength{\headheight}{26.98592pt}.
(fancyhdr)                You might also make \topmargin smaller:
(fancyhdr)                \addtolength{\topmargin}{-12.48592pt}.


warning  (pdf backend): ignoring duplicate destination with the name 'page.91'
[91]
Overfull \hbox (13.35683pt too wide) in paragraph at lines 363--364
 [][] 
 []




warning  (pdf backend): ignoring duplicate destination with the name 'page.92'
[92]


Package fancyhdr Warning: \headheight is too small (14.5pt): 
(fancyhdr)                Make it at least 26.98592pt, for example:
(fancyhdr)                \setlength{\headheight}{26.98592pt}.
(fancyhdr)                You might also make \topmargin smaller:
(fancyhdr)                \addtolength{\topmargin}{-12.48592pt}.


warning  (pdf backend): ignoring duplicate destination with the name 'page.93'
[93]


warning  (pdf backend): ignoring duplicate destination with the name 'page.94'
[94]


Package fancyhdr Warning: \headheight is too small (14.5pt): 
(fancyhdr)                Make it at least 26.98592pt, for example:
(fancyhdr)                \setlength{\headheight}{26.98592pt}.
(fancyhdr)                You might also make \topmargin smaller:
(fancyhdr)                \addtolength{\topmargin}{-12.48592pt}.


warning  (pdf backend): ignoring duplicate destination with the name 'page.95'
[95]


warning  (pdf backend): ignoring duplicate destination with the name 'page.96'
[96]


Package fancyhdr Warning: \headheight is too small (14.5pt): 
(fancyhdr)                Make it at least 26.98592pt, for example:
(fancyhdr)                \setlength{\headheight}{26.98592pt}.
(fancyhdr)                You might also make \topmargin smaller:
(fancyhdr)                \addtolength{\topmargin}{-12.48592pt}.


warning  (pdf backend): ignoring duplicate destination with the name 'page.97'
[97]


warning  (pdf backend): ignoring duplicate destination with the name 'page.98'
[98]


warning  (pdf backend): ignoring duplicate destination with the name 'page.99'
[99]


warning  (pdf backend): ignoring duplicate destination with the name 'page.100'
[100]


warning  (pdf backend): ignoring duplicate destination with the name 'page.101'
[101]


warning  (pdf backend): ignoring duplicate destination with the name 'page.102'
[102]


warning  (pdf backend): ignoring duplicate destination with the name 'page.103'
[103]


warning  (pdf backend): ignoring duplicate destination with the name 'page.104'
[104]


warning  (pdf backend): ignoring duplicate destination with the name 'page.105'
[105]


warning  (pdf backend): ignoring duplicate destination with the name 'page.106'
[106]


warning  (pdf backend): ignoring duplicate destination with the name 'page.107'
[107]


warning  (pdf backend): ignoring duplicate destination with the name 'page.108'
[108]
Overfull \hbox (2.49982pt too wide) in paragraph at lines 1335--1336
\T1/ptm/b/n/12 Prob-lem: \T1/ptm/m/n/12 Train a neu-ral net-work to ap-prox-i-ma
te the non-lin-ear func-tion $\OML/cmm/m/it/12 f\OT1/cmr/m/n/12 (\OML/cmm/m/it/
12 x\OT1/cmr/m/n/12 ) = [](\OML/cmm/m/it/12 x\OT1/cmr/m/n/12 ) + 0\OML/cmm/m/it
/12 :\OT1/cmr/m/n/12 5 [](3\OML/cmm/m/it/12 x\OT1/cmr/m/n/12 )$
 []




warning  (pdf backend): ignoring duplicate destination with the name 'page.109'
[109]


warning  (pdf backend): ignoring duplicate destination with the name 'page.110'
[110]


warning  (pdf backend): ignoring duplicate destination with the name 'page.111'
[111]


warning  (pdf backend): ignoring duplicate destination with the name 'page.112'
[112]


warning  (pdf backend): ignoring duplicate destination with the name 'page.113'
[113]


warning  (pdf backend): ignoring duplicate destination with the name 'page.114'
[114]

! LaTeX Error: \begin{document} ended by \end{chapter}.

See the LaTeX manual or LaTeX Companion for explanation.
Type  H <return>  for immediate help.
 ...                                              
                                                  
l.1614 \end{chapter}
                    
Your command was ignored.
Type  I <command> <return>  to replace it with another command,
or  <return>  to continue without it.

! Extra \endgroup.
\end  ...end#1\endcsname \@checkend {#1}\endgroup 
                                                  \UseHook {env/#1/after}\if...
l.1614 \end{chapter}
                    
Things are pretty mixed up, but I think the worst is over.

) (./Part_VI_Modern_AI/ch26_robustness.tex


warning  (pdf backend): ignoring duplicate destination with the name 'page.115'
[115]


warning  (pdf backend): ignoring duplicate destination with the name 'page.116'
[116

]
Chapter 26.



warning  (pdf backend): ignoring duplicate destination with the name 'page.117'
[117]


warning  (pdf backend): ignoring duplicate destination with the name 'page.118'
[118

]
! Undefined control sequence.
\abstract ...pos }\abstractnamefont \abstractname 
                                                  \@endparpenalty \@M \end \...
l.8 \begin{abstract}
                    
The control sequence at the end of the top line
of your error message was never \def'ed. If you have
misspelled it (e.g., `\hobx'), type `I' and the correct
spelling (e.g., `I\hbox'). Otherwise just continue,
and I'll forget about whatever was undefined.




warning  (pdf backend): ignoring duplicate destination with the name 'page.1'
[1]
Overfull \hbox (8.03194pt too wide) in paragraph at lines 49--50
\T1/ptm/m/n/12 fore it be-comes un-sta-ble?'' This shift in perspective---from 
bi-nary sta-bil-ity to quan-ti-fied robustness---
 []




warning  (pdf backend): ignoring duplicate destination with the name 'page.2'
[2]
Missing character: There is no ° (U+00B0) in font cmr12!
Missing character: There is no ° (U+00B0) in font cmr12!
Missing character: There is no ° (U+00B0) in font cmr12!
Missing character: There is no ° (U+00B0) in font cmr12!



warning  (pdf backend): ignoring duplicate destination with the name 'page.3'
[3]

Package hyperref Warning: Token not allowed in a PDF string (Unicode):
(hyperref)                removing `math shift' on input line 90.


Package hyperref Warning: Token not allowed in a PDF string (Unicode):
(hyperref)                removing `subscript' on input line 90.


Package hyperref Warning: Token not allowed in a PDF string (Unicode):
(hyperref)                removing `\infty' on input line 90.


Package hyperref Warning: Token not allowed in a PDF string (Unicode):
(hyperref)                removing `math shift' on input line 90.




warning  (pdf backend): ignoring duplicate destination with the name 'page.4'
[4]


warning  (pdf backend): ignoring duplicate destination with the name 'page.5'
[5]


warning  (pdf backend): ignoring duplicate destination with the name 'page.6'
[6]


warning  (pdf backend): ignoring duplicate destination with the name 'page.7'
[7]


warning  (pdf backend): ignoring duplicate destination with the name 'page.8'
[8]


warning  (pdf backend): ignoring duplicate destination with the name 'page.9'
[9]


warning  (pdf backend): ignoring duplicate destination with the name 'page.10'
[10]
Package pgfplots info on input line 471: Using 'lua backend=false' for axis: xm
ode=log unsupported (yet).
Package pgfplots info on input line 471: Using 'lua backend=false' for axis: ym
ode=log unsupported (yet).



warning  (pdf backend): ignoring duplicate destination with the name 'page.11'
[11]
Missing character: There is no ° (U+00B0) in font cmr12!

Package hyperref Warning: Token not allowed in a PDF string (Unicode):
(hyperref)                removing `math shift' on input line 524.


Package hyperref Warning: Token not allowed in a PDF string (Unicode):
(hyperref)                removing `subscript' on input line 524.


Package hyperref Warning: Token not allowed in a PDF string (Unicode):
(hyperref)                removing `\infty' on input line 524.


Package hyperref Warning: Token not allowed in a PDF string (Unicode):
(hyperref)                removing `math shift' on input line 524.




warning  (pdf backend): ignoring duplicate destination with the name 'page.12'
[12]


warning  (pdf backend): ignoring duplicate destination with the name 'page.13'
[13]

Package hyperref Warning: Token not allowed in a PDF string (Unicode):
(hyperref)                removing `math shift' on input line 636.


Package hyperref Warning: Token not allowed in a PDF string (Unicode):
(hyperref)                removing `\mu' on input line 636.


Package hyperref Warning: Token not allowed in a PDF string (Unicode):
(hyperref)                removing `math shift' on input line 636.

Missing character: There is no ° (U+00B0) in font cmr12!



warning  (pdf backend): ignoring duplicate destination with the name 'page.14'
[14]


warning  (pdf backend): ignoring duplicate destination with the name 'page.15'
[15]


warning  (pdf backend): ignoring duplicate destination with the name 'page.16'
[16]
Underfull \vbox (badness 10000) has occurred while \output is active []




warning  (pdf backend): ignoring duplicate destination with the name 'page.17'
[17]
Missing character: There is no ° (U+00B0) in font cmr12!
Missing character: There is no ° (U+00B0) in font cmr12!



warning  (pdf backend): ignoring duplicate destination with the name 'page.18'
[18]


warning  (pdf backend): ignoring duplicate destination with the name 'page.19'
[19]


warning  (pdf backend): ignoring duplicate destination with the name 'page.20'
[20]


warning  (pdf backend): ignoring duplicate destination with the name 'page.21'
[21]
Missing character: There is no ° (U+00B0) in font cmr12!
Missing character: There is no ° (U+00B0) in font cmr12!
Missing character: There is no ° (U+00B0) in font cmr12!
Missing character: There is no ° (U+00B0) in font cmr12!
Missing character: There is no ° (U+00B0) in font cmr12!
Missing character: There is no ° (U+00B0) in font cmr12!
Missing character: There is no ° (U+00B0) in font cmr12!
Missing character: There is no ° (U+00B0) in font cmr12!
Missing character: There is no ° (U+00B0) in font cmr12!
Missing character: There is no ° (U+00B0) in font cmr12!
Missing character: There is no ° (U+00B0) in font cmr12!
Missing character: There is no ° (U+00B0) in font cmr12!
Missing character: There is no ° (U+00B0) in font cmr12!
Missing character: There is no ° (U+00B0) in font cmr12!
Missing character: There is no ° (U+00B0) in font cmr12!
Missing character: There is no ° (U+00B0) in font cmr12!



warning  (pdf backend): ignoring duplicate destination with the name 'page.22'
[22]
Missing character: There is no ° (U+00B0) in font cmr12!
Missing character: There is no ° (U+00B0) in font cmr12!
Missing character: There is no ° (U+00B0) in font cmr12!
Missing character: There is no ° (U+00B0) in font cmr12!
Missing character: There is no ° (U+00B0) in font cmr12!
Missing character: There is no ° (U+00B0) in font cmr12!
Missing character: There is no ° (U+00B0) in font cmr12!
Missing character: There is no ° (U+00B0) in font cmr12!
Missing character: There is no ° (U+00B0) in font cmr12!
Missing character: There is no ° (U+00B0) in font cmr12!
Missing character: There is no ° (U+00B0) in font cmr12!
Missing character: There is no ° (U+00B0) in font cmr12!



warning  (pdf backend): ignoring duplicate destination with the name 'page.23'
[23]
Missing character: There is no ° (U+00B0) in font cmr12!
Missing character: There is no ° (U+00B0) in font cmr12!
Missing character: There is no ° (U+00B0) in font cmr12!
Missing character: There is no ° (U+00B0) in font cmr12!
Missing character: There is no ° (U+00B0) in font cmr12!
Missing character: There is no ° (U+00B0) in font cmr12!
Missing character: There is no ° (U+00B0) in font cmr12!
Missing character: There is no ° (U+00B0) in font cmr12!
Missing character: There is no ° (U+00B0) in font cmr12!
Missing character: There is no ° (U+00B0) in font cmr12!
Missing character: There is no ° (U+00B0) in font cmr12!
Missing character: There is no ° (U+00B0) in font cmr12!



warning  (pdf backend): ignoring duplicate destination with the name 'page.24'
[24]


warning  (pdf backend): ignoring duplicate destination with the name 'page.25'
[25]
Package pgfplots info on input line 1411: Using 'lua backend=false' for axis: x
mode=log unsupported (yet).
Package pgfplots info on input line 1411: Using 'lua backend=false' for axis: y
mode=log unsupported (yet).



warning  (pdf backend): ignoring duplicate destination with the name 'page.26'
[26]


warning  (pdf backend): ignoring duplicate destination with the name 'page.27'
[27]


warning  (pdf backend): ignoring duplicate destination with the name 'page.28'
[28]
Overfull \hbox (4.51396pt too wide) in paragraph at lines 1520--1521
[]\T1/ptm/b/n/12 Mar-gins from Bode Plot\T1/ptm/m/n/12 : For a sys-tem with loop
 trans-fer func-tion $\OML/cmm/m/it/12 L\OT1/cmr/m/n/12 (\OML/cmm/m/it/12 s\OT1
/cmr/m/n/12 ) = []$\T1/ptm/m/n/12 ,
 []




warning  (pdf backend): ignoring duplicate destination with the name 'page.29'
[29]
Overfull \hbox (4.22699pt too wide) in paragraph at lines 1524--1525
[]\T1/ptm/b/n/12 Mul-ti-plica-tive Un-cer-tainty\T1/ptm/m/n/12 : A plant has mul
-ti-plica-tive un-cer-tainty weight $\OML/cmm/m/it/12 W[]\OT1/cmr/m/n/12 (\OML/
cmm/m/it/12 s\OT1/cmr/m/n/12 ) = []$\T1/ptm/m/n/12 .
 []

Missing character: There is no ° (U+00B0) in font cmr12!
)


warning  (pdf backend): ignoring duplicate destination with the name 'page.30'
[30]
No file main_textbook.bbl.
(./main_textbook.aux)
 ***********
LaTeX2e <2024-11-01> patch level 2
L3 programming layer <2025-01-18>
 ***********


LaTeX Warning: There were undefined references.


LaTeX Warning: There were multiply-defined labels.

Package rerunfilecheck Info: File `main_textbook.out' has not changed.
(rerunfilecheck)             Checksum: E3BFA92587E4E15AF5B429DA37E86D8F;175670.

)

Here is how much of LuaTeX's memory you used:
 83056 strings out of 475506
 3557279,4101490 words of node,token memory allocated
 2451838 words of node memory still in use:
   52970 hlist, 557 vlist, 24967 rule, 90 mark, 12009 disc, 1355 local_par, 1851
 math, 56642 glue, 53600 kern, 5753 penalty, 96 sub_mlist, 108664 glyph, 32487 a
ttribute, 65 glue_spec, 32487 attribute_list, 357 write, 1528 pdf_literal, 6 pdf
_start_link, 6 pdf_end_link, 873 pdf_dest, 6 pdf_action, 1322 pdf_colorstack nod
es
   avail lists: 1:1,2:8450,3:7264,4:1000,5:16546,6:108,7:33626,8:109,9:29884,10:
42,11:1113
 97480 multiletter control sequences out of 65536+600000
 132 fonts using 8850735 bytes
 84i,21n,84p,874b,2627s stack positions out of 10000i,1000n,20000p,200000b,200000s

warning  (pdf backend): unreferenced destination with name 'cite.black1934'
{/usr/local/texlive/2025/texmf-dist/fonts/enc/dvips/base/8r.enc}</usr/local/texl
ive/2025/texmf-dist/fonts/type1/public/amsfonts/cm/cmbsy10.pfb></usr/local/texli
ve/2025/texmf-dist/fonts/type1/public/amsfonts/cm/cmbx10.pfb></usr/local/texlive
/2025/texmf-dist/fonts/type1/public/amsfonts/cm/cmbx12.pfb></usr/local/texlive/2
025/texmf-dist/fonts/type1/public/amsfonts/cm/cmbx8.pfb></usr/local/texlive/2025
/texmf-dist/fonts/type1/public/amsfonts/cm/cmex10.pfb></usr/local/texlive/2025/t
exmf-dist/fonts/type1/public/amsfonts/cmextra/cmex8.pfb></usr/local/texlive/2025
/texmf-dist/fonts/type1/public/amsfonts/cm/cmmi10.pfb></usr/local/texlive/2025/t
exmf-dist/fonts/type1/public/amsfonts/cm/cmmi12.pfb></usr/local/texlive/2025/tex
mf-dist/fonts/type1/public/amsfonts/cm/cmmi5.pfb></usr/local/texlive/2025/texmf-
dist/fonts/type1/public/amsfonts/cm/cmmi6.pfb></usr/local/texlive/2025/texmf-dis
t/fonts/type1/public/amsfonts/cm/cmmi8.pfb></usr/local/texlive/2025/texmf-dist/f
onts/type1/public/amsfonts/cm/cmmib10.pfb></usr/local/texlive/2025/texmf-dist/fo
nts/type1/public/amsfonts/cmextra/cmmib8.pfb></usr/local/texlive/2025/texmf-dist
/fonts/type1/public/amsfonts/cm/cmr10.pfb></usr/local/texlive/2025/texmf-dist/fo
nts/type1/public/amsfonts/cm/cmr12.pfb></usr/local/texlive/2025/texmf-dist/fonts
/type1/public/amsfonts/cm/cmr6.pfb></usr/local/texlive/2025/texmf-dist/fonts/typ
e1/public/amsfonts/cm/cmr8.pfb></usr/local/texlive/2025/texmf-dist/fonts/type1/p
ublic/amsfonts/cm/cmsy10.pfb></usr/local/texlive/2025/texmf-dist/fonts/type1/pub
lic/amsfonts/cm/cmsy6.pfb></usr/local/texlive/2025/texmf-dist/fonts/type1/public
/amsfonts/cm/cmsy8.pfb></usr/local/texlive/2025/texmf-dist/fonts/type1/public/am
sfonts/cm/cmtt10.pfb></usr/local/texlive/2025/texmf-dist/fonts/type1/public/amsf
onts/symbols/msam10.pfb></usr/local/texlive/2025/texmf-dist/fonts/type1/public/a
msfonts/symbols/msbm10.pfb></usr/local/texlive/2025/texmf-dist/fonts/type1/urw/c
ourier/ucrr8a.pfb></usr/local/texlive/2025/texmf-dist/fonts/type1/urw/times/utmb
8a.pfb></usr/local/texlive/2025/texmf-dist/fonts/type1/urw/times/utmbi8a.pfb></u
sr/local/texlive/2025/texmf-dist/fonts/type1/urw/times/utmr8a.pfb></usr/local/te
xlive/2025/texmf-dist/fonts/type1/urw/times/utmri8a.pfb>
Output written on main_textbook.pdf (644 pages, 2636170 bytes).

PDF statistics: 12895 PDF objects out of 15390 (max. 8388607)
 12076 compressed objects within 121 object streams
 7060 named destinations out of 7423 (max. 131072)
 6535 words of extra memory for PDF output out of 10000 (max. 100000000)

